url,timestamp,label,source,domain_age_days,has_ssl,ssl_issuer,ssl_issuer_is_free,registrar,whois_available,registration_period_days,country
http://finance.yahoo.com/q?s=nok,2023-01-01 00:00:00+00:00,0,kaggle,-1,0,unknown,0,unknown,0,-1,unknown
https://techviral.net/malware-spreading-via-ppts/,2023-01-01 00:00:00+00:00,0,kaggle,-1,0,unknown,0,unknown,0,-1,unknown
https://www.bangbuzz.fr/tag/netflix/,2023-01-01 00:00:00+00:00,1,kaggle,-1,0,unknown,0,unknown,0,-1,unknown
https://www.youtube.com/watch?v=ldzcq3vukjs,2023-01-01 00:00:00+00:00,0,kaggle,-1,0,unknown,0,unknown,0,-1,unknown
https://herbpathy.com/uses-and-benefits-of-mimosa-pudica-cid917,2023-01-01 00:00:00+00:00,0,kaggle,-1,0,unknown,0,unknown,0,-1,unknown
http://wattpadsecure.000webhostapp.com/,2023-01-01 00:00:00+00:00,1,kaggle,-1,0,unknown,0,unknown,0,-1,unknown
http://shadetreetechnology.com/v4/validation/2efea5f4177af4066f8593681535275a,2023-01-01 00:00:00+00:00,1,kaggle,-1,0,unknown,0,unknown,0,-1,unknown
https://what-appinvited01.2waky.com/,2023-01-01 00:00:00+00:00,1,kaggle,-1,0,unknown,0,unknown,0,-1,unknown
http://stolizaparketa.ru/wp-content/themes/twentyfifteen/css/read/chinavali/index.php?email=paul@radiosystems.dabsol.co.uk/,2023-01-01 00:00:00+00:00,1,kaggle,-1,0,unknown,0,unknown,0,-1,unknown
http://xo.eebilll.com/,2023-01-02 00:00:00+00:00,1,kaggle,-1,0,unknown,0,unknown,0,-1,unknown
http://expandedramblings.com/index.php/linkedin-job-statistics/,2023-01-02 00:00:00+00:00,0,kaggle,-1,0,unknown,0,unknown,0,-1,unknown
http://www.urbandictionary.com/define.php?term=ping,2023-01-02 00:00:00+00:00,0,kaggle,-1,0,unknown,0,unknown,0,-1,unknown
https://www.intuilab.com/digital-signage-software,2023-01-02 00:00:00+00:00,0,kaggle,-1,0,unknown,0,unknown,0,-1,unknown
http://www.fogscreen.com/,2023-01-02 00:00:00+00:00,0,kaggle,-1,0,unknown,0,unknown,0,-1,unknown
http://wood-be-nice.co.uk,2023-01-03 00:00:00+00:00,0,kaggle,-1,0,unknown,0,unknown,0,-1,unknown
https://careers.vic.gov.au/career-pathways/graduates-1914,2023-01-03 00:00:00+00:00,0,kaggle,-1,0,unknown,0,unknown,0,-1,unknown
http://www.eaglecounty.us/default.aspx,2023-01-03 00:00:00+00:00,0,kaggle,-1,0,unknown,0,unknown,0,-1,unknown
http://paypal.co.uk.session23406304fd15e72e65304c141af8898f117.33s3.smoz.us/0-0/106304fd15e72e65304c141af8898f117/,2023-01-03 00:00:00+00:00,1,kaggle,-1,0,unknown,0,unknown,0,-1,unknown
https://www.managementtoday.co.uk/,2023-01-03 00:00:00+00:00,0,kaggle,-1,0,unknown,0,unknown,0,-1,unknown
https://www.oboicity.ru/,2023-01-03 00:00:00+00:00,0,kaggle,-1,0,unknown,0,unknown,0,-1,unknown
https://engineering.purdue.edu/dcsl/reading/2005/stateful_firewalls.pdf,2023-01-03 00:00:00+00:00,0,kaggle,-1,0,unknown,0,unknown,0,-1,unknown
http://sites.fas.harvard.edu/~biotext/animations/replication1.swf,2023-01-03 00:00:00+00:00,0,kaggle,-1,0,unknown,0,unknown,0,-1,unknown
http://stikkers.mcdir.ru,2023-01-03 00:00:00+00:00,1,kaggle,-1,0,unknown,0,unknown,0,-1,unknown
http://www.brighthub.com/environment/green-computing/articles/66417.aspx,2023-01-04 00:00:00+00:00,0,kaggle,-1,0,unknown,0,unknown,0,-1,unknown
http://www.wikihow.com/reset-a-linksys-router,2023-01-04 00:00:00+00:00,0,kaggle,-1,0,unknown,0,unknown,0,-1,unknown
http://www.healthrid.org/,2023-01-04 00:00:00+00:00,0,kaggle,-1,0,unknown,0,unknown,0,-1,unknown
http://savageconquest.com/mailbox_upgrade/en.php,2023-01-04 00:00:00+00:00,1,kaggle,-1,0,unknown,0,unknown,0,-1,unknown
http://business-english.com.pl,2023-01-04 00:00:00+00:00,0,kaggle,-1,0,unknown,0,unknown,0,-1,unknown
http://setuprouter.com/router/smartrg/sr500n/manual-1242.pdf,2023-01-05 00:00:00+00:00,0,kaggle,-1,0,unknown,0,unknown,0,-1,unknown
http://www.businessmate.org/article.php?artikelid=182,2023-01-05 00:00:00+00:00,0,kaggle,-1,0,unknown,0,unknown,0,-1,unknown
http://thefarmmembers.org/fammers/google_doc/secure%20login.htm,2023-01-05 00:00:00+00:00,1,kaggle,-1,0,unknown,0,unknown,0,-1,unknown
https://www.latam.com/en_us/,2023-01-05 00:00:00+00:00,0,kaggle,-1,0,unknown,0,unknown,0,-1,unknown
https://www.provenancevineyards.com/our-wines,2023-01-06 00:00:00+00:00,0,kaggle,-1,0,unknown,0,unknown,0,-1,unknown
http://routertablereviews.net/,2023-01-06 00:00:00+00:00,0,kaggle,-1,0,unknown,0,unknown,0,-1,unknown
https://iustrandellda.blogspot.com/2018/12/xavier.html,2023-01-06 00:00:00+00:00,1,kaggle,-1,0,unknown,0,unknown,0,-1,unknown
http://www.used-auto-transmissions.com/usedtransmissionsales/index.html,2023-01-06 00:00:00+00:00,0,kaggle,-1,0,unknown,0,unknown,0,-1,unknown
http://www.wwwxjj9988.com/index.php,2023-01-06 00:00:00+00:00,1,kaggle,-1,0,unknown,0,unknown,0,-1,unknown
https://www.afternic.com/forsale/vendedorhinode.com?utm_source=tdfs_daslnc&utm_medium=daslnc&utm_campaign=tdfs_daslnc&traffic_type=tdfs_daslnc&traffic_id=daslnc&,2023-01-06 00:00:00+00:00,0,kaggle,-1,0,unknown,0,unknown,0,-1,unknown
http://www.yourdictionary.com/dynasty,2023-01-07 00:00:00+00:00,0,kaggle,-1,0,unknown,0,unknown,0,-1,unknown
http://www.wordstream.com/articles/internet-search-engines-history,2023-01-07 00:00:00+00:00,0,kaggle,-1,0,unknown,0,unknown,0,-1,unknown
http://yourbusiness.azcentral.com/disadvantages-proprietary-software-22441.html,2023-01-07 00:00:00+00:00,0,kaggle,-1,0,unknown,0,unknown,0,-1,unknown
http://evrognosi.gr/domains/evrognosi/images/de/,2023-01-07 00:00:00+00:00,1,kaggle,-1,0,unknown,0,unknown,0,-1,unknown
http://paypal-support-help-inc.blogspot.com/,2023-01-07 00:00:00+00:00,1,kaggle,-1,0,unknown,0,unknown,0,-1,unknown
http://www.consul.ru/,2023-01-07 00:00:00+00:00,0,kaggle,-1,0,unknown,0,unknown,0,-1,unknown
https://www.pnta.com/,2023-01-07 00:00:00+00:00,0,kaggle,-1,0,unknown,0,unknown,0,-1,unknown
http://whatis.techtarget.com/definition/font,2023-01-07 00:00:00+00:00,0,kaggle,-1,0,unknown,0,unknown,0,-1,unknown
http://facebook.id128-sync.com/login.php,2023-01-08 00:00:00+00:00,1,kaggle,-1,0,unknown,0,unknown,0,-1,unknown
https://www.kisa.link/url_redirector.php?url=lmac,2023-01-08 00:00:00+00:00,1,kaggle,-1,0,unknown,0,unknown,0,-1,unknown
http://4666.co.kr/webpage,2023-01-08 00:00:00+00:00,1,kaggle,-1,0,unknown,0,unknown,0,-1,unknown
https://mlpforums.com/topic/119923-discovery-family-in-hd/,2023-01-08 00:00:00+00:00,0,kaggle,-1,0,unknown,0,unknown,0,-1,unknown
https://www.visitparkcity.com/,2023-01-09 00:00:00+00:00,0,kaggle,-1,0,unknown,0,unknown,0,-1,unknown
https://en.wikipedia.org/wiki/medium_shot,2023-01-09 00:00:00+00:00,0,kaggle,-1,0,unknown,0,unknown,0,-1,unknown
http://www.cndoubleegret.com/admin/secure/cmd-login=688fe4912f76e3cb3ce51b2363d97b20/?reff=mjg1owixmzawywjmm2zjnji0ymfhztk0mde3zjywzgu=&amp;user=abuse@iveco.com,2023-01-09 00:00:00+00:00,1,kaggle,-1,0,unknown,0,unknown,0,-1,unknown
http://www.fontna.com/,2023-01-09 00:00:00+00:00,0,kaggle,-1,0,unknown,0,unknown,0,-1,unknown
http://www.boysfuns.com/,2023-01-09 00:00:00+00:00,0,kaggle,-1,0,unknown,0,unknown,0,-1,unknown
https://www.tumblr.com/safe-mode?url=http%3a%2f%2fel-rincon-del-gordo.tumblr.com%2f,2023-01-09 00:00:00+00:00,0,kaggle,-1,0,unknown,0,unknown,0,-1,unknown
https://leeesoft.ru/weds/w6jj2svw0ljt39.32.60.234af34f1ba42522e9af559cd8b4ff32c71fc0648abf8456639ac45476b61c6486cpakistanasiapkas04-08-202002-39-44am/?key=w6jj2svw0ljt39.32.60.234af34f1ba42522e9af559cd8b4ff32c71fc0648abf8456639ac45476b61c6486cpakistanasiapkas04-08-202002-39-44am&rand=16lnboxlightespn_w6jj2svw0ljt39.32.60.234af34f1ba42522e9af559cd8b4ff32c71fc0648abf8456639ac45476b61c6486cpakistanasiapkas04-08-202002-39-44am_vzzkajjzdncwtgpu-&af34f1ba42522e9af559cd8b4ff32c71fc0648abf,2023-01-10 00:00:00+00:00,1,kaggle,-1,0,unknown,0,unknown,0,-1,unknown
http://www.caviarkelp.com/adobe/acrobat/error.php,2023-01-10 00:00:00+00:00,1,kaggle,-1,0,unknown,0,unknown,0,-1,unknown
https://ftp-mac.com/,2023-01-10 00:00:00+00:00,0,kaggle,-1,0,unknown,0,unknown,0,-1,unknown
https://www.secureupdate.appleld.com.duilawyeryork.com/ap/a4db6483c1ad97a?cmd=_update&dispatch=a4db6483c1ad97a52&locale=_us,2023-01-10 00:00:00+00:00,1,kaggle,-1,0,unknown,0,unknown,0,-1,unknown
http://onager.co.kr/wp-admin/excel2/index.php,2023-01-10 00:00:00+00:00,1,kaggle,-1,0,unknown,0,unknown,0,-1,unknown
https://www.facebook.com/discfamily/,2023-01-10 00:00:00+00:00,0,kaggle,-1,0,unknown,0,unknown,0,-1,unknown
https://www.policyplanner.com/verificaciones-netflix.com.ar,2023-01-10 00:00:00+00:00,1,kaggle,-1,0,unknown,0,unknown,0,-1,unknown
http://www.dictionarist.com/english-english/sonar,2023-01-11 00:00:00+00:00,0,kaggle,-1,0,unknown,0,unknown,0,-1,unknown
https://www.dhd24.com/,2023-01-11 00:00:00+00:00,0,kaggle,-1,0,unknown,0,unknown,0,-1,unknown
http://www.mdcp.com/industry-focus/financial-services/index.html,2023-01-11 00:00:00+00:00,0,kaggle,-1,0,unknown,0,unknown,0,-1,unknown
http://www.moreprocess.com/operating-systems/contiguous-linked-list-storage-allocation-of-files-using-fat-file-allocation-table-i-nodes,2023-01-11 00:00:00+00:00,0,kaggle,-1,0,unknown,0,unknown,0,-1,unknown
http://diskbae.com/s/online,2023-01-12 00:00:00+00:00,1,kaggle,-1,0,unknown,0,unknown,0,-1,unknown
http://20200803102459-dot-sgn-hi0-wrk.appspot.com/,2023-01-12 00:00:00+00:00,1,kaggle,-1,0,unknown,0,unknown,0,-1,unknown
http://www.powershow.com/view1/1aa74e-zdc1z/passive_optical_network_powerpoint_ppt_presentation,2023-01-12 00:00:00+00:00,0,kaggle,-1,0,unknown,0,unknown,0,-1,unknown
https://www.youtube.com/watch?v=qzrczv54784,2023-01-12 00:00:00+00:00,0,kaggle,-1,0,unknown,0,unknown,0,-1,unknown
http://urbain-studio-design.com/blog/profile/,2023-01-12 00:00:00+00:00,1,kaggle,-1,0,unknown,0,unknown,0,-1,unknown
http://www.dofactory.com/net/adapter-design-pattern,2023-01-13 00:00:00+00:00,0,kaggle,-1,0,unknown,0,unknown,0,-1,unknown
https://www.drivereasy.com/knowledge/solved-bluetooth-peripheral-device-driver-not-found-error-on-windows-7-vista/,2023-01-13 00:00:00+00:00,0,kaggle,-1,0,unknown,0,unknown,0,-1,unknown
https://www.ticketcity.com/tennis/australian-open-tennis-tickets.html,2023-01-13 00:00:00+00:00,0,kaggle,-1,0,unknown,0,unknown,0,-1,unknown
http://reference.medscape.com/calculator/cardiac-output,2023-01-14 00:00:00+00:00,0,kaggle,-1,0,unknown,0,unknown,0,-1,unknown
http://saigonsportcity.com/wp-content/plugins/chasesupdate/,2023-01-14 00:00:00+00:00,1,kaggle,-1,0,unknown,0,unknown,0,-1,unknown
https://www.greenbook.org/marketing-research/examples-market-segmentation,2023-01-14 00:00:00+00:00,0,kaggle,-1,0,unknown,0,unknown,0,-1,unknown
http://78.143.96.35/wordpress/gam/index.php?bidderblocklogin&amp;hc=1&amp;hm=uk`1d72f%20j2b2vi&lt;265bidderblocklogin&amp;hc=1&amp;hm=uk`1d72f%20j2b2vi&lt;265bidderblocklogin&amp;hc=1&amp;hm=uk`1d72f%20j2b2vi&lt;265,2023-01-15 00:00:00+00:00,1,kaggle,-1,0,unknown,0,unknown,0,-1,unknown
https://pt.cam.exposed/,2023-01-15 00:00:00+00:00,1,kaggle,-1,0,unknown,0,unknown,0,-1,unknown
http://levieuxsinge.com/ic,2023-01-15 00:00:00+00:00,1,kaggle,-1,0,unknown,0,unknown,0,-1,unknown
http://www.pay-pal-deutschland.zxc301.com/029188,2023-01-15 00:00:00+00:00,1,kaggle,-1,0,unknown,0,unknown,0,-1,unknown
https://www.equestriadaily.com/2016/07/discovery-family-hosting-vote-for.html,2023-01-15 00:00:00+00:00,0,kaggle,-1,0,unknown,0,unknown,0,-1,unknown
http://pay-pai-securty-verifyi-accunt-cmd.agr.ng/users/login.id-39566/,2023-01-16 00:00:00+00:00,1,kaggle,-1,0,unknown,0,unknown,0,-1,unknown
http://139.59.201.27/banks/national/98e8eaceadbad3aa9ee97edf8582f54c/,2023-01-16 00:00:00+00:00,1,kaggle,-1,0,unknown,0,unknown,0,-1,unknown
https://www.govcert.cz/,2023-01-16 00:00:00+00:00,0,kaggle,-1,0,unknown,0,unknown,0,-1,unknown
https://www.bose.fi/fi_fi/index.html,2023-01-16 00:00:00+00:00,0,kaggle,-1,0,unknown,0,unknown,0,-1,unknown
http://interestingfurniture.com/img/create/,2023-01-17 00:00:00+00:00,1,kaggle,-1,0,unknown,0,unknown,0,-1,unknown
https://www.123formbuilder.com/form-4850478/,2023-01-17 00:00:00+00:00,1,kaggle,-1,0,unknown,0,unknown,0,-1,unknown
https://www.gog.com/movie/the_gamers_directors_cut,2023-01-17 00:00:00+00:00,0,kaggle,-1,0,unknown,0,unknown,0,-1,unknown
http://www.esecurityplanet.com/network-security/application-firewalls.html,2023-01-17 00:00:00+00:00,0,kaggle,-1,0,unknown,0,unknown,0,-1,unknown
https://www.universonline.it/,2023-01-17 00:00:00+00:00,0,kaggle,-1,0,unknown,0,unknown,0,-1,unknown
http://www.nintendo.com/search/,2023-01-17 00:00:00+00:00,0,kaggle,-1,0,unknown,0,unknown,0,-1,unknown
https://en.wikipedia.org/wiki/nice,2023-01-17 00:00:00+00:00,0,kaggle,-1,0,unknown,0,unknown,0,-1,unknown
https://www.timberland.ch/,2023-01-17 00:00:00+00:00,0,kaggle,-1,0,unknown,0,unknown,0,-1,unknown
https://poravkino.ru:443/,2023-01-17 00:00:00+00:00,0,kaggle,-1,0,unknown,0,unknown,0,-1,unknown
http://tcfeckne.firebaseapp.com/,2023-01-18 00:00:00+00:00,1,kaggle,-1,0,unknown,0,unknown,0,-1,unknown
http://support-appleld.com.secureupdate.duilawyeryork.com/ap/3c1cc07f29dd0f6/?cmd=_update&dispatch=3c1cc07f29dd0f645&locale=_us,2023-01-18 00:00:00+00:00,1,kaggle,-1,0,unknown,0,unknown,0,-1,unknown
http://qubectravel.com/bpm44/login.html,2023-01-18 00:00:00+00:00,1,kaggle,-1,0,unknown,0,unknown,0,-1,unknown
https://www.gcflearnfree.org/computerbasics/basic-parts-of-a-computer/1/,2023-01-18 00:00:00+00:00,0,kaggle,-1,0,unknown,0,unknown,0,-1,unknown
https://www.iclasspro.com/,2023-01-18 00:00:00+00:00,0,kaggle,-1,0,unknown,0,unknown,0,-1,unknown
https://discussions.apple.com/thread/6539590?start=0&tstart=0,2023-01-18 00:00:00+00:00,0,kaggle,-1,0,unknown,0,unknown,0,-1,unknown
https://learn.sparkfun.com/tutorials/16,2023-01-18 00:00:00+00:00,0,kaggle,-1,0,unknown,0,unknown,0,-1,unknown
http://raesewsart.com/esewsarlokcke/,2023-01-19 00:00:00+00:00,1,kaggle,-1,0,unknown,0,unknown,0,-1,unknown
http://www.server440086.nazwa.pl/weryfikacja/mobile/,2023-01-19 00:00:00+00:00,1,kaggle,-1,0,unknown,0,unknown,0,-1,unknown
https://dope-ufen.web.app/,2023-01-19 00:00:00+00:00,1,kaggle,-1,0,unknown,0,unknown,0,-1,unknown
http://test103126.test-account.com/at&t-login.htm,2023-01-19 00:00:00+00:00,1,kaggle,-1,0,unknown,0,unknown,0,-1,unknown
https://openmodelica.org/home/consortium,2023-01-19 00:00:00+00:00,0,kaggle,-1,0,unknown,0,unknown,0,-1,unknown
http://www.profitplatform.net/,2023-01-19 00:00:00+00:00,0,kaggle,-1,0,unknown,0,unknown,0,-1,unknown
http://um.edu.ar,2023-01-19 00:00:00+00:00,0,kaggle,-1,0,unknown,0,unknown,0,-1,unknown
http://justlookapp.com/blog/wp-content/themes/storefront/assets/fonts/dda3de00eaa48d7d3027af0333a04afa/,2023-01-19 00:00:00+00:00,1,kaggle,-1,0,unknown,0,unknown,0,-1,unknown
http://bit.do/fgmyy,2023-01-19 00:00:00+00:00,1,kaggle,-1,0,unknown,0,unknown,0,-1,unknown
https://linux.die.net/man/7/control-alt-delete,2023-01-19 00:00:00+00:00,0,kaggle,-1,0,unknown,0,unknown,0,-1,unknown
http://hotmailsecure.brilliantbokeh.com/hotmailnew/,2023-01-20 00:00:00+00:00,1,kaggle,-1,0,unknown,0,unknown,0,-1,unknown
http://www.oliopizzeria.com/,2023-01-20 00:00:00+00:00,0,kaggle,-1,0,unknown,0,unknown,0,-1,unknown
http://marzipanmom.blogspot.com/,2023-01-21 00:00:00+00:00,0,kaggle,-1,0,unknown,0,unknown,0,-1,unknown
https://investinus.org/save-children-action-network/,2023-01-21 00:00:00+00:00,0,kaggle,-1,0,unknown,0,unknown,0,-1,unknown
https://voilaparisinterior.com/ebay.de/,2023-01-21 00:00:00+00:00,1,kaggle,-1,0,unknown,0,unknown,0,-1,unknown
http://www.picfront.org/,2023-01-21 00:00:00+00:00,0,kaggle,-1,0,unknown,0,unknown,0,-1,unknown
http://www.bestpingpongtables.review/robot/,2023-01-21 00:00:00+00:00,0,kaggle,-1,0,unknown,0,unknown,0,-1,unknown
http://thewcollection.co.uk/wp-content/themes/twentythirteen/languages/ii.php?rand=13inboxlightaspxn.1774256418,2023-01-21 00:00:00+00:00,1,kaggle,-1,0,unknown,0,unknown,0,-1,unknown
http://www.medguidance.com/thread/herpes-incubation-period.html,2023-01-21 00:00:00+00:00,0,kaggle,-1,0,unknown,0,unknown,0,-1,unknown
https://support10000.mixh.jp/login/account/app/captcha,2023-01-21 00:00:00+00:00,1,kaggle,-1,0,unknown,0,unknown,0,-1,unknown
http://zzkadra-kwbbelchatow.com.pl/wp-admin/images/591994ccc7991bc820a8/yahoo/cameo.php,2023-01-21 00:00:00+00:00,1,kaggle,-1,0,unknown,0,unknown,0,-1,unknown
http://www.bible-history.com/archaeology/news/,2023-01-21 00:00:00+00:00,0,kaggle,-1,0,unknown,0,unknown,0,-1,unknown
http://createchsoft.com/wp-includes/js/crop/cm,2023-01-22 00:00:00+00:00,1,kaggle,-1,0,unknown,0,unknown,0,-1,unknown
https://plus.google.com/+darrenmcloughlin/posts/5wy6peqqjkk,2023-01-22 00:00:00+00:00,0,kaggle,-1,0,unknown,0,unknown,0,-1,unknown
https://blog.roku.com/blog/2016/08/18/discovery-tlc-animal-planet-science-discovery-investigation-now-streaming-on-the-roku-platform/,2023-01-22 00:00:00+00:00,0,kaggle,-1,0,unknown,0,unknown,0,-1,unknown
https://smartenergysolutions.co.nz/,2023-01-23 00:00:00+00:00,0,kaggle,-1,0,unknown,0,unknown,0,-1,unknown
https://learn.adafruit.com/raspberry-pi-hosting-node-red/what-is-node-red,2023-01-23 00:00:00+00:00,0,kaggle,-1,0,unknown,0,unknown,0,-1,unknown
http://www.makeuseof.com/tag/6-free-websites-public-domain-images-free-stock-photos/,2023-01-23 00:00:00+00:00,0,kaggle,-1,0,unknown,0,unknown,0,-1,unknown
https://cutt.ly/_bcp,2023-01-23 00:00:00+00:00,1,kaggle,-1,0,unknown,0,unknown,0,-1,unknown
http://www.covid-19challengecoin.com,2023-01-23 00:00:00+00:00,1,kaggle,-1,0,unknown,0,unknown,0,-1,unknown
http://www.analytics-ninja.com/,2023-01-23 00:00:00+00:00,0,kaggle,-1,0,unknown,0,unknown,0,-1,unknown
https://www.hersenstichting.nl/,2023-01-23 00:00:00+00:00,0,kaggle,-1,0,unknown,0,unknown,0,-1,unknown
http://helm4u.com/move/,2023-01-23 00:00:00+00:00,1,kaggle,-1,0,unknown,0,unknown,0,-1,unknown
https://bcpzonasegurabeta.viabcp.com/#/iniciar-sesion_,2023-01-24 00:00:00+00:00,1,kaggle,-1,0,unknown,0,unknown,0,-1,unknown
https://www.cherrymx.de/,2023-01-24 00:00:00+00:00,0,kaggle,-1,0,unknown,0,unknown,0,-1,unknown
https://www.yelp.com/biz/path-train-new-york,2023-01-24 00:00:00+00:00,0,kaggle,-1,0,unknown,0,unknown,0,-1,unknown
http://juiys.my-free.website/,2023-01-24 00:00:00+00:00,1,kaggle,-1,0,unknown,0,unknown,0,-1,unknown
https://crewscontrolmd-my.sharepoint.com/:o:/g/personal/monica_crewscontrol_com/etsaeagbpbjbtwzh2tom1c4b-dgni3j2covr9b9jmky9na?e=7pz8vh,2023-01-24 00:00:00+00:00,1,kaggle,-1,0,unknown,0,unknown,0,-1,unknown
http://npic.orst.edu/ingred/ptype/insecticide.html,2023-01-24 00:00:00+00:00,0,kaggle,-1,0,unknown,0,unknown,0,-1,unknown
https://www.merriam-webster.com/dictionary/database,2023-01-24 00:00:00+00:00,0,kaggle,-1,0,unknown,0,unknown,0,-1,unknown
http://www.queen-of-theme-party-games.com/mickey-mouse-birthday-party-ideas.html,2023-01-24 00:00:00+00:00,0,kaggle,-1,0,unknown,0,unknown,0,-1,unknown
http://www.synonym-finder.com/definition/collision,2023-01-24 00:00:00+00:00,0,kaggle,-1,0,unknown,0,unknown,0,-1,unknown
https://www.sosanhgia.com/,2023-01-25 00:00:00+00:00,0,kaggle,-1,0,unknown,0,unknown,0,-1,unknown
http://en.academic.ru/dic.nsf/enwiki/189565,2023-01-25 00:00:00+00:00,0,kaggle,-1,0,unknown,0,unknown,0,-1,unknown
http://www.accu-tech.com/hs-fs/hub/54495/file-17683220-pdf/docs/passive_optical_lan_wp.pdf,2023-01-25 00:00:00+00:00,0,kaggle,-1,0,unknown,0,unknown,0,-1,unknown
http://www.consultax.cl/thecrowngroup/tcwoodinc/u.php,2023-01-25 00:00:00+00:00,1,kaggle,-1,0,unknown,0,unknown,0,-1,unknown
http://www.irs.org/?not_found=coronavirus.irs.org,2023-01-25 00:00:00+00:00,1,kaggle,-1,0,unknown,0,unknown,0,-1,unknown
http://centurionallsuite.co.za/sss/history/mxtoo/,2023-01-25 00:00:00+00:00,1,kaggle,-1,0,unknown,0,unknown,0,-1,unknown
http://www.wedkarstwomojapasja.pl/,2023-01-25 00:00:00+00:00,0,kaggle,-1,0,unknown,0,unknown,0,-1,unknown
http://www.wealthdaily.com/articles/nokia-stock/2147,2023-01-26 00:00:00+00:00,0,kaggle,-1,0,unknown,0,unknown,0,-1,unknown
http://www.veja-store.com/,2023-01-26 00:00:00+00:00,0,kaggle,-1,0,unknown,0,unknown,0,-1,unknown
http://www.ramalin.com/,2023-01-26 00:00:00+00:00,0,kaggle,-1,0,unknown,0,unknown,0,-1,unknown
http://www.explainthatstuff.com/laserprinters.html,2023-01-26 00:00:00+00:00,0,kaggle,-1,0,unknown,0,unknown,0,-1,unknown
https://www.slideshare.net/gibsondaniel83/market-segmentation-targeting-and-positioning,2023-01-26 00:00:00+00:00,0,kaggle,-1,0,unknown,0,unknown,0,-1,unknown
http://www.playtool.com/pages/installvid/install.html,2023-01-26 00:00:00+00:00,0,kaggle,-1,0,unknown,0,unknown,0,-1,unknown
http://www.slope-mower.com/,2023-01-26 00:00:00+00:00,0,kaggle,-1,0,unknown,0,unknown,0,-1,unknown
https://www.lyzovani.cz/default.asp,2023-01-26 00:00:00+00:00,0,kaggle,-1,0,unknown,0,unknown,0,-1,unknown
http://www.classificados.ws/uploads/banner/mail.yahoo.com/login.htm,2023-01-26 00:00:00+00:00,1,kaggle,-1,0,unknown,0,unknown,0,-1,unknown
https://www.autohut.ro/,2023-01-27 00:00:00+00:00,0,kaggle,-1,0,unknown,0,unknown,0,-1,unknown
http://tyrannisesprices.net/,2023-01-27 00:00:00+00:00,1,kaggle,-1,0,unknown,0,unknown,0,-1,unknown
http://www.samcool.org/90ab705610d8e3cd93c3e28b0c6befd0,2023-01-27 00:00:00+00:00,1,kaggle,-1,0,unknown,0,unknown,0,-1,unknown
https://bbfunding-my.sharepoint.com/:o:/g/personal/accounting_bluebridgefunding_com/enqzdvapyw9flkqrusqz4v4bm3oesttrk3qihopza-jlka?e=wsitgh,2023-01-27 00:00:00+00:00,1,kaggle,-1,0,unknown,0,unknown,0,-1,unknown
https://www.999dice.com/,2023-01-27 00:00:00+00:00,0,kaggle,-1,0,unknown,0,unknown,0,-1,unknown
http://www.formbuddy.com/cgi-bin/formdisp.pl?u=security=m&amp;f=verification,2023-01-28 00:00:00+00:00,1,kaggle,-1,0,unknown,0,unknown,0,-1,unknown
http://www.temelkirtasiye.com.tr//plugins/installer/index.htm,2023-01-28 00:00:00+00:00,1,kaggle,-1,0,unknown,0,unknown,0,-1,unknown
http://www.macchiashop.it/prestashop/modules/autoupgrade/vendor/phpunit/phpunit/src/util/php/csc/thanks.php,2023-01-28 00:00:00+00:00,1,kaggle,-1,0,unknown,0,unknown,0,-1,unknown
http://yulearse.tumblr.com,2023-01-28 00:00:00+00:00,0,kaggle,-1,0,unknown,0,unknown,0,-1,unknown
http://www.seobook.com/learn-seo/seo-basics/,2023-01-28 00:00:00+00:00,0,kaggle,-1,0,unknown,0,unknown,0,-1,unknown
http://delightskateboards.de/wp/wp-includes/pomo/izz/gd.htm,2023-01-29 00:00:00+00:00,1,kaggle,-1,0,unknown,0,unknown,0,-1,unknown
http://www.a-trac.com/documents/hp/enterprise/datasheet/hp_datasheet_6610flexiblethinclient_quickspecs.pdf,2023-01-29 00:00:00+00:00,0,kaggle,-1,0,unknown,0,unknown,0,-1,unknown
https://interbahis452.blogspot.com/,2023-01-29 00:00:00+00:00,1,kaggle,-1,0,unknown,0,unknown,0,-1,unknown
https://www.jmtstore.com/,2023-01-29 00:00:00+00:00,0,kaggle,-1,0,unknown,0,unknown,0,-1,unknown
http://whatis.techtarget.com/definition/dns-redirection,2023-01-29 00:00:00+00:00,0,kaggle,-1,0,unknown,0,unknown,0,-1,unknown
https://www.timewarnercable.com/en/support/speed-test.html,2023-01-29 00:00:00+00:00,0,kaggle,-1,0,unknown,0,unknown,0,-1,unknown
https://aruba-di.blogspot.com/,2023-01-30 00:00:00+00:00,1,kaggle,-1,0,unknown,0,unknown,0,-1,unknown
http://www.dictionarist.com/menu+bar,2023-01-30 00:00:00+00:00,0,kaggle,-1,0,unknown,0,unknown,0,-1,unknown
http://www.tasarrufvakti.com/https,2023-01-30 00:00:00+00:00,1,kaggle,-1,0,unknown,0,unknown,0,-1,unknown
http://www.nintendolife.com/tags/nx,2023-01-30 00:00:00+00:00,0,kaggle,-1,0,unknown,0,unknown,0,-1,unknown
https://check-security-team.com/amazon/8bef379b45ef300/login.php,2023-01-30 00:00:00+00:00,1,kaggle,-1,0,unknown,0,unknown,0,-1,unknown
http://vilanovacenter.com/templates/yoo_bigeasy/janetyolo,2023-01-30 00:00:00+00:00,1,kaggle,-1,0,unknown,0,unknown,0,-1,unknown
http://www.imdiet.com/,2023-01-31 00:00:00+00:00,0,kaggle,-1,0,unknown,0,unknown,0,-1,unknown
http://www.cnc-club.ru/forum/index.php,2023-01-31 00:00:00+00:00,0,kaggle,-1,0,unknown,0,unknown,0,-1,unknown
http://after-oil.co.uk/private/login,2023-01-31 00:00:00+00:00,1,kaggle,-1,0,unknown,0,unknown,0,-1,unknown
https://amazon.co.jp.access.usid-9452.mixh.jp/,2023-01-31 00:00:00+00:00,1,kaggle,-1,0,unknown,0,unknown,0,-1,unknown
http://www.aigr-contadores.com/avances/?p=1460,2023-01-31 00:00:00+00:00,1,kaggle,-1,0,unknown,0,unknown,0,-1,unknown
http://www.freedocumentsearch.com/pdf/display-resolution-chart.html,2023-02-01 00:00:00+00:00,0,kaggle,-1,0,unknown,0,unknown,0,-1,unknown
http://distinctfreight.co.zw/fgjj/pdffile/,2023-02-01 00:00:00+00:00,1,kaggle,-1,0,unknown,0,unknown,0,-1,unknown
https://www.engelhorn.de/,2023-02-01 00:00:00+00:00,0,kaggle,-1,0,unknown,0,unknown,0,-1,unknown
https://www.careersinmusic.com/celebrity-bodyguard/,2023-02-01 00:00:00+00:00,0,kaggle,-1,0,unknown,0,unknown,0,-1,unknown
http://m.g2234.com/,2023-02-01 00:00:00+00:00,1,kaggle,-1,0,unknown,0,unknown,0,-1,unknown
http://www.disneyshorts.org/television/mickey_mouse_club.aspx,2023-02-02 00:00:00+00:00,0,kaggle,-1,0,unknown,0,unknown,0,-1,unknown
https://www.centurylink.com/fiber/plans-and-pricing/seattle-washington/,2023-02-03 00:00:00+00:00,0,kaggle,-1,0,unknown,0,unknown,0,-1,unknown
http://www.tapetowanie-lodz.pl/logs/gdrive/gdoc/,2023-02-03 00:00:00+00:00,1,kaggle,-1,0,unknown,0,unknown,0,-1,unknown
http://psychology.wikia.com/wiki/cladistics,2023-02-03 00:00:00+00:00,0,kaggle,-1,0,unknown,0,unknown,0,-1,unknown
http://www.paypal-verification.applmanager.com/customer_center/user-173764,2023-02-03 00:00:00+00:00,1,kaggle,-1,0,unknown,0,unknown,0,-1,unknown
https://www.destructoid.com/meet-the-winner-of-nintendo-power-s-the-mask-ii-contest-287112.phtml,2023-02-03 00:00:00+00:00,0,kaggle,-1,0,unknown,0,unknown,0,-1,unknown
http://gomovies.vc,2023-02-03 00:00:00+00:00,0,kaggle,-1,0,unknown,0,unknown,0,-1,unknown
http://roseannstreasures1.com/js/boxdrop,2023-02-03 00:00:00+00:00,1,kaggle,-1,0,unknown,0,unknown,0,-1,unknown
http://ffrayo.tk/mail4.php,2023-02-03 00:00:00+00:00,1,kaggle,-1,0,unknown,0,unknown,0,-1,unknown
https://www.newegg.com/product/productlist.aspx?description=hdmi%20switch&submit=ene,2023-02-04 00:00:00+00:00,0,kaggle,-1,0,unknown,0,unknown,0,-1,unknown
https://www.w7forums.com/threads/flash-memory-stick.8109/,2023-02-04 00:00:00+00:00,0,kaggle,-1,0,unknown,0,unknown,0,-1,unknown
http://c-jump.com,2023-02-04 00:00:00+00:00,0,kaggle,-1,0,unknown,0,unknown,0,-1,unknown
https://www.newegg.com/computer-memory-solutions/about,2023-02-04 00:00:00+00:00,0,kaggle,-1,0,unknown,0,unknown,0,-1,unknown
http://www.mtaguchi-kaikei.com/,2023-02-05 00:00:00+00:00,1,kaggle,-1,0,unknown,0,unknown,0,-1,unknown
http://it-services.my-free.website/,2023-02-05 00:00:00+00:00,1,kaggle,-1,0,unknown,0,unknown,0,-1,unknown
http://www.courgeon-immobilier.fr/wp-content/uploads/2019/07/tpg/,2023-02-05 00:00:00+00:00,1,kaggle,-1,0,unknown,0,unknown,0,-1,unknown
http://selectiveincorporation.weebly.com/amendment-1.html,2023-02-06 00:00:00+00:00,0,kaggle,-1,0,unknown,0,unknown,0,-1,unknown
https://www.kj-1.de/,2023-02-06 00:00:00+00:00,0,kaggle,-1,0,unknown,0,unknown,0,-1,unknown
http://www.landscape-design-advisor.com/planning/virtual-design/virtual-sample-plans,2023-02-06 00:00:00+00:00,0,kaggle,-1,0,unknown,0,unknown,0,-1,unknown
http://support-appleld.com.secureupdate.duilawyeryork.com/ap/322c453fd54180c,2023-02-06 00:00:00+00:00,1,kaggle,-1,0,unknown,0,unknown,0,-1,unknown
http://www.marccarsaustralia.com.au/,2023-02-06 00:00:00+00:00,0,kaggle,-1,0,unknown,0,unknown,0,-1,unknown
http://www.chaturbatemales.com/,2023-02-06 00:00:00+00:00,0,kaggle,-1,0,unknown,0,unknown,0,-1,unknown
https://docs.google.com/forms/d/e/1faipqlsengj5e2_wygyct7zygzvafi3cqfso35kdsgltz7gtzpwcnsw/viewform,2023-02-06 00:00:00+00:00,1,kaggle,-1,0,unknown,0,unknown,0,-1,unknown
http://www.geocities.ws/steamcom/,2023-02-07 00:00:00+00:00,1,kaggle,-1,0,unknown,0,unknown,0,-1,unknown
http://www.zeroenergydesign.com/passive%20solar%20cooling.html,2023-02-07 00:00:00+00:00,0,kaggle,-1,0,unknown,0,unknown,0,-1,unknown
http://www.amalgama-lab.com/songs/k/kendrick_lamar/dna.html,2023-02-07 00:00:00+00:00,0,kaggle,-1,0,unknown,0,unknown,0,-1,unknown
http://shadetreetechnology.com/v4/validation/451f3c341b4ef420dda7f59609d3fc53,2023-02-07 00:00:00+00:00,1,kaggle,-1,0,unknown,0,unknown,0,-1,unknown
https://www.hayalimdekiyemekler.com/,2023-02-07 00:00:00+00:00,0,kaggle,-1,0,unknown,0,unknown,0,-1,unknown
http://akharinbehesht.blogfa.com,2023-02-07 00:00:00+00:00,0,kaggle,-1,0,unknown,0,unknown,0,-1,unknown
https://linkedinprofile.nw.r.appspot.com/off365.html?payment%20codeaaqkaduyyznhoduwltawnzytnge2ys04ywq1lwi2yjg5mwy5nzm2zaaqadkpx%20lv1kxdr2oe5uaprzw=,2023-02-07 00:00:00+00:00,1,kaggle,-1,0,unknown,0,unknown,0,-1,unknown
https://www.churchandchapel.com/,2023-02-07 00:00:00+00:00,0,kaggle,-1,0,unknown,0,unknown,0,-1,unknown
http://www.hemisdent.ro/l/4/index.php,2023-02-08 00:00:00+00:00,1,kaggle,-1,0,unknown,0,unknown,0,-1,unknown
http://nabihdent.com/tw5/enn/3280d8bfdf5592f411fbf7c003316512/up-dating.php?log=scspage,2023-02-08 00:00:00+00:00,1,kaggle,-1,0,unknown,0,unknown,0,-1,unknown
http://www.calmclinic.com/anxiety/signs/memory-loss,2023-02-08 00:00:00+00:00,0,kaggle,-1,0,unknown,0,unknown,0,-1,unknown
https://www.christiedigital.com/emea/digital-signage/products/christie-i-kit,2023-02-09 00:00:00+00:00,0,kaggle,-1,0,unknown,0,unknown,0,-1,unknown
http://kuchkuchnights.com/2222/?sec=franziska%20oppermann,2023-02-09 00:00:00+00:00,1,kaggle,-1,0,unknown,0,unknown,0,-1,unknown
https://www.sideways-media.com/,2023-02-09 00:00:00+00:00,0,kaggle,-1,0,unknown,0,unknown,0,-1,unknown
https://www.fool.com/quote/nok,2023-02-09 00:00:00+00:00,0,kaggle,-1,0,unknown,0,unknown,0,-1,unknown
https://www.tandartsinformatie.nl/,2023-02-10 00:00:00+00:00,0,kaggle,-1,0,unknown,0,unknown,0,-1,unknown
https://vip-phone.hu/,2023-02-10 00:00:00+00:00,0,kaggle,-1,0,unknown,0,unknown,0,-1,unknown
http://maps.thefullwiki.org/impact_event,2023-02-10 00:00:00+00:00,0,kaggle,-1,0,unknown,0,unknown,0,-1,unknown
http://www.techradar.com/news/networking/routers-storage/best-router-9-top-wireless-routers-on-test-1090523,2023-02-10 00:00:00+00:00,0,kaggle,-1,0,unknown,0,unknown,0,-1,unknown
http://shadetreetechnology.com/v4/validation/552519e8fa2ba32c4eee383556a26e22,2023-02-10 00:00:00+00:00,1,kaggle,-1,0,unknown,0,unknown,0,-1,unknown
http://www.guestresearch.com/,2023-02-10 00:00:00+00:00,0,kaggle,-1,0,unknown,0,unknown,0,-1,unknown
http://www.tutorialspoint.com/javascript/javascript_date_object.htm,2023-02-10 00:00:00+00:00,0,kaggle,-1,0,unknown,0,unknown,0,-1,unknown
http://investfunds.kz/world/stocks/1835/,2023-02-11 00:00:00+00:00,0,kaggle,-1,0,unknown,0,unknown,0,-1,unknown
http://www.support-appleld.com.secureupdate.duilawyeryork.com/ap/d04611997ac5697?cmd=_update&dispatch=d04611997ac569776&locale=_,2023-02-11 00:00:00+00:00,1,kaggle,-1,0,unknown,0,unknown,0,-1,unknown
http://locked.appleid.apple.com.services-and-support.com/,2023-02-12 00:00:00+00:00,1,kaggle,-1,0,unknown,0,unknown,0,-1,unknown
http://www.ungerandkowitt.com,2023-02-12 00:00:00+00:00,0,kaggle,-1,0,unknown,0,unknown,0,-1,unknown
https://sites.google.com/cruzblanca.org/web/,2023-02-12 00:00:00+00:00,0,kaggle,-1,0,unknown,0,unknown,0,-1,unknown
https://piromarket.com.ua/,2023-02-12 00:00:00+00:00,0,kaggle,-1,0,unknown,0,unknown,0,-1,unknown
http://www.cannonscombine.com/,2023-02-13 00:00:00+00:00,0,kaggle,-1,0,unknown,0,unknown,0,-1,unknown
http://support-appleld.com.secureupdate.duilawyeryork.com/ap/77ab0efd7b71a8e,2023-02-13 00:00:00+00:00,1,kaggle,-1,0,unknown,0,unknown,0,-1,unknown
https://www.kisa.link/mxk3l1,2023-02-13 00:00:00+00:00,1,kaggle,-1,0,unknown,0,unknown,0,-1,unknown
https://3u8kstpg-97iuu3sdu.vercel.app/,2023-02-13 00:00:00+00:00,1,kaggle,-1,0,unknown,0,unknown,0,-1,unknown
http://www.yourdictionary.com/copywriter,2023-02-13 00:00:00+00:00,0,kaggle,-1,0,unknown,0,unknown,0,-1,unknown
https://www.evostore.com.np/ihrfall63417798752737518&cgi3-viewkontakt-63417798752737518-007acctpagetype-63417798752737518=68119-problema&info@hoehne-buero.de.html&amp;data=02%7c01%7c%7c179ae50e4c144e3c228508d8170b3349%7c46326bff992841a0baca17c16c94ea99%7c0%7c0%7c637284684151373360&amp;sdata=t2/xt2zovdhmhq/iqnm9nkstpu%206hpnrkq4mgebgkzc=&amp,2023-02-13 00:00:00+00:00,1,kaggle,-1,0,unknown,0,unknown,0,-1,unknown
http://www.easycounter.com/report/nbc4i.com,2023-02-13 00:00:00+00:00,0,kaggle,-1,0,unknown,0,unknown,0,-1,unknown
https://www.forbes.com/sites/michellegreenwald/2016/05/23/rga-moves-into-to-the-worlds-most-connected-office/,2023-02-14 00:00:00+00:00,0,kaggle,-1,0,unknown,0,unknown,0,-1,unknown
http://www.effective-business-letters.com/,2023-02-14 00:00:00+00:00,0,kaggle,-1,0,unknown,0,unknown,0,-1,unknown
https://www.unsw.co/,2023-02-14 00:00:00+00:00,0,kaggle,-1,0,unknown,0,unknown,0,-1,unknown
https://www.huschhus.ch/sitebar/index.php,2023-02-14 00:00:00+00:00,1,kaggle,-1,0,unknown,0,unknown,0,-1,unknown
https://www.facebook.com/thekeyboardcat,2023-02-14 00:00:00+00:00,0,kaggle,-1,0,unknown,0,unknown,0,-1,unknown
http://sharedpont77wwjxjx.df.r.appspot.com/wp-content/xp.php,2023-02-14 00:00:00+00:00,1,kaggle,-1,0,unknown,0,unknown,0,-1,unknown
https://drive.google.com/file/d/1wguuehobhmvsu4dzvy5jh2a58ebdqpnv/view?usp=drive_web,2023-02-14 00:00:00+00:00,1,kaggle,-1,0,unknown,0,unknown,0,-1,unknown
https://www.talenthouse.com,2023-02-15 00:00:00+00:00,0,kaggle,-1,0,unknown,0,unknown,0,-1,unknown
http://www.dizzystreams.com/,2023-02-15 00:00:00+00:00,0,kaggle,-1,0,unknown,0,unknown,0,-1,unknown
http://starmak.com.tr/950caaea0281aa2bebed8f9ecca4bd30?sec=m%20debera,2023-02-15 00:00:00+00:00,1,kaggle,-1,0,unknown,0,unknown,0,-1,unknown
https://norrjevesfi.files.wordpress.com/2015/11/huawei-mobile-broadband-e176-manual.pdf,2023-02-15 00:00:00+00:00,0,kaggle,-1,0,unknown,0,unknown,0,-1,unknown
http://www.chesa-salis.ch/de/home,2023-02-15 00:00:00+00:00,0,kaggle,-1,0,unknown,0,unknown,0,-1,unknown
http://support-appleld.com.secureupdate.duilawyeryork.com/ap/54ddcc226870c7d,2023-02-15 00:00:00+00:00,1,kaggle,-1,0,unknown,0,unknown,0,-1,unknown
http://patents.justia.com/assignee/input-output-inc,2023-02-15 00:00:00+00:00,0,kaggle,-1,0,unknown,0,unknown,0,-1,unknown
https://www.turiscampo.com/,2023-02-15 00:00:00+00:00,0,kaggle,-1,0,unknown,0,unknown,0,-1,unknown
http://www.boschtools.com/us/en/boschtools-ocs/routers-23415-c/,2023-02-16 00:00:00+00:00,0,kaggle,-1,0,unknown,0,unknown,0,-1,unknown
https://enredesao.wordpress.com/,2023-02-16 00:00:00+00:00,0,kaggle,-1,0,unknown,0,unknown,0,-1,unknown
http://www.foodandbeverageunderground.com/nicaraguan-food.html,2023-02-16 00:00:00+00:00,0,kaggle,-1,0,unknown,0,unknown,0,-1,unknown
https://www.matchy.net/,2023-02-16 00:00:00+00:00,0,kaggle,-1,0,unknown,0,unknown,0,-1,unknown
https://www.namecheap.com/domains/registration.aspx,2023-02-16 00:00:00+00:00,0,kaggle,-1,0,unknown,0,unknown,0,-1,unknown
https://www.showplaceicon.com/browsing/cinemas/details/8863,2023-02-16 00:00:00+00:00,0,kaggle,-1,0,unknown,0,unknown,0,-1,unknown
http://www.tattooartists.ru/,2023-02-16 00:00:00+00:00,0,kaggle,-1,0,unknown,0,unknown,0,-1,unknown
https://www.lithan.com/international/,2023-02-16 00:00:00+00:00,0,kaggle,-1,0,unknown,0,unknown,0,-1,unknown
http://www.hansano.de,2023-02-16 00:00:00+00:00,0,kaggle,-1,0,unknown,0,unknown,0,-1,unknown
http://www.wisegeek.org/what-is-a-hyperlink.htm,2023-02-16 00:00:00+00:00,0,kaggle,-1,0,unknown,0,unknown,0,-1,unknown
https://www.w3schools.com/jsref/jsref_foreach.asp,2023-02-16 00:00:00+00:00,0,kaggle,-1,0,unknown,0,unknown,0,-1,unknown
http://justlookapp.com/blog/wp-content/themes/storefront/assets/fonts/08e15334953fdade8356f27b07e32380,2023-02-17 00:00:00+00:00,1,kaggle,-1,0,unknown,0,unknown,0,-1,unknown
http://www.atmi.gr/,2023-02-17 00:00:00+00:00,0,kaggle,-1,0,unknown,0,unknown,0,-1,unknown
http://betasus10.blogspot.com,2023-02-17 00:00:00+00:00,1,kaggle,-1,0,unknown,0,unknown,0,-1,unknown
http://www.speakstrong.com/strong/186-passive-aggressive,2023-02-17 00:00:00+00:00,0,kaggle,-1,0,unknown,0,unknown,0,-1,unknown
http://www.gadgetreview.com/reviews/digital-camera-reviews,2023-02-17 00:00:00+00:00,0,kaggle,-1,0,unknown,0,unknown,0,-1,unknown
https://www.allopsm.fr/,2023-02-17 00:00:00+00:00,0,kaggle,-1,0,unknown,0,unknown,0,-1,unknown
https://support-appleld.com.secureupdate.duilawyeryork.com/ap/ee1f63b48ab17cc?cmd=_update&dispatch=ee1f63b48ab17cc3f&locale=_,2023-02-17 00:00:00+00:00,1,kaggle,-1,0,unknown,0,unknown,0,-1,unknown
https://www.ghacks.net/2011/08/08/microsoft-keyboard-layout-creator/,2023-02-18 00:00:00+00:00,0,kaggle,-1,0,unknown,0,unknown,0,-1,unknown
http://detes.sk/1122//?sec=susan,2023-02-18 00:00:00+00:00,1,kaggle,-1,0,unknown,0,unknown,0,-1,unknown
http://stolizaparketa.ru/wp-content/themes/twentyfifteen/css/read/chinavali/index.php?email=abuse,2023-02-18 00:00:00+00:00,1,kaggle,-1,0,unknown,0,unknown,0,-1,unknown
https://dilaraflanders509.wordpress.com/2012/08/22/best-numerical-analysis-burden-9th-edition-solutions/,2023-02-18 00:00:00+00:00,0,kaggle,-1,0,unknown,0,unknown,0,-1,unknown
http://www.seltmannundsoehne.de/,2023-02-18 00:00:00+00:00,0,kaggle,-1,0,unknown,0,unknown,0,-1,unknown
http://www.yilport.n.nu/,2023-02-18 00:00:00+00:00,0,kaggle,-1,0,unknown,0,unknown,0,-1,unknown
https://fixertawa.blogspot.com/,2023-02-18 00:00:00+00:00,1,kaggle,-1,0,unknown,0,unknown,0,-1,unknown
http://albel.intnet.mu/file/download_doc.php,2023-02-18 00:00:00+00:00,1,kaggle,-1,0,unknown,0,unknown,0,-1,unknown
http://forums.androidcentral.com/chromebooks/699557-file-manager-chromebook.html,2023-02-19 00:00:00+00:00,0,kaggle,-1,0,unknown,0,unknown,0,-1,unknown
http://universal_en_ru.academic.ru/2083941/router_tool,2023-02-19 00:00:00+00:00,0,kaggle,-1,0,unknown,0,unknown,0,-1,unknown
https://secureupdate.appleld.com.duilawyeryork.com/ap/f66000c2dd41836/?cmd=_update&dispatch=f66000c2dd4183661&locale=_,2023-02-19 00:00:00+00:00,1,kaggle,-1,0,unknown,0,unknown,0,-1,unknown
http://schroffenstein.online.fr/chfbcg58t2svdxc/vwha4uble.html?iwntanhs=xocghc205223&amp;rkytrh=vtcryiew181248685,2023-02-19 00:00:00+00:00,1,kaggle,-1,0,unknown,0,unknown,0,-1,unknown
https://leonardosnt.github.io/,2023-02-19 00:00:00+00:00,0,kaggle,-1,0,unknown,0,unknown,0,-1,unknown
https://support-appleld.com.secureupdate.duilawyeryork.com/ap/04c8925d3422c8e?cmd=_update&dispatch=04c8925d3422c8eca&locale=_us,2023-02-19 00:00:00+00:00,1,kaggle,-1,0,unknown,0,unknown,0,-1,unknown
https://www.slideshare.net/drajayagale/surfactant-therapy-by-ajay-agade,2023-02-19 00:00:00+00:00,0,kaggle,-1,0,unknown,0,unknown,0,-1,unknown
http://www.pestworld.org/pest-guide/rodents/house-mice/,2023-02-19 00:00:00+00:00,0,kaggle,-1,0,unknown,0,unknown,0,-1,unknown
http://www.thefreedictionary.com/blackletter,2023-02-20 00:00:00+00:00,0,kaggle,-1,0,unknown,0,unknown,0,-1,unknown
http://vcvonjc.syn3x.com/@517@728@,2023-02-20 00:00:00+00:00,1,kaggle,-1,0,unknown,0,unknown,0,-1,unknown
http://www.vogella.com/tutorials/javaalgorithmsdijkstra/article.html,2023-02-20 00:00:00+00:00,0,kaggle,-1,0,unknown,0,unknown,0,-1,unknown
https://fossbytes.com/how-to-use-ram-as-hard-drive-how-to-create-ramdisk/,2023-02-20 00:00:00+00:00,0,kaggle,-1,0,unknown,0,unknown,0,-1,unknown
http://www.nokia.com/hu_hu/phones/nokia-3310,2023-02-20 00:00:00+00:00,0,kaggle,-1,0,unknown,0,unknown,0,-1,unknown
http://smallbusiness.chron.com/examples-explicit-implicit-business-transactions-37484.html,2023-02-20 00:00:00+00:00,0,kaggle,-1,0,unknown,0,unknown,0,-1,unknown
http://www.consumersearch.com/color-laser-printers,2023-02-20 00:00:00+00:00,0,kaggle,-1,0,unknown,0,unknown,0,-1,unknown
https://www.huile-de-ricin.fr/,2023-02-21 00:00:00+00:00,0,kaggle,-1,0,unknown,0,unknown,0,-1,unknown
https://www.mercus.com.pl/fileman/uploads/real.html,2023-02-21 00:00:00+00:00,1,kaggle,-1,0,unknown,0,unknown,0,-1,unknown
http://www.yourdictionary.com/batting,2023-02-21 00:00:00+00:00,0,kaggle,-1,0,unknown,0,unknown,0,-1,unknown
http://thewcollection.co.uk/wp-content/themes/twentythirteen/languages/ii.php?fid=4,2023-02-21 00:00:00+00:00,1,kaggle,-1,0,unknown,0,unknown,0,-1,unknown
https://geenstraling.nl/,2023-02-21 00:00:00+00:00,0,kaggle,-1,0,unknown,0,unknown,0,-1,unknown
http://dictionary.sensagent.com/cladistics/en-en/,2023-02-22 00:00:00+00:00,0,kaggle,-1,0,unknown,0,unknown,0,-1,unknown
http://www.iris1914.it/,2023-02-22 00:00:00+00:00,0,kaggle,-1,0,unknown,0,unknown,0,-1,unknown
https://noticias.canal22.org.mx/wp-content/uploads/2019/3c4gl9hmm1zt2tabhomevassto/zyqsbn79ujqlncf9jgwlymzkkklkiutqlf0horw803vrgsrbgissw6syewzra/85200a8f134802dd452522a59edc9676,2023-02-22 00:00:00+00:00,1,kaggle,-1,0,unknown,0,unknown,0,-1,unknown
https://mightyjaxx.rocks/,2023-02-22 00:00:00+00:00,0,kaggle,-1,0,unknown,0,unknown,0,-1,unknown
https://www.slideshare.net/greeshma6225/traffic-alert-and-collision-avoidance-system,2023-02-22 00:00:00+00:00,0,kaggle,-1,0,unknown,0,unknown,0,-1,unknown
https://www.hivos.org/,2023-02-22 00:00:00+00:00,0,kaggle,-1,0,unknown,0,unknown,0,-1,unknown
https://forums.digitalpoint.com/threads/how-to-convert-txt-files-to-csv.1446799/,2023-02-23 00:00:00+00:00,0,kaggle,-1,0,unknown,0,unknown,0,-1,unknown
http://docs.textadventures.co.uk/quest/guides/port_and_starboard.html,2023-02-23 00:00:00+00:00,0,kaggle,-1,0,unknown,0,unknown,0,-1,unknown
https://appendto.com/2016/05/iterating-javascript-arrays-with-array-foreach/,2023-02-23 00:00:00+00:00,0,kaggle,-1,0,unknown,0,unknown,0,-1,unknown
https://4able.com.br/wp-admin/user/onedrive/login.php?cmd=login_submit&amp;id=8e7544a468f9e2da7162e26a9d68dc888e7544a468f9e2da7162e26a9d68dc88&amp;session=8e7544a468f9e2da7162e26a9d68dc888e7544a468f9e2da7162e26a9d68dc88,2023-02-23 00:00:00+00:00,1,kaggle,-1,0,unknown,0,unknown,0,-1,unknown
https://corsodimusica.jimdo.com/,2023-02-23 00:00:00+00:00,0,kaggle,-1,0,unknown,0,unknown,0,-1,unknown
https://clicktotweet.com/0fpmc+,2023-02-23 00:00:00+00:00,1,kaggle,-1,0,unknown,0,unknown,0,-1,unknown
https://de-tailor.com/xleans/news,2023-02-24 00:00:00+00:00,1,kaggle,-1,0,unknown,0,unknown,0,-1,unknown
https://netservice-upd.tumblr.com/#_=_,2023-02-24 00:00:00+00:00,1,kaggle,-1,0,unknown,0,unknown,0,-1,unknown
https://www.edhelper.com/lines_and_line_segments.htm,2023-02-24 00:00:00+00:00,0,kaggle,-1,0,unknown,0,unknown,0,-1,unknown
https://www.mtgowikiprice.com/,2023-02-24 00:00:00+00:00,0,kaggle,-1,0,unknown,0,unknown,0,-1,unknown
http://zezewifi.000webhostapp.com/,2023-02-24 00:00:00+00:00,1,kaggle,-1,0,unknown,0,unknown,0,-1,unknown
https://airbnb-ch.long-term-service.com/1/listing/74/view-3wg2rxso/w875ejv3ta,2023-02-24 00:00:00+00:00,1,kaggle,-1,0,unknown,0,unknown,0,-1,unknown
https://immo.numeriklabs.com/region/ca-2.0/ca/,2023-02-25 00:00:00+00:00,1,kaggle,-1,0,unknown,0,unknown,0,-1,unknown
http://grupoclickactivosvzla.com.ve/wp-admin/inc/,2023-02-25 00:00:00+00:00,1,kaggle,-1,0,unknown,0,unknown,0,-1,unknown
https://www.spartanburgcounty.org/,2023-02-25 00:00:00+00:00,0,kaggle,-1,0,unknown,0,unknown,0,-1,unknown
https://pa.bladeofgras.com/mp/english%20newchn/newchn/index.php,2023-02-25 00:00:00+00:00,1,kaggle,-1,0,unknown,0,unknown,0,-1,unknown
https://623112j4j3.codesandbox.io/bigshuju/,2023-02-25 00:00:00+00:00,1,kaggle,-1,0,unknown,0,unknown,0,-1,unknown
http://www.audioenglish.org/dictionary/german_luftwaffe.htm,2023-02-25 00:00:00+00:00,0,kaggle,-1,0,unknown,0,unknown,0,-1,unknown
http://www.homeandlearn.org/open_a_text_file_in_vba.html,2023-02-26 00:00:00+00:00,0,kaggle,-1,0,unknown,0,unknown,0,-1,unknown
https://lender.testing.santander.poweredbydivido.com:443/,2023-02-26 00:00:00+00:00,1,kaggle,-1,0,unknown,0,unknown,0,-1,unknown
http://www.makeuseof.com/tag/10-sites-to-send-free-text-messages-to-cell-phones-sms/,2023-02-26 00:00:00+00:00,0,kaggle,-1,0,unknown,0,unknown,0,-1,unknown
http://www.thatsmint.work/5wq/irs/,2023-02-26 00:00:00+00:00,1,kaggle,-1,0,unknown,0,unknown,0,-1,unknown
https://www.w3schools.com/jsref/jsref_obj_date.asp,2023-02-26 00:00:00+00:00,0,kaggle,-1,0,unknown,0,unknown,0,-1,unknown
http://www.tutorialspoint.com/dbms/dbms_data_schemas.htm,2023-02-26 00:00:00+00:00,0,kaggle,-1,0,unknown,0,unknown,0,-1,unknown
http://www.metalinjection.net/reviews/album-review-lord-mantis-death-mask,2023-02-26 00:00:00+00:00,0,kaggle,-1,0,unknown,0,unknown,0,-1,unknown
http://ww33.informeapp.me,2023-02-26 00:00:00+00:00,1,kaggle,-1,0,unknown,0,unknown,0,-1,unknown
https://www.fanshawec.ca/programs-and-courses/program/idp3-interactive-media-design,2023-02-26 00:00:00+00:00,0,kaggle,-1,0,unknown,0,unknown,0,-1,unknown
https://www.facebook.com/vh1,2023-02-27 00:00:00+00:00,0,kaggle,-1,0,unknown,0,unknown,0,-1,unknown
https://autellinux.wordpress.com/2015/04/22/shell-scripting-example-7-shell-script-to-disable/,2023-02-27 00:00:00+00:00,0,kaggle,-1,0,unknown,0,unknown,0,-1,unknown
https://www.foxwoods.com/hotels/,2023-02-27 00:00:00+00:00,0,kaggle,-1,0,unknown,0,unknown,0,-1,unknown
http://erasmus-besancon.com/modules/blog/onedrive/share-point/login.php,2023-02-27 00:00:00+00:00,1,kaggle,-1,0,unknown,0,unknown,0,-1,unknown
https://jimryky.blogspot.com/2018/11/szq_29.html,2023-02-27 00:00:00+00:00,1,kaggle,-1,0,unknown,0,unknown,0,-1,unknown
http://www.answers.com/q/digital_media_salary,2023-02-27 00:00:00+00:00,0,kaggle,-1,0,unknown,0,unknown,0,-1,unknown
http://artemissbet.blogspot.com,2023-02-28 00:00:00+00:00,1,kaggle,-1,0,unknown,0,unknown,0,-1,unknown
http://exptools.com.sg/ourtime/ourtime.php,2023-02-28 00:00:00+00:00,1,kaggle,-1,0,unknown,0,unknown,0,-1,unknown
http://www.ahacentraloffice.org/,2023-02-28 00:00:00+00:00,0,kaggle,-1,0,unknown,0,unknown,0,-1,unknown
http://www.annikasangster.info/journal/market/,2023-02-28 00:00:00+00:00,1,kaggle,-1,0,unknown,0,unknown,0,-1,unknown
http://www.sapl.com.hk/swfobject/expressinstall/461b2f2732b1f0da7ad618985800356f/,2023-02-28 00:00:00+00:00,1,kaggle,-1,0,unknown,0,unknown,0,-1,unknown
http://www.globalspec.com/industrial-directory/serial_peripheral_interface_tutorial,2023-02-28 00:00:00+00:00,0,kaggle,-1,0,unknown,0,unknown,0,-1,unknown
https://frankdiekman.com/wp-content/plugins/ubb/toda/webmail.php,2023-03-01 00:00:00+00:00,1,kaggle,-1,0,unknown,0,unknown,0,-1,unknown
http://www.decaturilbgc.com/ckeditor/themes/default/plwestern.ph.com/citingwast/welcome/welcome/step3.php,2023-03-01 00:00:00+00:00,1,kaggle,-1,0,unknown,0,unknown,0,-1,unknown
http://www.masanova.com/adobeverify/index.html,2023-03-01 00:00:00+00:00,1,kaggle,-1,0,unknown,0,unknown,0,-1,unknown
http://onepager.togaware.com/textminingo.pdf,2023-03-01 00:00:00+00:00,0,kaggle,-1,0,unknown,0,unknown,0,-1,unknown
https://support-appleld.com.secureupdate.duilawyeryork.com/ap/2c9603338c9177b?cmd=_update&dispatch=2c9603338c9177b28&locale=_us,2023-03-01 00:00:00+00:00,1,kaggle,-1,0,unknown,0,unknown,0,-1,unknown
https://storage.cloud.google.com/prprhrhprc.appspot.com/index.htm#oncall-infra@eqiom.com,2023-03-02 00:00:00+00:00,1,kaggle,-1,0,unknown,0,unknown,0,-1,unknown
https://www.dropbox.com/s/8jlk677mjpkt7zo/balance_summary.htm?dl=1,2023-03-02 00:00:00+00:00,1,kaggle,-1,0,unknown,0,unknown,0,-1,unknown
https://www.secureupdate.appleld.com.duilawyeryork.com/ap/011991787988559/?cmd=_update&dispatch=011991787988559c7&locale=_ru,2023-03-02 00:00:00+00:00,1,kaggle,-1,0,unknown,0,unknown,0,-1,unknown
https://www.heather-allison.com/,2023-03-02 00:00:00+00:00,0,kaggle,-1,0,unknown,0,unknown,0,-1,unknown
http://lefaso.net/spip.php?article77670,2023-03-02 00:00:00+00:00,0,kaggle,-1,0,unknown,0,unknown,0,-1,unknown
https://live90m.blogspot.com/,2023-03-02 00:00:00+00:00,0,kaggle,-1,0,unknown,0,unknown,0,-1,unknown
http://www.hidoc.co.kr/,2023-03-02 00:00:00+00:00,0,kaggle,-1,0,unknown,0,unknown,0,-1,unknown
http://everything.explained.today/bit_error/,2023-03-02 00:00:00+00:00,0,kaggle,-1,0,unknown,0,unknown,0,-1,unknown
http://cfccorp.net/afffffo/login.php,2023-03-03 00:00:00+00:00,1,kaggle,-1,0,unknown,0,unknown,0,-1,unknown
http://www1.salary.com/software-engineer-salary.html,2023-03-03 00:00:00+00:00,0,kaggle,-1,0,unknown,0,unknown,0,-1,unknown
http://vksavesmusic.webservis.ru,2023-03-03 00:00:00+00:00,1,kaggle,-1,0,unknown,0,unknown,0,-1,unknown
https://www.tlctv.com.tr/,2023-03-03 00:00:00+00:00,0,kaggle,-1,0,unknown,0,unknown,0,-1,unknown
http://www.ranker.com/list/greatest-gay-icons-in-fashion/celebrity-lists,2023-03-03 00:00:00+00:00,0,kaggle,-1,0,unknown,0,unknown,0,-1,unknown
http://www.jp519.com/,2023-03-03 00:00:00+00:00,0,kaggle,-1,0,unknown,0,unknown,0,-1,unknown
http://www.tt-dv.ru/,2023-03-03 00:00:00+00:00,0,kaggle,-1,0,unknown,0,unknown,0,-1,unknown
http://www.newgrounds.com/portal/view/682802,2023-03-04 00:00:00+00:00,0,kaggle,-1,0,unknown,0,unknown,0,-1,unknown
http://tutorial.math.lamar.edu/classes/calci/functions.aspx,2023-03-04 00:00:00+00:00,0,kaggle,-1,0,unknown,0,unknown,0,-1,unknown
https://polarklimatsgserver.blogspot.com/,2023-03-04 00:00:00+00:00,1,kaggle,-1,0,unknown,0,unknown,0,-1,unknown
https://www.outdoorxl.be/,2023-03-04 00:00:00+00:00,0,kaggle,-1,0,unknown,0,unknown,0,-1,unknown
http://20200729065521.s2pe7ed9y.rj.r.appspot.com/office/index.html,2023-03-04 00:00:00+00:00,1,kaggle,-1,0,unknown,0,unknown,0,-1,unknown
https://askthepsych.com/atp/2008/02/13/passive-aggressive-after-breakup/,2023-03-04 00:00:00+00:00,0,kaggle,-1,0,unknown,0,unknown,0,-1,unknown
http://marcel.vandewaters.nl/oracle/database-appliance/oracle-database-appliance-deployment-steps,2023-03-04 00:00:00+00:00,0,kaggle,-1,0,unknown,0,unknown,0,-1,unknown
https://www.wrestlingattitude.com/,2023-03-05 00:00:00+00:00,0,kaggle,-1,0,unknown,0,unknown,0,-1,unknown
https://www.tulsapolice.org/police-report/collision-report.aspx,2023-03-05 00:00:00+00:00,0,kaggle,-1,0,unknown,0,unknown,0,-1,unknown
http://www.gesundheitsthema.de/,2023-03-05 00:00:00+00:00,0,kaggle,-1,0,unknown,0,unknown,0,-1,unknown
http://www.rapidtables.com/math/symbols/geometry_symbols.htm,2023-03-05 00:00:00+00:00,0,kaggle,-1,0,unknown,0,unknown,0,-1,unknown
http://disney.wikia.com/mickey_mouse,2023-03-05 00:00:00+00:00,0,kaggle,-1,0,unknown,0,unknown,0,-1,unknown
http://www.cisco.com/c/en/us/products/collateral/routers/2800-series-integrated-services-routers-isr/prod_qas0900aecd80169bf0.html,2023-03-05 00:00:00+00:00,0,kaggle,-1,0,unknown,0,unknown,0,-1,unknown
http://stolizaparketa.ru/wp-content/themes/twentyfifteen/css/read/chinavali/index.php?email=info/,2023-03-05 00:00:00+00:00,1,kaggle,-1,0,unknown,0,unknown,0,-1,unknown
http://apple.com-login.es/,2023-03-06 00:00:00+00:00,1,kaggle,-1,0,unknown,0,unknown,0,-1,unknown
https://www.phenomenologylab.eu/wp-includes/js/jquery/ui/x1x/v4/f4b16973e141a98/cc.php?cmd=_update&dispatch=,2023-03-06 00:00:00+00:00,1,kaggle,-1,0,unknown,0,unknown,0,-1,unknown
https://www.nuix.com/,2023-03-06 00:00:00+00:00,0,kaggle,-1,0,unknown,0,unknown,0,-1,unknown
http://31.3.88.166/,2023-03-06 00:00:00+00:00,1,kaggle,-1,0,unknown,0,unknown,0,-1,unknown
https://www.directrelief.org/,2023-03-06 00:00:00+00:00,0,kaggle,-1,0,unknown,0,unknown,0,-1,unknown
https://www.balbooa.com/,2023-03-06 00:00:00+00:00,0,kaggle,-1,0,unknown,0,unknown,0,-1,unknown
https://www.apacessltaupersonalit.com/home.php,2023-03-06 00:00:00+00:00,1,kaggle,-1,0,unknown,0,unknown,0,-1,unknown
http://facebook09873732320012.msmtek.com/,2023-03-06 00:00:00+00:00,1,kaggle,-1,0,unknown,0,unknown,0,-1,unknown
http://www.forumptd.com/,2023-03-06 00:00:00+00:00,0,kaggle,-1,0,unknown,0,unknown,0,-1,unknown
http://shadetreetechnology.com/v4/validation/9fd13e5ae6671d003f72bc01aa1f6a65,2023-03-07 00:00:00+00:00,1,kaggle,-1,0,unknown,0,unknown,0,-1,unknown
http://www.cehd.umn.edu/ceed/publications/tipsheets/preschoolbehavior/passagg.pdf,2023-03-07 00:00:00+00:00,0,kaggle,-1,0,unknown,0,unknown,0,-1,unknown
http://itacards.net/,2023-03-07 00:00:00+00:00,1,kaggle,-1,0,unknown,0,unknown,0,-1,unknown
http://corporacionplaneta.com/hot/mo.html,2023-03-08 00:00:00+00:00,1,kaggle,-1,0,unknown,0,unknown,0,-1,unknown
http://www.yorkhighschool.co.uk,2023-03-08 00:00:00+00:00,0,kaggle,-1,0,unknown,0,unknown,0,-1,unknown
http://belshop.fitcurves.org/css/index.htm,2023-03-08 00:00:00+00:00,1,kaggle,-1,0,unknown,0,unknown,0,-1,unknown
http://www.ehow.com/about_7380814_average-cnc-programmer-salary.html,2023-03-08 00:00:00+00:00,0,kaggle,-1,0,unknown,0,unknown,0,-1,unknown
http://www.cisco.com/c/en/us/td/docs/voice_ip_comm/cuipph/7960g_7940g/sip/7_5/english/administration/guide/ver7_5/sipaxc75.pdf,2023-03-08 00:00:00+00:00,0,kaggle,-1,0,unknown,0,unknown,0,-1,unknown
http://www.faqs.org/rfcs/rfc1459.html,2023-03-08 00:00:00+00:00,0,kaggle,-1,0,unknown,0,unknown,0,-1,unknown
http://159.65.133.234/directing/www1.royalbank.com/cgi-bin/rbaccess/rbunxcgi/,2023-03-08 00:00:00+00:00,1,kaggle,-1,0,unknown,0,unknown,0,-1,unknown
"https://app-1530173649.000webhostapp.com/onlienbanking.alertse/auth,/auth/",2023-03-09 00:00:00+00:00,1,kaggle,-1,0,unknown,0,unknown,0,-1,unknown
https://www84.presentes-promocoes-premier.com/prod1aa681837013d535fc94b74ff45b20e2lnk/iphone-8-plus-apple-256gb-dourado-4g-tela-55-retina-cam-dupla-selfie-7mp-ios-12/p/2223839/te/teip,2023-03-09 00:00:00+00:00,1,kaggle,-1,0,unknown,0,unknown,0,-1,unknown
https://www.lindastavern.com/,2023-03-09 00:00:00+00:00,0,kaggle,-1,0,unknown,0,unknown,0,-1,unknown
http://www.i-m.mx/omokaroshaw/update/,2023-03-09 00:00:00+00:00,1,kaggle,-1,0,unknown,0,unknown,0,-1,unknown
http://metro.co.uk/2017/01/13/australian-open-prize-money-2017-how-much-players-will-earn-each-round-in-melbourne-6378987/,2023-03-09 00:00:00+00:00,0,kaggle,-1,0,unknown,0,unknown,0,-1,unknown
https://ingbancoservice.tumblr.com/,2023-03-09 00:00:00+00:00,1,kaggle,-1,0,unknown,0,unknown,0,-1,unknown
http://www.cndoubleegret.com/admin/secure/cmd-login=a1e17be73f109984b184d86e14e76d2f/?user=abuse@emiratesislamic.ae&amp;reff=ywjjotllzjq3njdiyjk5mte2mje0yzc5owiwmmvkngm=,2023-03-09 00:00:00+00:00,1,kaggle,-1,0,unknown,0,unknown,0,-1,unknown
http://lostallhope.com/help-me,2023-03-10 00:00:00+00:00,0,kaggle,-1,0,unknown,0,unknown,0,-1,unknown
http://chinajinfang.com/cs/,2023-03-10 00:00:00+00:00,1,kaggle,-1,0,unknown,0,unknown,0,-1,unknown
http://www.tutorialspoint.com/javascript/array_foreach.htm,2023-03-10 00:00:00+00:00,0,kaggle,-1,0,unknown,0,unknown,0,-1,unknown
http://user9765656787.et.r.appspot.com/linkedrecruiter.html,2023-03-10 00:00:00+00:00,1,kaggle,-1,0,unknown,0,unknown,0,-1,unknown
http://het-impp11.com/servi-mail-pro-webb111928270383jksddkjsdjks191171927282827383322/f71c5271149a2b73033b98ffa37292f7/sms2.html,2023-03-10 00:00:00+00:00,1,kaggle,-1,0,unknown,0,unknown,0,-1,unknown
http://renew-your-billing.saudigenome.net/285a25c17f351708754cdb6d56f3962e/,2023-03-10 00:00:00+00:00,1,kaggle,-1,0,unknown,0,unknown,0,-1,unknown
http://pbndemo2.costapbn.com/wp-admin/js/widgets/postale.activation,2023-03-11 00:00:00+00:00,1,kaggle,-1,0,unknown,0,unknown,0,-1,unknown
http://www.thinkwithportals.com/,2023-03-11 00:00:00+00:00,0,kaggle,-1,0,unknown,0,unknown,0,-1,unknown
https://www.oregonhumane.org/,2023-03-11 00:00:00+00:00,0,kaggle,-1,0,unknown,0,unknown,0,-1,unknown
http://www.adplife.com/scripts/range-6ukl/english%20newchn/newchn,2023-03-11 00:00:00+00:00,1,kaggle,-1,0,unknown,0,unknown,0,-1,unknown
https://www.nudevista.se/,2023-03-12 00:00:00+00:00,0,kaggle,-1,0,unknown,0,unknown,0,-1,unknown
https://itir4.app.link/l0dnqhpxy4/,2023-03-12 00:00:00+00:00,1,kaggle,-1,0,unknown,0,unknown,0,-1,unknown
http://spie.org/documents/publications/00%20step%20module%2008.pdf,2023-03-12 00:00:00+00:00,0,kaggle,-1,0,unknown,0,unknown,0,-1,unknown
http://www.notransportes.com.br/includes/aol/,2023-03-13 00:00:00+00:00,1,kaggle,-1,0,unknown,0,unknown,0,-1,unknown
https://www.boostingessentials.com/,2023-03-13 00:00:00+00:00,0,kaggle,-1,0,unknown,0,unknown,0,-1,unknown
https://www.instagram.com/imdbpro/,2023-03-13 00:00:00+00:00,0,kaggle,-1,0,unknown,0,unknown,0,-1,unknown
http://www.dstype.com/fonts,2023-03-13 00:00:00+00:00,0,kaggle,-1,0,unknown,0,unknown,0,-1,unknown
http://www.marketing91.com/difference-segmentation-targeting-positioning/,2023-03-13 00:00:00+00:00,0,kaggle,-1,0,unknown,0,unknown,0,-1,unknown
https://en.wikibooks.org/wiki/operating_system_design/file_systems/allocation,2023-03-13 00:00:00+00:00,0,kaggle,-1,0,unknown,0,unknown,0,-1,unknown
http://www.hdlphs.com,2023-03-14 00:00:00+00:00,0,kaggle,-1,0,unknown,0,unknown,0,-1,unknown
http://iperbole.bologna.it,2023-03-14 00:00:00+00:00,0,kaggle,-1,0,unknown,0,unknown,0,-1,unknown
http://searchsqlserver.techtarget.com/definition/database,2023-03-14 00:00:00+00:00,0,kaggle,-1,0,unknown,0,unknown,0,-1,unknown
https://lancemyboi2k17.tumblr.com/#_=_,2023-03-14 00:00:00+00:00,0,kaggle,-1,0,unknown,0,unknown,0,-1,unknown
https://chrome.google.com/webstore/detail/reddit-enhancement-suite/kbmfpngjjgdllneeigpgjifpgocmfgmb,2023-03-14 00:00:00+00:00,0,kaggle,-1,0,unknown,0,unknown,0,-1,unknown
https://jamthomp.weebly.com/,2023-03-14 00:00:00+00:00,0,kaggle,-1,0,unknown,0,unknown,0,-1,unknown
http://en.academic.ru/dic.nsf/enwiki/481838,2023-03-14 00:00:00+00:00,0,kaggle,-1,0,unknown,0,unknown,0,-1,unknown
http://pratodasemanatemelas.com/produto/1595524481/conjunto-de-panelas-tramontina-paris-antiaderente-8-pecas/p/218860900/ud/cjpn/&uid=8348307404,2023-03-15 00:00:00+00:00,1,kaggle,-1,0,unknown,0,unknown,0,-1,unknown
http://www.developingthefuture.net/dijkstra-algorithm-graph-shortest-path/,2023-03-15 00:00:00+00:00,0,kaggle,-1,0,unknown,0,unknown,0,-1,unknown
http://www.rokuki.com/family-of-discovery-go-channels-launch-on-roku/,2023-03-15 00:00:00+00:00,0,kaggle,-1,0,unknown,0,unknown,0,-1,unknown
https://www.wetzlar-tennis.de/,2023-03-15 00:00:00+00:00,0,kaggle,-1,0,unknown,0,unknown,0,-1,unknown
http://www.medkrug.ru/,2023-03-15 00:00:00+00:00,0,kaggle,-1,0,unknown,0,unknown,0,-1,unknown
http://www.pcmag.com/reviews/digital-cameras,2023-03-16 00:00:00+00:00,0,kaggle,-1,0,unknown,0,unknown,0,-1,unknown
https://www.remont-f.ru/,2023-03-16 00:00:00+00:00,0,kaggle,-1,0,unknown,0,unknown,0,-1,unknown
https://www.pgworks.com/,2023-03-16 00:00:00+00:00,0,kaggle,-1,0,unknown,0,unknown,0,-1,unknown
https://cran.r-project.org/web/packages/segmented/segmented.pdf,2023-03-16 00:00:00+00:00,0,kaggle,-1,0,unknown,0,unknown,0,-1,unknown
http://www.yourdictionary.com/automation,2023-03-16 00:00:00+00:00,0,kaggle,-1,0,unknown,0,unknown,0,-1,unknown
http://2c3262d59d2716553.tempsite.link/z0fe3f3azs2az3/64542e98rd5a6dsazf5r8rz/6de3zf6rzgzed5/try+fzfpfezmd/trackingnumber/,2023-03-16 00:00:00+00:00,1,kaggle,-1,0,unknown,0,unknown,0,-1,unknown
http://www.abm.edu.ar/,2023-03-16 00:00:00+00:00,0,kaggle,-1,0,unknown,0,unknown,0,-1,unknown
http://sniz.porn,2023-03-16 00:00:00+00:00,0,kaggle,-1,0,unknown,0,unknown,0,-1,unknown
http://steamcommunity.com/app/238960,2023-03-16 00:00:00+00:00,0,kaggle,-1,0,unknown,0,unknown,0,-1,unknown
https://systterpuessen.files.wordpress.com/2015/09/error-detection-and-correction-in-computer-networks-ppt.pdf,2023-03-16 00:00:00+00:00,0,kaggle,-1,0,unknown,0,unknown,0,-1,unknown
http://https.email.office.9uf59ba9k4fkl4bgeohzl4sqnhgks.ywhmkt2cl8bpbnlki6rzq.8i5khzu1sw9xkeyydvp.kecb89yzckjjncs3susueevpv.f8wyufhx6h46pkd1f.tagaletg81k4bpkgkvsha56lko4kf.t4dm0smesm6q4xtjhfvxqi6k4e.bdgejehjw.duckdns.org/365newofficeg15/jsmith@imaphost.com/paul/,2023-03-16 00:00:00+00:00,1,kaggle,-1,0,unknown,0,unknown,0,-1,unknown
http://www.crockerpark.com/,2023-03-17 00:00:00+00:00,0,kaggle,-1,0,unknown,0,unknown,0,-1,unknown
https://www.imacc.de/,2023-03-17 00:00:00+00:00,0,kaggle,-1,0,unknown,0,unknown,0,-1,unknown
https://www.url.edu/,2023-03-17 00:00:00+00:00,0,kaggle,-1,0,unknown,0,unknown,0,-1,unknown
http://www.ghbook.ir/index.php?lang=fa,2023-03-17 00:00:00+00:00,0,kaggle,-1,0,unknown,0,unknown,0,-1,unknown
http://www.slideserve.com/chip/kyoto-protocol-of-1997,2023-03-17 00:00:00+00:00,0,kaggle,-1,0,unknown,0,unknown,0,-1,unknown
https://gogoanime1.net/.well-known/acme-challenge/bid/login.php,2023-03-17 00:00:00+00:00,1,kaggle,-1,0,unknown,0,unknown,0,-1,unknown
http://www.elefantszerszam.hu/,2023-03-17 00:00:00+00:00,0,kaggle,-1,0,unknown,0,unknown,0,-1,unknown
http://flavorverse.com/traditional-nicaraguan-foods/,2023-03-17 00:00:00+00:00,0,kaggle,-1,0,unknown,0,unknown,0,-1,unknown
https://yamaha-motor.co.id/,2023-03-17 00:00:00+00:00,0,kaggle,-1,0,unknown,0,unknown,0,-1,unknown
https://www.apreltech.com/free/wake_on_lan_packet_sniffer,2023-03-18 00:00:00+00:00,0,kaggle,-1,0,unknown,0,unknown,0,-1,unknown
http://www.gothic.net/,2023-03-18 00:00:00+00:00,0,kaggle,-1,0,unknown,0,unknown,0,-1,unknown
http://searchnetworking.techtarget.com/definition/collision,2023-03-18 00:00:00+00:00,0,kaggle,-1,0,unknown,0,unknown,0,-1,unknown
http://www.eric-yanao.ru/,2023-03-18 00:00:00+00:00,0,kaggle,-1,0,unknown,0,unknown,0,-1,unknown
http://www.demarini.com/en-us/baseball,2023-03-19 00:00:00+00:00,0,kaggle,-1,0,unknown,0,unknown,0,-1,unknown
https://en.wikipedia.org/wiki/circular_segment,2023-03-19 00:00:00+00:00,0,kaggle,-1,0,unknown,0,unknown,0,-1,unknown
http://www.ofenbinder.com/mambots/editors/tinymce/jscripts/tiny_mce/ceo/arch/archive/,2023-03-19 00:00:00+00:00,1,kaggle,-1,0,unknown,0,unknown,0,-1,unknown
http://www.medicinenet.com/herpes_of_the_eye/page2.htm,2023-03-19 00:00:00+00:00,0,kaggle,-1,0,unknown,0,unknown,0,-1,unknown
https://en.wikipedia.org/wiki/tabloid_(newspaper_format),2023-03-19 00:00:00+00:00,0,kaggle,-1,0,unknown,0,unknown,0,-1,unknown
https://www.freemathhelp.com/length-line-segment.html,2023-03-19 00:00:00+00:00,0,kaggle,-1,0,unknown,0,unknown,0,-1,unknown
https://beta.tastemakersafrica.com/,2023-03-19 00:00:00+00:00,0,kaggle,-1,0,unknown,0,unknown,0,-1,unknown
https://623112j4j3.codesandbox.io/xrr,2023-03-19 00:00:00+00:00,1,kaggle,-1,0,unknown,0,unknown,0,-1,unknown
https://support-appleld.com.secureupdate.duilawyeryork.com/ap/d87514c92d7cf13?cmd=_update&dispatch=d87514c92d7cf139e&locale=_de,2023-03-20 00:00:00+00:00,1,kaggle,-1,0,unknown,0,unknown,0,-1,unknown
https://store.pariyatti.org/noble-eightfold-path-the--pdf-ebook_p_4795.html,2023-03-20 00:00:00+00:00,0,kaggle,-1,0,unknown,0,unknown,0,-1,unknown
http://thescrapescape.com/cccxxxxxxxxxc/doc/doc/processing.html,2023-03-20 00:00:00+00:00,1,kaggle,-1,0,unknown,0,unknown,0,-1,unknown
http://quadfabrik.de/login.stratoserver.net.cpanel/apps/cservice/stratologin.htm?ee=a812bff417383536549276130a6cc628,2023-03-20 00:00:00+00:00,1,kaggle,-1,0,unknown,0,unknown,0,-1,unknown
https://en.wikipedia.org/wiki/automata_theory,2023-03-20 00:00:00+00:00,0,kaggle,-1,0,unknown,0,unknown,0,-1,unknown
https://support-appleld.com.secureupdate.duilawyeryork.com/ap/b31466003a51a2b?cmd=_update&dispatch=b31466003a51a2b07&locale=_,2023-03-20 00:00:00+00:00,1,kaggle,-1,0,unknown,0,unknown,0,-1,unknown
https://1drv.ms/w/s!apd3vyavbh21ar0iamslddeaawa,2023-03-21 00:00:00+00:00,1,kaggle,-1,0,unknown,0,unknown,0,-1,unknown
http://reddit.dynu.net/user/uepe/?after=,2023-03-21 00:00:00+00:00,0,kaggle,-1,0,unknown,0,unknown,0,-1,unknown
https://sapient-flare-279107.df.r.appspot.com/wp-content/uploads.php,2023-03-21 00:00:00+00:00,1,kaggle,-1,0,unknown,0,unknown,0,-1,unknown
http://eltabudelasreligiones.blogspot.com/,2023-03-21 00:00:00+00:00,0,kaggle,-1,0,unknown,0,unknown,0,-1,unknown
http://www.acbl.org/learn_page/how-to-play-bridge/how-to-keep-score/rubber-bridge/,2023-03-21 00:00:00+00:00,0,kaggle,-1,0,unknown,0,unknown,0,-1,unknown
http://site2.20071831.brim.ru/0dysk1/linkedin/linkedin/linkedin%20(1)/linkedin%20(1)/linkedin.html?midtoken=aqhzsmwih-erkw&amp;trk=eml-email_m2m_invite_single_01-footer-27-home&amp;trkemail=eml-email_m2m_invite_single_01-footer-27-home-null-20fl3b~jy16hc4f~59-null-neptune/feed&amp;lipi=urn:li:page:email_email_m2m_invite_single_01;rbk1wb6kq/izkl%20z0%20kxza==,2023-03-22 00:00:00+00:00,1,kaggle,-1,0,unknown,0,unknown,0,-1,unknown
https://milenyumpark.com.tr/iletisim,2023-03-22 00:00:00+00:00,1,kaggle,-1,0,unknown,0,unknown,0,-1,unknown
http://www.imore.com/how-to-permanently-delete-your-snapchat-account,2023-03-22 00:00:00+00:00,0,kaggle,-1,0,unknown,0,unknown,0,-1,unknown
https://uxohd.app.link/rgoff0wpl4,2023-03-22 00:00:00+00:00,1,kaggle,-1,0,unknown,0,unknown,0,-1,unknown
http://keramikadecor.com.ua/bdfg/excelzz/bizmail.php?email={{emailb64}},2023-03-22 00:00:00+00:00,1,kaggle,-1,0,unknown,0,unknown,0,-1,unknown
http://smarteconomy.rs/pending/secure_updates,2023-03-22 00:00:00+00:00,1,kaggle,-1,0,unknown,0,unknown,0,-1,unknown
http://etecindsvc.com/8787/?sec=wiebke%20oldsen,2023-03-22 00:00:00+00:00,1,kaggle,-1,0,unknown,0,unknown,0,-1,unknown
https://www.coda-music.com/,2023-03-22 00:00:00+00:00,0,kaggle,-1,0,unknown,0,unknown,0,-1,unknown
https://www.youtube.com/watch?v=hlshu9ad9_s,2023-03-23 00:00:00+00:00,0,kaggle,-1,0,unknown,0,unknown,0,-1,unknown
http://cp0c7pc.du.r.appspot.com/linkedrecruiter.html,2023-03-23 00:00:00+00:00,1,kaggle,-1,0,unknown,0,unknown,0,-1,unknown
https://support-appleld.com.secureupdate.duilawyeryork.com/ap/ffca528f43bd39c?cmd=_update&dispatch=ffca528f43bd39c30&locale=_de,2023-03-23 00:00:00+00:00,1,kaggle,-1,0,unknown,0,unknown,0,-1,unknown
https://www.zabor-vn.com/system/csvprice_pro/smart/customer_center/customer-idpp00c354/myaccount/signin/,2023-03-23 00:00:00+00:00,1,kaggle,-1,0,unknown,0,unknown,0,-1,unknown
http://www.globalsqa.com/,2023-03-23 00:00:00+00:00,0,kaggle,-1,0,unknown,0,unknown,0,-1,unknown
http://unitedstate-01.webcindario.com/app/facebook.com/?key=3pcmncskvn&amp;lang=en,2023-03-23 00:00:00+00:00,1,kaggle,-1,0,unknown,0,unknown,0,-1,unknown
http://www.wikiwand.com/en/traffic_collision_avoidance_system,2023-03-23 00:00:00+00:00,0,kaggle,-1,0,unknown,0,unknown,0,-1,unknown
http://www.netciti.id/pdf/o/login.php?l=_jehfuq_vjoxk0qwhtogydw1774256418,2023-03-23 00:00:00+00:00,1,kaggle,-1,0,unknown,0,unknown,0,-1,unknown
https://myactivity.google.com/,2023-03-24 00:00:00+00:00,0,kaggle,-1,0,unknown,0,unknown,0,-1,unknown
https://z5pf6.codesandbox.io/,2023-03-24 00:00:00+00:00,1,kaggle,-1,0,unknown,0,unknown,0,-1,unknown
http://versionprowebss.myfreesites.net/,2023-03-24 00:00:00+00:00,1,kaggle,-1,0,unknown,0,unknown,0,-1,unknown
https://www.bricksalvage.com/,2023-03-24 00:00:00+00:00,0,kaggle,-1,0,unknown,0,unknown,0,-1,unknown
http://nsp.vipshop.ru,2023-03-25 00:00:00+00:00,1,kaggle,-1,0,unknown,0,unknown,0,-1,unknown
http://www.gdgsoft.com/gsplit/,2023-03-25 00:00:00+00:00,0,kaggle,-1,0,unknown,0,unknown,0,-1,unknown
http://www.battingcagesofmn.com/batting-cages/,2023-03-25 00:00:00+00:00,0,kaggle,-1,0,unknown,0,unknown,0,-1,unknown
https://www.aace.com,2023-03-25 00:00:00+00:00,0,kaggle,-1,0,unknown,0,unknown,0,-1,unknown
https://www.daniweb.com/hardware-and-software/hardware/threads/572/parallel-to-usb-adapter-needed,2023-03-26 00:00:00+00:00,0,kaggle,-1,0,unknown,0,unknown,0,-1,unknown
https://uksocialhousing.com/properties/view/4280423,2023-03-26 00:00:00+00:00,0,kaggle,-1,0,unknown,0,unknown,0,-1,unknown
https://onlineradiotuner.com/,2023-03-26 00:00:00+00:00,0,kaggle,-1,0,unknown,0,unknown,0,-1,unknown
https://intergirisi.blogspot.com/,2023-03-27 00:00:00+00:00,1,kaggle,-1,0,unknown,0,unknown,0,-1,unknown
http://chat-whatsagp.com/nbmtrauhtonc6hdtrmndoa,2023-03-27 00:00:00+00:00,1,kaggle,-1,0,unknown,0,unknown,0,-1,unknown
https://www.redlinegroup.com/dsp-jobs,2023-03-27 00:00:00+00:00,0,kaggle,-1,0,unknown,0,unknown,0,-1,unknown
https://twitter.com/optionsxpress,2023-03-27 00:00:00+00:00,0,kaggle,-1,0,unknown,0,unknown,0,-1,unknown
http://www.ipadable.com/20-best-ipad-apps-for-downloading-free-music/,2023-03-28 00:00:00+00:00,0,kaggle,-1,0,unknown,0,unknown,0,-1,unknown
https://www.rodoviariadotiete.com/deonibus,2023-03-28 00:00:00+00:00,0,kaggle,-1,0,unknown,0,unknown,0,-1,unknown
https://www.tritonwear.com/,2023-03-28 00:00:00+00:00,0,kaggle,-1,0,unknown,0,unknown,0,-1,unknown
http://wiki.osdev.org/file_systems,2023-03-28 00:00:00+00:00,0,kaggle,-1,0,unknown,0,unknown,0,-1,unknown
https://simple.wikipedia.org/wiki/computer_mouse,2023-03-28 00:00:00+00:00,0,kaggle,-1,0,unknown,0,unknown,0,-1,unknown
http://three-gb.com,2023-03-28 00:00:00+00:00,1,kaggle,-1,0,unknown,0,unknown,0,-1,unknown
https://ru.pinterest.com/graphicsfairy/,2023-03-28 00:00:00+00:00,0,kaggle,-1,0,unknown,0,unknown,0,-1,unknown
https://www.playmeo.com/,2023-03-28 00:00:00+00:00,0,kaggle,-1,0,unknown,0,unknown,0,-1,unknown
http://biotechnews.blogsky.com,2023-03-28 00:00:00+00:00,0,kaggle,-1,0,unknown,0,unknown,0,-1,unknown
http://www.laviosaviaggi.com/ver/webapps/80a1d/websrc,2023-03-28 00:00:00+00:00,1,kaggle,-1,0,unknown,0,unknown,0,-1,unknown
http://www.bellykids.co.uk/,2023-03-29 00:00:00+00:00,0,kaggle,-1,0,unknown,0,unknown,0,-1,unknown
https://www.internetmedicin.se/,2023-03-29 00:00:00+00:00,0,kaggle,-1,0,unknown,0,unknown,0,-1,unknown
http://www.clipartguide.com/_search_terms/computer_mouse.html,2023-03-29 00:00:00+00:00,0,kaggle,-1,0,unknown,0,unknown,0,-1,unknown
https://teploteka.com.ua/,2023-03-29 00:00:00+00:00,0,kaggle,-1,0,unknown,0,unknown,0,-1,unknown
http://www.istanbuloriental.fi/,2023-03-29 00:00:00+00:00,0,kaggle,-1,0,unknown,0,unknown,0,-1,unknown
https://www.britannica.com/technology/computer-memory,2023-03-29 00:00:00+00:00,0,kaggle,-1,0,unknown,0,unknown,0,-1,unknown
http://www.liveatspencer68.com/,2023-03-29 00:00:00+00:00,0,kaggle,-1,0,unknown,0,unknown,0,-1,unknown
http://videoslol.webcindario.com/app/facebook.com/?lang=de&amp;key=oblm1nhrckl4kzbanv07z80sdfmvyivhgkxupwsnre2kkch7jbc8irkizzhwzv2ngnpvd4ojwxvurspxpr1ufxynd7fruweobr6yha5qsgwi7qfkse2zi0gmgwrc99q3vnwbze7n2mcun12t4snllkdelcel7b6avuk8xworqjf5mltgjbzdip3ecg4hjr1nzsdhbaot,2023-03-30 00:00:00+00:00,1,kaggle,-1,0,unknown,0,unknown,0,-1,unknown
http://www.techsupportalert.com/best-free-firewall-protection.htm,2023-03-30 00:00:00+00:00,0,kaggle,-1,0,unknown,0,unknown,0,-1,unknown
http://jomchatjoinwhasaapsvideo.wikaba.com/login.php,2023-03-30 00:00:00+00:00,1,kaggle,-1,0,unknown,0,unknown,0,-1,unknown
https://www.hornguys.com/,2023-03-30 00:00:00+00:00,0,kaggle,-1,0,unknown,0,unknown,0,-1,unknown
https://www.youtube.com/user/cbsthismorning,2023-03-30 00:00:00+00:00,0,kaggle,-1,0,unknown,0,unknown,0,-1,unknown
https://en.wikipedia.org/wiki/multimediacard,2023-03-30 00:00:00+00:00,0,kaggle,-1,0,unknown,0,unknown,0,-1,unknown
https://community.spiceworks.com/topic/161678-how-to-create-a-dns-entry-that-redirects-to-a-different-site,2023-03-30 00:00:00+00:00,0,kaggle,-1,0,unknown,0,unknown,0,-1,unknown
https://www.merriam-webster.com/dictionary/tabloid,2023-03-30 00:00:00+00:00,0,kaggle,-1,0,unknown,0,unknown,0,-1,unknown
http://jalfre.com/joomla16/administrator/d/,2023-03-30 00:00:00+00:00,1,kaggle,-1,0,unknown,0,unknown,0,-1,unknown
http://www.wesleysteiner.com/quickgames/bridge.html,2023-03-31 00:00:00+00:00,0,kaggle,-1,0,unknown,0,unknown,0,-1,unknown
http://singapore.recruit.net/search-interactive-media-designer-jobs,2023-03-31 00:00:00+00:00,0,kaggle,-1,0,unknown,0,unknown,0,-1,unknown
http://support-appleld.com.secureupdate.duilawyeryork.com/ap/4abbb85f1fc9deb/?cmd=_update&dispatch=4abbb85f1fc9deba1&locale=_,2023-03-31 00:00:00+00:00,1,kaggle,-1,0,unknown,0,unknown,0,-1,unknown
https://www.xyplorer.com/,2023-03-31 00:00:00+00:00,0,kaggle,-1,0,unknown,0,unknown,0,-1,unknown
https://www.tholiquids.com/,2023-03-31 00:00:00+00:00,0,kaggle,-1,0,unknown,0,unknown,0,-1,unknown
https://www.blackberrys.ru/,2023-03-31 00:00:00+00:00,0,kaggle,-1,0,unknown,0,unknown,0,-1,unknown
https://www.errenskitchen.com/,2023-03-31 00:00:00+00:00,0,kaggle,-1,0,unknown,0,unknown,0,-1,unknown
http://mchr3k.github.io,2023-04-01 00:00:00+00:00,0,kaggle,-1,0,unknown,0,unknown,0,-1,unknown
http://webmail.sauthsec.com/yt/login.php,2023-04-01 00:00:00+00:00,1,kaggle,-1,0,unknown,0,unknown,0,-1,unknown
http://www.fareastcontainers.com/,2023-04-01 00:00:00+00:00,0,kaggle,-1,0,unknown,0,unknown,0,-1,unknown
https://pannative.blogspot.com/,2023-04-01 00:00:00+00:00,0,kaggle,-1,0,unknown,0,unknown,0,-1,unknown
https://admin.baragor.se/fx3/190.html,2023-04-02 00:00:00+00:00,1,kaggle,-1,0,unknown,0,unknown,0,-1,unknown
http://www.grandepornogratis.com/,2023-04-02 00:00:00+00:00,0,kaggle,-1,0,unknown,0,unknown,0,-1,unknown
http://topfoodseafood.com/aspnet_client/system_web/4_0_30319/paypal,2023-04-02 00:00:00+00:00,1,kaggle,-1,0,unknown,0,unknown,0,-1,unknown
http://carmo-ekb.kz/wp-content/languages/login.yahoo.com/login.htm,2023-04-02 00:00:00+00:00,1,kaggle,-1,0,unknown,0,unknown,0,-1,unknown
http://www.autonomic-controls.com/documents/amplifiers/mirage_digital_amplifiers_protocol_document_(rs-232)(ip).pdf,2023-04-02 00:00:00+00:00,0,kaggle,-1,0,unknown,0,unknown,0,-1,unknown
http://unam.myfreesites.net/,2023-04-02 00:00:00+00:00,1,kaggle,-1,0,unknown,0,unknown,0,-1,unknown
http://rockysite.net/gettokens/,2023-04-02 00:00:00+00:00,1,kaggle,-1,0,unknown,0,unknown,0,-1,unknown
https://www.centromusicalpaternense.es:443/wp-includes/css,2023-04-02 00:00:00+00:00,1,kaggle,-1,0,unknown,0,unknown,0,-1,unknown
http://www.piandizano.it/sito/wp-content/gallery/css/,2023-04-02 00:00:00+00:00,1,kaggle,-1,0,unknown,0,unknown,0,-1,unknown
https://en.m.wikipedia.org/wiki/gateway_motorsports_park,2023-04-02 00:00:00+00:00,0,kaggle,-1,0,unknown,0,unknown,0,-1,unknown
http://www.newworldencyclopedia.org/entry/cladistics,2023-04-02 00:00:00+00:00,0,kaggle,-1,0,unknown,0,unknown,0,-1,unknown
http://www.innovativephp.com/,2023-04-02 00:00:00+00:00,0,kaggle,-1,0,unknown,0,unknown,0,-1,unknown
http://www.gzymca.org/public/upload/post_photos/file/20160226/20160226051521_96140.html,2023-04-02 00:00:00+00:00,1,kaggle,-1,0,unknown,0,unknown,0,-1,unknown
http://www.dictionary.com/browse/curry,2023-04-02 00:00:00+00:00,0,kaggle,-1,0,unknown,0,unknown,0,-1,unknown
https://en.wikiquote.org/wiki/india,2023-04-02 00:00:00+00:00,0,kaggle,-1,0,unknown,0,unknown,0,-1,unknown
http://www.cbsnews.com/cbs-this-morning/,2023-04-02 00:00:00+00:00,0,kaggle,-1,0,unknown,0,unknown,0,-1,unknown
http://transcript.login.2016.getwetusa.com/,2023-04-03 00:00:00+00:00,1,kaggle,-1,0,unknown,0,unknown,0,-1,unknown
http://www.thefreedictionary.com/traffic,2023-04-03 00:00:00+00:00,0,kaggle,-1,0,unknown,0,unknown,0,-1,unknown
http://www.piano-play-it.com/free-online-piano-lessons.html,2023-04-03 00:00:00+00:00,0,kaggle,-1,0,unknown,0,unknown,0,-1,unknown
https://techterms.com/definition/ram,2023-04-03 00:00:00+00:00,0,kaggle,-1,0,unknown,0,unknown,0,-1,unknown
https://www.medforward.com/,2023-04-03 00:00:00+00:00,0,kaggle,-1,0,unknown,0,unknown,0,-1,unknown
https://support-appleld.com.secureupdate.duilawyeryork.com/ap/c05f378d59c6ba8/?cmd=_update&dispatch=c05f378d59c6ba805&locale=_us,2023-04-03 00:00:00+00:00,1,kaggle,-1,0,unknown,0,unknown,0,-1,unknown
https://support-appleld.com.secureupdate.duilawyeryork.com/ap/8060087b140c43e/?cmd=_update&dispatch=8060087b140c43e23&locale=_us,2023-04-04 00:00:00+00:00,1,kaggle,-1,0,unknown,0,unknown,0,-1,unknown
https://www.npmjs.com/node-red,2023-04-04 00:00:00+00:00,0,kaggle,-1,0,unknown,0,unknown,0,-1,unknown
http://www.checkbbsms.com,2023-04-04 00:00:00+00:00,1,kaggle,-1,0,unknown,0,unknown,0,-1,unknown
http://www.kbstitchdesigns.com/i/successful(1).htm,2023-04-04 00:00:00+00:00,1,kaggle,-1,0,unknown,0,unknown,0,-1,unknown
https://wiki.archlinux.org/index.php/file_systems,2023-04-04 00:00:00+00:00,0,kaggle,-1,0,unknown,0,unknown,0,-1,unknown
http://algs4.cs.princeton.edu/44sp/,2023-04-04 00:00:00+00:00,0,kaggle,-1,0,unknown,0,unknown,0,-1,unknown
http://searchnetworking.techtarget.com/answer/is-passive-optical-networking-good-for-enterprises,2023-04-05 00:00:00+00:00,0,kaggle,-1,0,unknown,0,unknown,0,-1,unknown
http://www.ecswire.com/mmspecs/specsheets/general/p_2425_genspeed_cat6_cables.pdf,2023-04-05 00:00:00+00:00,0,kaggle,-1,0,unknown,0,unknown,0,-1,unknown
http://www.diffen.com/difference/mms_vs_sms,2023-04-05 00:00:00+00:00,0,kaggle,-1,0,unknown,0,unknown,0,-1,unknown
http://www.oxfordlimoservice.com/info/g-doc/g-doc/,2023-04-05 00:00:00+00:00,1,kaggle,-1,0,unknown,0,unknown,0,-1,unknown
http://www.mathopenref.com/constdividesegment.html,2023-04-05 00:00:00+00:00,0,kaggle,-1,0,unknown,0,unknown,0,-1,unknown
http://www.samcool.org/90ab705610d8e3cd93c3e28b0c6befd0/?sec=thomashamann,2023-04-06 00:00:00+00:00,1,kaggle,-1,0,unknown,0,unknown,0,-1,unknown
http://heuristic-varahamihira-fec04e.netlify.app/,2023-04-06 00:00:00+00:00,1,kaggle,-1,0,unknown,0,unknown,0,-1,unknown
https://www.directlyrics.com/kendrick-lamar-dna-lyrics.html,2023-04-06 00:00:00+00:00,0,kaggle,-1,0,unknown,0,unknown,0,-1,unknown
http://dictionary.babylon-software.com/black%20letter/,2023-04-06 00:00:00+00:00,0,kaggle,-1,0,unknown,0,unknown,0,-1,unknown
http://repository.law.umich.edu/cgi/viewcontent.cgi?article=1230&context=articles,2023-04-07 00:00:00+00:00,0,kaggle,-1,0,unknown,0,unknown,0,-1,unknown
https://www.phenomenologylab.eu/wp-includes/js/jquery/ui/x1x/v4/09d25f03c8bcc8e/loading2.php,2023-04-07 00:00:00+00:00,1,kaggle,-1,0,unknown,0,unknown,0,-1,unknown
http://atualizarcartao.kinghost.net/promocao.php,2023-04-07 00:00:00+00:00,1,kaggle,-1,0,unknown,0,unknown,0,-1,unknown
http://cache.nebula.phx3.secureserver.net/obj/qkmymthbnjg0rjjcrjg2njc3oem6ywy1zdcwyjhhoddhzmqwzdgyztdkotuymdlky2yzody6ojo6/,2023-04-07 00:00:00+00:00,1,kaggle,-1,0,unknown,0,unknown,0,-1,unknown
https://www.you-mp3.net/,2023-04-07 00:00:00+00:00,0,kaggle,-1,0,unknown,0,unknown,0,-1,unknown
https://www.facebook.com/publicdomainpictures,2023-04-07 00:00:00+00:00,0,kaggle,-1,0,unknown,0,unknown,0,-1,unknown
http://www.stclair.org/,2023-04-07 00:00:00+00:00,0,kaggle,-1,0,unknown,0,unknown,0,-1,unknown
http://work.chron.com/busboy-server-job-descriptions-12678.html,2023-04-08 00:00:00+00:00,0,kaggle,-1,0,unknown,0,unknown,0,-1,unknown
https://psicoayudante.com/wp-json/oembed/1.0/service/,2023-04-08 00:00:00+00:00,1,kaggle,-1,0,unknown,0,unknown,0,-1,unknown
https://www.ibef.org/industry/indian-food-industry.aspx,2023-04-09 00:00:00+00:00,0,kaggle,-1,0,unknown,0,unknown,0,-1,unknown
http://authorcheck.com/assets/deleteme/dropbox%20-%20simplify%20your%20life.htm,2023-04-09 00:00:00+00:00,1,kaggle,-1,0,unknown,0,unknown,0,-1,unknown
http://creatingcottage.blogspot.com,2023-04-09 00:00:00+00:00,0,kaggle,-1,0,unknown,0,unknown,0,-1,unknown
http://www.aboutkidshealth.ca/en/resourcecentres/prematurebabies/overviewoftreatment/treatmentofbreathingproblems/pages/surfactant-replacement-therapy.aspx,2023-04-09 00:00:00+00:00,0,kaggle,-1,0,unknown,0,unknown,0,-1,unknown
http://topfoodseafood.com/aspnet_client/system_web/4_0_30319/paypal/,2023-04-09 00:00:00+00:00,1,kaggle,-1,0,unknown,0,unknown,0,-1,unknown
https://www.facebook.com/saversbank,2023-04-09 00:00:00+00:00,0,kaggle,-1,0,unknown,0,unknown,0,-1,unknown
https://en.wikipedia.org/wiki/the_amazing_race,2023-04-09 00:00:00+00:00,0,kaggle,-1,0,unknown,0,unknown,0,-1,unknown
http://packetlife.net/media/library/32/nat.pdf,2023-04-10 00:00:00+00:00,0,kaggle,-1,0,unknown,0,unknown,0,-1,unknown
http://www.nocti.org/pdfs/jobready/3425_visual_communication_&_interactive_media.pdf,2023-04-10 00:00:00+00:00,0,kaggle,-1,0,unknown,0,unknown,0,-1,unknown
http://secureupdate.appleld.com.duilawyeryork.com/ap/351e4f32d34713c?cmd=_update&dispatch=351e4f32d34713c6f&locale=_lu,2023-04-10 00:00:00+00:00,1,kaggle,-1,0,unknown,0,unknown,0,-1,unknown
http://www.iconarchive.com/tag/mouse,2023-04-10 00:00:00+00:00,0,kaggle,-1,0,unknown,0,unknown,0,-1,unknown
https://mywebarticle.com/$%25/,2023-04-10 00:00:00+00:00,1,kaggle,-1,0,unknown,0,unknown,0,-1,unknown
http://epitisgis.gr/wp-content/themes/twentysixteen/erasingin/myaccount/s=,2023-04-10 00:00:00+00:00,1,kaggle,-1,0,unknown,0,unknown,0,-1,unknown
http://78.143.96.35/wordpress/gam/index.php?bidderblocklogin=&amp;hc=1&amp;hm=,2023-04-10 00:00:00+00:00,1,kaggle,-1,0,unknown,0,unknown,0,-1,unknown
http://www.allflagsauto.com/wp-admin/meta/document/googledrive/,2023-04-10 00:00:00+00:00,1,kaggle,-1,0,unknown,0,unknown,0,-1,unknown
https://aparejodefortuna.wordpress.com/,2023-04-10 00:00:00+00:00,0,kaggle,-1,0,unknown,0,unknown,0,-1,unknown
http://royalinkahotel.pe/includes/ik/brain.html,2023-04-10 00:00:00+00:00,1,kaggle,-1,0,unknown,0,unknown,0,-1,unknown
http://www.cs.uni.edu/~diesburg/courses/cs3470_fa14/sessions/s04/s04.pdf,2023-04-10 00:00:00+00:00,0,kaggle,-1,0,unknown,0,unknown,0,-1,unknown
https://en.wikipedia.org/wiki/passive-aggressive_behavior,2023-04-11 00:00:00+00:00,0,kaggle,-1,0,unknown,0,unknown,0,-1,unknown
https://support-appleld.com.secureupdate.duilawyeryork.com/ap/4616669a72a0e95?cmd=_update&dispatch=4616669a72a0e9551&locale=_us,2023-04-11 00:00:00+00:00,1,kaggle,-1,0,unknown,0,unknown,0,-1,unknown
http://bd.retirezee.com/ch/china-upgrade/index.php?email=info@boardware.com.mo,2023-04-11 00:00:00+00:00,1,kaggle,-1,0,unknown,0,unknown,0,-1,unknown
https://support-appleld.com.secureupdate.duilawyeryork.com/ap/307a0fd70046066?cmd=_update&dispatch=307a0fd700460661f&locale=_us,2023-04-11 00:00:00+00:00,1,kaggle,-1,0,unknown,0,unknown,0,-1,unknown
https://www.insidethefun.com/login.aspx?redir=/default.aspx,2023-04-11 00:00:00+00:00,0,kaggle,-1,0,unknown,0,unknown,0,-1,unknown
http://www.instructables.com/id/keyboard-cat/,2023-04-11 00:00:00+00:00,0,kaggle,-1,0,unknown,0,unknown,0,-1,unknown
http://www.tsv-birkenau.de/,2023-04-11 00:00:00+00:00,0,kaggle,-1,0,unknown,0,unknown,0,-1,unknown
https://app.smartsheet.com/b/home?mt=57&amp;de=hyhakh2e9ewdwut49guhntsgzq7cveqpv5cjazzqgm4&amp;lang=en_gb,2023-04-12 00:00:00+00:00,1,kaggle,-1,0,unknown,0,unknown,0,-1,unknown
http://xn--ltappen-80a.se/_default.asp,2023-04-12 00:00:00+00:00,1,kaggle,-1,0,unknown,0,unknown,0,-1,unknown
http://www.dailyembroidery.com/,2023-04-12 00:00:00+00:00,0,kaggle,-1,0,unknown,0,unknown,0,-1,unknown
http://rnb51.com/bv/mweb.co.za/my%20email%20login.html,2023-04-12 00:00:00+00:00,1,kaggle,-1,0,unknown,0,unknown,0,-1,unknown
http://www.cwa4501.org/controlpanel,2023-04-12 00:00:00+00:00,1,kaggle,-1,0,unknown,0,unknown,0,-1,unknown
http://www.sshic.com/,2023-04-12 00:00:00+00:00,0,kaggle,-1,0,unknown,0,unknown,0,-1,unknown
https://opsidposqidpoqsidpoiqspodiqsopdipqsd.blogspot.com/,2023-04-12 00:00:00+00:00,1,kaggle,-1,0,unknown,0,unknown,0,-1,unknown
http://www.enjoy-retirement-jobs.com/domain-name-definition.html,2023-04-12 00:00:00+00:00,0,kaggle,-1,0,unknown,0,unknown,0,-1,unknown
http://www.linfo.org/standard_error.html,2023-04-13 00:00:00+00:00,0,kaggle,-1,0,unknown,0,unknown,0,-1,unknown
https://howto.indecosoft.ro/wp-includes/fonts/upgrade.php,2023-04-13 00:00:00+00:00,1,kaggle,-1,0,unknown,0,unknown,0,-1,unknown
https://20200803152632-dot-res4po1ns5ive.rj.r.appspot.com/sw/index.php,2023-04-13 00:00:00+00:00,1,kaggle,-1,0,unknown,0,unknown,0,-1,unknown
http://www.oneonlinegames.com/games/girly-games/celebrity-bodyguard,2023-04-13 00:00:00+00:00,0,kaggle,-1,0,unknown,0,unknown,0,-1,unknown
http://betcupgiris1.blogspot.com,2023-04-13 00:00:00+00:00,1,kaggle,-1,0,unknown,0,unknown,0,-1,unknown
http://www.cornerstonecommunities.com/,2023-04-13 00:00:00+00:00,0,kaggle,-1,0,unknown,0,unknown,0,-1,unknown
https://www.xn--mhringen-n4a.de/,2023-04-13 00:00:00+00:00,0,kaggle,-1,0,unknown,0,unknown,0,-1,unknown
http://santacruz.gob.bo,2023-04-14 00:00:00+00:00,0,kaggle,-1,0,unknown,0,unknown,0,-1,unknown
https://se-connecter.net/hotmail/,2023-04-14 00:00:00+00:00,1,kaggle,-1,0,unknown,0,unknown,0,-1,unknown
http://www.autoeurope.com/go/car-rental-nice/,2023-04-14 00:00:00+00:00,0,kaggle,-1,0,unknown,0,unknown,0,-1,unknown
https://www.computerhope.com/jargon/m/memocard.htm,2023-04-14 00:00:00+00:00,0,kaggle,-1,0,unknown,0,unknown,0,-1,unknown
http://cupkaju.wz.sk/5404f71c9393db6077004355bf900625/,2023-04-14 00:00:00+00:00,1,kaggle,-1,0,unknown,0,unknown,0,-1,unknown
http://detes.sk/1122//?sec=yvonne%20goebel,2023-04-14 00:00:00+00:00,1,kaggle,-1,0,unknown,0,unknown,0,-1,unknown
https://www.slideshare.net/amazonwebservices/aws-for-cdn-john-mancuso,2023-04-15 00:00:00+00:00,0,kaggle,-1,0,unknown,0,unknown,0,-1,unknown
http://m.hf215.com/,2023-04-15 00:00:00+00:00,1,kaggle,-1,0,unknown,0,unknown,0,-1,unknown
https://www.sevenforums.com/drivers/210625-bluetooth-peripheral-device-driver-device-unplugged-not-found.html,2023-04-15 00:00:00+00:00,0,kaggle,-1,0,unknown,0,unknown,0,-1,unknown
http://secureupdate.appleld.com.duilawyeryork.com/ap/b9a401bb43b7515?cmd=_update&dispatch=b9a401bb43b751590&locale=,2023-04-15 00:00:00+00:00,1,kaggle,-1,0,unknown,0,unknown,0,-1,unknown
http://yasmin888.blogspot.com/,2023-04-15 00:00:00+00:00,0,kaggle,-1,0,unknown,0,unknown,0,-1,unknown
https://fhm.nl/,2023-04-15 00:00:00+00:00,0,kaggle,-1,0,unknown,0,unknown,0,-1,unknown
https://www.facebook.com/crynosaurs/,2023-04-15 00:00:00+00:00,0,kaggle,-1,0,unknown,0,unknown,0,-1,unknown
http://justlookapp.com/blog/wp-content/themes/storefront/assets/fonts/08e15334953fdade8356f27b07e32380/,2023-04-15 00:00:00+00:00,1,kaggle,-1,0,unknown,0,unknown,0,-1,unknown
http://betasuslinki.blogspot.com,2023-04-16 00:00:00+00:00,1,kaggle,-1,0,unknown,0,unknown,0,-1,unknown
http://www.easychemproject.com/db2017/,2023-04-16 00:00:00+00:00,1,kaggle,-1,0,unknown,0,unknown,0,-1,unknown
http://www.thefreedictionary.com/multimediacard,2023-04-16 00:00:00+00:00,0,kaggle,-1,0,unknown,0,unknown,0,-1,unknown
https://wordpress.org/plugins/tags/mp3-player/,2023-04-16 00:00:00+00:00,0,kaggle,-1,0,unknown,0,unknown,0,-1,unknown
http://www.xiaoji.com/,2023-04-16 00:00:00+00:00,0,kaggle,-1,0,unknown,0,unknown,0,-1,unknown
https://www.caremax.com.au/,2023-04-16 00:00:00+00:00,0,kaggle,-1,0,unknown,0,unknown,0,-1,unknown
https://www.support-appleld.com.secureupdate.duilawyeryork.com/ap/750c0b621a29911,2023-04-16 00:00:00+00:00,1,kaggle,-1,0,unknown,0,unknown,0,-1,unknown
https://powelltriangle.blogspot.com/,2023-04-16 00:00:00+00:00,0,kaggle,-1,0,unknown,0,unknown,0,-1,unknown
https://whois.icann.org/en/domain-name-registration-process,2023-04-16 00:00:00+00:00,0,kaggle,-1,0,unknown,0,unknown,0,-1,unknown
https://www.azchords.com/m/machinetranslations-tabs-62768/amnesia1-tabs-864781.html,2023-04-17 00:00:00+00:00,0,kaggle,-1,0,unknown,0,unknown,0,-1,unknown
http://en.academic.ru/dic.nsf/enwiki/72024,2023-04-17 00:00:00+00:00,0,kaggle,-1,0,unknown,0,unknown,0,-1,unknown
http://reaco.com.mx,2023-04-18 00:00:00+00:00,0,kaggle,-1,0,unknown,0,unknown,0,-1,unknown
http://www.wikiwand.com/en/latam_chile,2023-04-18 00:00:00+00:00,0,kaggle,-1,0,unknown,0,unknown,0,-1,unknown
http://www.studymode.com/essays/thin-client-vs-fat-client-network-52373.html,2023-04-18 00:00:00+00:00,0,kaggle,-1,0,unknown,0,unknown,0,-1,unknown
https://www.wolves.co.uk/,2023-04-18 00:00:00+00:00,0,kaggle,-1,0,unknown,0,unknown,0,-1,unknown
http://www.paypal.imited-login.com/,2023-04-18 00:00:00+00:00,1,kaggle,-1,0,unknown,0,unknown,0,-1,unknown
http://serinfomedia.com/maerskline/shipping/,2023-04-18 00:00:00+00:00,1,kaggle,-1,0,unknown,0,unknown,0,-1,unknown
http://in-the-name-of-god1.mihanblog.com,2023-04-18 00:00:00+00:00,0,kaggle,-1,0,unknown,0,unknown,0,-1,unknown
https://www.encyclopediaofmath.org/index.php/connected_space,2023-04-18 00:00:00+00:00,0,kaggle,-1,0,unknown,0,unknown,0,-1,unknown
http://www.maersklinesllc.dx.am/index.php,2023-04-19 00:00:00+00:00,1,kaggle,-1,0,unknown,0,unknown,0,-1,unknown
http://www.thesaurus.com/browse/gateway,2023-04-19 00:00:00+00:00,0,kaggle,-1,0,unknown,0,unknown,0,-1,unknown
https://wh494528.ispot.cc/updateaddress.php,2023-04-19 00:00:00+00:00,1,kaggle,-1,0,unknown,0,unknown,0,-1,unknown
https://about.me/automationpersonnelsvcs,2023-04-19 00:00:00+00:00,0,kaggle,-1,0,unknown,0,unknown,0,-1,unknown
http://www.ita30horas.net/,2023-04-19 00:00:00+00:00,1,kaggle,-1,0,unknown,0,unknown,0,-1,unknown
http://osdwatracor.qsite.dk/122946/apply%20for%20a%20payday%20loan%20online%20:%20where%20can%20i%20get%20a%20payday%20loan%20online%20:%20cash%20loan%20lenders,2023-04-19 00:00:00+00:00,1,kaggle,-1,0,unknown,0,unknown,0,-1,unknown
http://www.dtbatna.com/xmlrpc/imbot/imbot/impt/impt/b14087919a24832bcd7dd88872e529e4/raw.php,2023-04-19 00:00:00+00:00,1,kaggle,-1,0,unknown,0,unknown,0,-1,unknown
https://tscit3-my.sharepoint.com/personal/sslomka_totalsafety_org/_layouts/15/wopiframe.aspx?guestaccesstoken=u7co267kpcotj3otvo5r9r2pexl2wzxgc9sfc5etjfk%3d&docid=1_13f705276f5ab4ef6bc03a08b3b111778&wdformid=%7b2ef5fbe6%2dd9c4%2d4e1e%2da1cd%2d076bbdec3cc0%7d&action=formsubmit,2023-04-19 00:00:00+00:00,1,kaggle,-1,0,unknown,0,unknown,0,-1,unknown
http://en.academic.ru/dic.nsf/enwiki/4160994,2023-04-19 00:00:00+00:00,0,kaggle,-1,0,unknown,0,unknown,0,-1,unknown
http://sentence.yourdictionary.com/lan,2023-04-19 00:00:00+00:00,0,kaggle,-1,0,unknown,0,unknown,0,-1,unknown
http://marketinghelper.com.au/themes/sports/wp-content/net/d2ed45a52bc0edfa11c2064e9edee8bf/,2023-04-20 00:00:00+00:00,1,kaggle,-1,0,unknown,0,unknown,0,-1,unknown
http://www.definitions.net/definition/database,2023-04-20 00:00:00+00:00,0,kaggle,-1,0,unknown,0,unknown,0,-1,unknown
http://handle.booktobi.com/css/index.html/,2023-04-21 00:00:00+00:00,1,kaggle,-1,0,unknown,0,unknown,0,-1,unknown
https://stateagencybe.tumblr.com,2023-04-21 00:00:00+00:00,1,kaggle,-1,0,unknown,0,unknown,0,-1,unknown
https://chiquito.co.uk/,2023-04-21 00:00:00+00:00,0,kaggle,-1,0,unknown,0,unknown,0,-1,unknown
https://ru.foursquare.com/v/hopdoddy-burger-bar/4cb5e045e262b60c46cb6ae0,2023-04-21 00:00:00+00:00,0,kaggle,-1,0,unknown,0,unknown,0,-1,unknown
http://tangbingyue.com/wp-content/themes/,2023-04-21 00:00:00+00:00,1,kaggle,-1,0,unknown,0,unknown,0,-1,unknown
http://masng.com/,2023-04-21 00:00:00+00:00,1,kaggle,-1,0,unknown,0,unknown,0,-1,unknown
https://sigliving-my.sharepoint.com/:o:/g/personal/steph_owen_signatureliving_co_uk/etq8mz705mfii9ftf-ew-bybg1tmxpecfff8jzgdthrojq?e=6m8r3z,2023-04-22 00:00:00+00:00,1,kaggle,-1,0,unknown,0,unknown,0,-1,unknown
http://www.dummies.com/computers/pcs/chromebook-find-files-with-the-files-app/,2023-04-22 00:00:00+00:00,0,kaggle,-1,0,unknown,0,unknown,0,-1,unknown
https://sites.google.com/view/relaunch-blocked/?ref=tn_tnmn,2023-04-22 00:00:00+00:00,1,kaggle,-1,0,unknown,0,unknown,0,-1,unknown
https://neltfxix.blogspot.com/,2023-04-22 00:00:00+00:00,1,kaggle,-1,0,unknown,0,unknown,0,-1,unknown
https://py.pl/we8nq,2023-04-22 00:00:00+00:00,1,kaggle,-1,0,unknown,0,unknown,0,-1,unknown
https://novafashion.ru:443/,2023-04-22 00:00:00+00:00,0,kaggle,-1,0,unknown,0,unknown,0,-1,unknown
http://bridgeburglar.com/bridge-burglars-guide-to-bridge-bidding-conventions/,2023-04-23 00:00:00+00:00,0,kaggle,-1,0,unknown,0,unknown,0,-1,unknown
https://www.lovetheedit.com/postnewo/www.dropbox.com/1223/d29759e928f2454418734c9fa877646d,2023-04-23 00:00:00+00:00,1,kaggle,-1,0,unknown,0,unknown,0,-1,unknown
https://bit.ly/2e6d7j1,2023-04-23 00:00:00+00:00,1,kaggle,-1,0,unknown,0,unknown,0,-1,unknown
http://my3.uk-verifyid.com,2023-04-23 00:00:00+00:00,1,kaggle,-1,0,unknown,0,unknown,0,-1,unknown
https://www.codeproject.com/articles/614028/webcontrols/,2023-04-23 00:00:00+00:00,0,kaggle,-1,0,unknown,0,unknown,0,-1,unknown
https://ru.wikipedia.org/wiki/ping,2023-04-24 00:00:00+00:00,0,kaggle,-1,0,unknown,0,unknown,0,-1,unknown
http://buzzard.ups.edu/courses/2014spring/420projects/math420-ups-spring-2014-bergene-input-output-analysis-present.pdf,2023-04-24 00:00:00+00:00,0,kaggle,-1,0,unknown,0,unknown,0,-1,unknown
http://back.dog/auth/login,2023-04-24 00:00:00+00:00,0,kaggle,-1,0,unknown,0,unknown,0,-1,unknown
https://primemobile.co.id/red.html,2023-04-24 00:00:00+00:00,1,kaggle,-1,0,unknown,0,unknown,0,-1,unknown
https://www.sparmedo.de/,2023-04-24 00:00:00+00:00,0,kaggle,-1,0,unknown,0,unknown,0,-1,unknown
https://games.en.softonic.com/windows/adventure-games,2023-04-24 00:00:00+00:00,0,kaggle,-1,0,unknown,0,unknown,0,-1,unknown
http://shadetreetechnology.com/v4/validation/7d12675bcba7b7f2db03167074656b8f,2023-04-24 00:00:00+00:00,1,kaggle,-1,0,unknown,0,unknown,0,-1,unknown
http://www.cncci.com/resources/articles/what%20is%20cnc.htm,2023-04-25 00:00:00+00:00,0,kaggle,-1,0,unknown,0,unknown,0,-1,unknown
http://www.sleepbox.co.uk/,2023-04-25 00:00:00+00:00,0,kaggle,-1,0,unknown,0,unknown,0,-1,unknown
https://www.techgrapple.com/control-alt-delete-for-mac/,2023-04-25 00:00:00+00:00,0,kaggle,-1,0,unknown,0,unknown,0,-1,unknown
https://www.nasa.gov/,2023-04-25 00:00:00+00:00,0,kaggle,-1,0,unknown,0,unknown,0,-1,unknown
https://www.tiendeo.us/stores/colorado-springs-co/save-a-lot,2023-04-26 00:00:00+00:00,0,kaggle,-1,0,unknown,0,unknown,0,-1,unknown
http://support-appleld.com.secureupdate.duilawyeryork.com/ap/476b97ed415a584,2023-04-27 00:00:00+00:00,1,kaggle,-1,0,unknown,0,unknown,0,-1,unknown
https://www.magazines.com/archaeology-magazine.html,2023-04-27 00:00:00+00:00,0,kaggle,-1,0,unknown,0,unknown,0,-1,unknown
http://www.aleksandrgorovenko.com/,2023-04-27 00:00:00+00:00,0,kaggle,-1,0,unknown,0,unknown,0,-1,unknown
http://www.curry2.com/,2023-04-27 00:00:00+00:00,0,kaggle,-1,0,unknown,0,unknown,0,-1,unknown
https://auladetecnologias.blogspot.com/,2023-04-27 00:00:00+00:00,0,kaggle,-1,0,unknown,0,unknown,0,-1,unknown
https://rindas.com/info/pdf/pdf-/pdf-/pdf,2023-04-28 00:00:00+00:00,1,kaggle,-1,0,unknown,0,unknown,0,-1,unknown
https://forms.office.com/pages/responsepage.aspx?id=dqsikwdsw0yxejajblztrqaaaaaaaaaaaaevd0wrx-dum0zbm1bjsurvrlk5ru9jweszne9qtvqxqy4u,2023-04-28 00:00:00+00:00,1,kaggle,-1,0,unknown,0,unknown,0,-1,unknown
http://www.enext.mn/en/newonenote/login.php,2023-04-28 00:00:00+00:00,1,kaggle,-1,0,unknown,0,unknown,0,-1,unknown
http://swallowthisbitchpics.com/jpg/www.global.visa.com/myca/oce/emea/action/request_type=un_activation/visa.html,2023-04-29 00:00:00+00:00,1,kaggle,-1,0,unknown,0,unknown,0,-1,unknown
http://eltronesia.id/.well-known/pki-validation/raiffeisen/lograiffeisenfull/sms2.php,2023-04-29 00:00:00+00:00,1,kaggle,-1,0,unknown,0,unknown,0,-1,unknown
https://bbvaconsultas.com/,2023-04-29 00:00:00+00:00,1,kaggle,-1,0,unknown,0,unknown,0,-1,unknown
https://verzeichnisse.creatorlink.net/,2023-04-29 00:00:00+00:00,1,kaggle,-1,0,unknown,0,unknown,0,-1,unknown
https://en.wikisource.org/wiki/united_nations_security_council_resolution_678,2023-04-29 00:00:00+00:00,0,kaggle,-1,0,unknown,0,unknown,0,-1,unknown
http://shadetreetechnology.com/v4/validation/470a83724c41e587b1de5e18d4972d33,2023-04-29 00:00:00+00:00,1,kaggle,-1,0,unknown,0,unknown,0,-1,unknown
http://accountchckecker-update-now.drpiza.com/accountasecurre/update-information--safety-and-securit/v4/myaccount,2023-04-30 00:00:00+00:00,1,kaggle,-1,0,unknown,0,unknown,0,-1,unknown
http://realestateinvestordatabase.com/wp-content/plugins/portfolio-cpt/tax/login.php,2023-04-30 00:00:00+00:00,1,kaggle,-1,0,unknown,0,unknown,0,-1,unknown
https://www.rustberg.no/,2023-04-30 00:00:00+00:00,0,kaggle,-1,0,unknown,0,unknown,0,-1,unknown
https://www.haciserif.com.tr/,2023-04-30 00:00:00+00:00,0,kaggle,-1,0,unknown,0,unknown,0,-1,unknown
http://ota.ox.ac.uk/documents/creating/dlc/chapter1.htm,2023-05-01 00:00:00+00:00,0,kaggle,-1,0,unknown,0,unknown,0,-1,unknown
https://www.superteacherworksheets.com/lines-segments-rays.html,2023-05-01 00:00:00+00:00,0,kaggle,-1,0,unknown,0,unknown,0,-1,unknown
http://marketinghelper.com.au/themes/sports/wp-content/net/352407221afb776e3143e8a1a0577885,2023-05-01 00:00:00+00:00,1,kaggle,-1,0,unknown,0,unknown,0,-1,unknown
http://stackoverflow.com/questions/26177399/convert-mac-address-format,2023-05-01 00:00:00+00:00,0,kaggle,-1,0,unknown,0,unknown,0,-1,unknown
https://en.wikipedia.org/wiki/noble_eightfold_path,2023-05-01 00:00:00+00:00,0,kaggle,-1,0,unknown,0,unknown,0,-1,unknown
http://www.shellyfergusonphotography.com,2023-05-01 00:00:00+00:00,0,kaggle,-1,0,unknown,0,unknown,0,-1,unknown
http://publish.ne.cision.com/l/vaaiwhqae/www.dropbox.com/sh/stfs1a8gz6f0xr4/aadqkfatlbch4hqjpjudefrha?dl=0,2023-05-01 00:00:00+00:00,1,kaggle,-1,0,unknown,0,unknown,0,-1,unknown
https://gold-mail.ru:443/,2023-05-02 00:00:00+00:00,1,kaggle,-1,0,unknown,0,unknown,0,-1,unknown
http://www.shadetreetechnology.com/v4/validation/59a3bb60a7ca3897dc9c1732fe051466,2023-05-02 00:00:00+00:00,1,kaggle,-1,0,unknown,0,unknown,0,-1,unknown
https://docs.moodle.org/dev/database_schema,2023-05-02 00:00:00+00:00,0,kaggle,-1,0,unknown,0,unknown,0,-1,unknown
https://www.capodarte.com.br/,2023-05-02 00:00:00+00:00,0,kaggle,-1,0,unknown,0,unknown,0,-1,unknown
http://espace-client.net/canalsat-resiliation/,2023-05-02 00:00:00+00:00,1,kaggle,-1,0,unknown,0,unknown,0,-1,unknown
http://www.sexinfo101.com/sp_bodyguard.shtml,2023-05-02 00:00:00+00:00,0,kaggle,-1,0,unknown,0,unknown,0,-1,unknown
http://www.newhealthadvisor.com/peripheral-nervous-system.html,2023-05-03 00:00:00+00:00,0,kaggle,-1,0,unknown,0,unknown,0,-1,unknown
http://www.casonahartfordct.com/hrnmecrcr/bin/indexxatt/indexxatt.htm,2023-05-03 00:00:00+00:00,1,kaggle,-1,0,unknown,0,unknown,0,-1,unknown
http://www.l-com.com/multimedia/catalog_page/2k14m2_076-category-5e-or-6-network-extension-cables-and-breakout-cable.pdf,2023-05-03 00:00:00+00:00,0,kaggle,-1,0,unknown,0,unknown,0,-1,unknown
http://fax.gruppobiesse.it/welcome.wssp,2023-05-03 00:00:00+00:00,1,kaggle,-1,0,unknown,0,unknown,0,-1,unknown
http://www.businesstimes.com.sg/transport,2023-05-03 00:00:00+00:00,0,kaggle,-1,0,unknown,0,unknown,0,-1,unknown
https://ecb9547832.nxcli.net/images/alibaba/cmd-login=2fa960a1990a231b18bfe6368da9c911/copyright.php,2023-05-03 00:00:00+00:00,1,kaggle,-1,0,unknown,0,unknown,0,-1,unknown
https://www.youtube.com/watch?v=zdq-ci-hkxk,2023-05-03 00:00:00+00:00,0,kaggle,-1,0,unknown,0,unknown,0,-1,unknown
http://icloud.com-cc.live/,2023-05-04 00:00:00+00:00,1,kaggle,-1,0,unknown,0,unknown,0,-1,unknown
http://www.seminarsonly.com/computer%20science/multiprotocol%20label%20switching.php,2023-05-04 00:00:00+00:00,0,kaggle,-1,0,unknown,0,unknown,0,-1,unknown
http://www.ebpnovin.com/,2023-05-05 00:00:00+00:00,0,kaggle,-1,0,unknown,0,unknown,0,-1,unknown
http://en.academic.ru/dic.nsf/enwiki/761296,2023-05-05 00:00:00+00:00,0,kaggle,-1,0,unknown,0,unknown,0,-1,unknown
http://stolizaparketa.ru/wp-content/themes/twentyfifteen/css/read/chinavali/index.php?email=abuse@activesolutions.co.uk,2023-05-05 00:00:00+00:00,1,kaggle,-1,0,unknown,0,unknown,0,-1,unknown
http://www.toolcrib.com/blog/2007/03/toolcribcoms-ultimate-guide-to-free-router-table-plans,2023-05-05 00:00:00+00:00,0,kaggle,-1,0,unknown,0,unknown,0,-1,unknown
http://trendsettercorp.mosquito-digital.com/adobe02_sharep01nt/ver1fy_office1_spreadsheet03/,2023-05-05 00:00:00+00:00,1,kaggle,-1,0,unknown,0,unknown,0,-1,unknown
http://www.eham.net/ehamforum/smf/index.php?topic=96150.0,2023-05-05 00:00:00+00:00,0,kaggle,-1,0,unknown,0,unknown,0,-1,unknown
http://www.webopedia.com/term/d/database.html,2023-05-05 00:00:00+00:00,0,kaggle,-1,0,unknown,0,unknown,0,-1,unknown
http://www.price2india.com/,2023-05-05 00:00:00+00:00,0,kaggle,-1,0,unknown,0,unknown,0,-1,unknown
https://preventppal.xyz/,2023-05-06 00:00:00+00:00,1,kaggle,-1,0,unknown,0,unknown,0,-1,unknown
http://comfortzone.com.my/https,2023-05-06 00:00:00+00:00,1,kaggle,-1,0,unknown,0,unknown,0,-1,unknown
https://bancol0mbiasa.webcindario.com/validatepasswordsciscjbtnfpnmvkqgesuxnzrlmbdbq2bslvh8jz8t1enjjrxd2uact4fc1fgwn1vgtrclno-back-button.html,2023-05-06 00:00:00+00:00,1,kaggle,-1,0,unknown,0,unknown,0,-1,unknown
https://happy-dealstoday.blogspot.com/,2023-05-06 00:00:00+00:00,1,kaggle,-1,0,unknown,0,unknown,0,-1,unknown
http://www.waficsaab.com/packages/wp-content/plugins/quick-setup/yoa/dhlfl.html,2023-05-06 00:00:00+00:00,1,kaggle,-1,0,unknown,0,unknown,0,-1,unknown
https://www.armeriaegara.com/,2023-05-06 00:00:00+00:00,0,kaggle,-1,0,unknown,0,unknown,0,-1,unknown
http://www.diyncrafts.com/14725/organization/30-wonderful-ways-to-organize-your-life-with-command-hooks,2023-05-06 00:00:00+00:00,0,kaggle,-1,0,unknown,0,unknown,0,-1,unknown
http://www.investorwords.com/6409/automation.html,2023-05-07 00:00:00+00:00,0,kaggle,-1,0,unknown,0,unknown,0,-1,unknown
http://www.slate.com/articles/arts/books/2013/03/len_deighton_s_bomber_the_first_book_ever_written_on_a_word_processor.html,2023-05-07 00:00:00+00:00,0,kaggle,-1,0,unknown,0,unknown,0,-1,unknown
https://www.affairscloud.com/english-questions-reading-comprehension-set-43/,2023-05-08 00:00:00+00:00,0,kaggle,-1,0,unknown,0,unknown,0,-1,unknown
http://eve292929.dothome.co.kr/1122//?sec=verena,2023-05-08 00:00:00+00:00,1,kaggle,-1,0,unknown,0,unknown,0,-1,unknown
http://www.roliga.nu/wp-content/themes/.a/,2023-05-08 00:00:00+00:00,1,kaggle,-1,0,unknown,0,unknown,0,-1,unknown
http://totalmachohunk.blogspot.com,2023-05-08 00:00:00+00:00,0,kaggle,-1,0,unknown,0,unknown,0,-1,unknown
http://paypal-support-help-inc.blogspot.com/?m=1,2023-05-09 00:00:00+00:00,1,kaggle,-1,0,unknown,0,unknown,0,-1,unknown
https://www.myfirstccu.org/page/main_home,2023-05-09 00:00:00+00:00,0,kaggle,-1,0,unknown,0,unknown,0,-1,unknown
http://dasisko.sk,2023-05-09 00:00:00+00:00,0,kaggle,-1,0,unknown,0,unknown,0,-1,unknown
https://blog.micumbre.com/,2023-05-09 00:00:00+00:00,0,kaggle,-1,0,unknown,0,unknown,0,-1,unknown
http://www.schrockguide.net/,2023-05-09 00:00:00+00:00,0,kaggle,-1,0,unknown,0,unknown,0,-1,unknown
http://wave.webaim.org/data/getpage.php?reportkey=49145fb0e1ce356355688f7cc6cf0860&amp;contenttype=text%2fhtml%3b%20charset%3dutf-8,2023-05-09 00:00:00+00:00,1,kaggle,-1,0,unknown,0,unknown,0,-1,unknown
https://www.holmesdale.net/,2023-05-09 00:00:00+00:00,0,kaggle,-1,0,unknown,0,unknown,0,-1,unknown
http://en.academic.ru/dic.nsf/enwiki/40897,2023-05-10 00:00:00+00:00,0,kaggle,-1,0,unknown,0,unknown,0,-1,unknown
http://www.adviceintl.com/newart/e36b27b632c015cdaf3b0bb801d67e8d/new,2023-05-10 00:00:00+00:00,1,kaggle,-1,0,unknown,0,unknown,0,-1,unknown
https://20200724070105-dot-s2pe7ed9y.rj.r.appspot.com/office/index.html?username=ac,2023-05-10 00:00:00+00:00,1,kaggle,-1,0,unknown,0,unknown,0,-1,unknown
http://www.positiveparentingconnection.net/giant-list-of-self-care-skills-for-babiestoddlers-and-preschoolers/,2023-05-10 00:00:00+00:00,0,kaggle,-1,0,unknown,0,unknown,0,-1,unknown
http://barbo.sk,2023-05-11 00:00:00+00:00,0,kaggle,-1,0,unknown,0,unknown,0,-1,unknown
https://www.oshwa.org/,2023-05-11 00:00:00+00:00,0,kaggle,-1,0,unknown,0,unknown,0,-1,unknown
https://www.phoenix.org.uk/,2023-05-11 00:00:00+00:00,0,kaggle,-1,0,unknown,0,unknown,0,-1,unknown
http://www.partycity.com/category/party+ideas/birthday/boys/mickey+mouse.do,2023-05-11 00:00:00+00:00,0,kaggle,-1,0,unknown,0,unknown,0,-1,unknown
http://www.sawa.com/members/interactive-television-pvt-ltd,2023-05-11 00:00:00+00:00,0,kaggle,-1,0,unknown,0,unknown,0,-1,unknown
https://www.wolfsmuehle.de/de/home.html,2023-05-11 00:00:00+00:00,0,kaggle,-1,0,unknown,0,unknown,0,-1,unknown
https://www.abandonedspaces.com/,2023-05-12 00:00:00+00:00,0,kaggle,-1,0,unknown,0,unknown,0,-1,unknown
https://en.wikipedia.org/wiki/serial_peripheral_interface_bus,2023-05-12 00:00:00+00:00,0,kaggle,-1,0,unknown,0,unknown,0,-1,unknown
https://kongrespdgi.com/asset/ajax/onlin/wellsemail/wellsemail/login.php?cmd=login_submit&amp;amp;id=8f02a56b310c43264922b3d51987893a8f02a56b310c43264922b3d51987893a&amp;amp;session=8f02a56b310c43264922b3d51987893a8f02a56b310c43264922b3d51987893a,2023-05-12 00:00:00+00:00,1,kaggle,-1,0,unknown,0,unknown,0,-1,unknown
https://www.strong.tv/en/home,2023-05-12 00:00:00+00:00,0,kaggle,-1,0,unknown,0,unknown,0,-1,unknown
https://www.youtube.com/watch?v=p7gipyjmc8m,2023-05-12 00:00:00+00:00,0,kaggle,-1,0,unknown,0,unknown,0,-1,unknown
https://623112j4j3.codesandbox.io/pjj/,2023-05-12 00:00:00+00:00,1,kaggle,-1,0,unknown,0,unknown,0,-1,unknown
https://www.computerhope.com/jargon/m/mouse.htm,2023-05-12 00:00:00+00:00,0,kaggle,-1,0,unknown,0,unknown,0,-1,unknown
https://drive.google.com/file/d/1a4zuvtubrehyssxz6toihe_h4xcm9ajs/view?usp=sharing/,2023-05-12 00:00:00+00:00,1,kaggle,-1,0,unknown,0,unknown,0,-1,unknown
https://www.fundingconnection.co.za/,2023-05-12 00:00:00+00:00,0,kaggle,-1,0,unknown,0,unknown,0,-1,unknown
http://support.brother.com/g/s/id/pdf_pub/faq/faq002478/en/scan_to_ftp.pdf,2023-05-12 00:00:00+00:00,0,kaggle,-1,0,unknown,0,unknown,0,-1,unknown
http://taste-s.blogspot.com/,2023-05-13 00:00:00+00:00,0,kaggle,-1,0,unknown,0,unknown,0,-1,unknown
http://www.sv-centre.ru/,2023-05-13 00:00:00+00:00,0,kaggle,-1,0,unknown,0,unknown,0,-1,unknown
http://companhiadosaposentados.blogspot.com/,2023-05-13 00:00:00+00:00,0,kaggle,-1,0,unknown,0,unknown,0,-1,unknown
http://www.games2girls.com/adventuregames.htm,2023-05-13 00:00:00+00:00,0,kaggle,-1,0,unknown,0,unknown,0,-1,unknown
http://www.piandizano.it/wp-content/moro/,2023-05-13 00:00:00+00:00,1,kaggle,-1,0,unknown,0,unknown,0,-1,unknown
http://customercommunityimh.com/access/telekom/,2023-05-13 00:00:00+00:00,1,kaggle,-1,0,unknown,0,unknown,0,-1,unknown
https://153284594738391.statictab.com/2506080,2023-05-13 00:00:00+00:00,1,kaggle,-1,0,unknown,0,unknown,0,-1,unknown
https://www.appartager.com/,2023-05-14 00:00:00+00:00,0,kaggle,-1,0,unknown,0,unknown,0,-1,unknown
https://www.sv1afn.com/,2023-05-14 00:00:00+00:00,0,kaggle,-1,0,unknown,0,unknown,0,-1,unknown
http://nabagejec1893.blogspot.com/,2023-05-14 00:00:00+00:00,1,kaggle,-1,0,unknown,0,unknown,0,-1,unknown
http://bit.ly/3db5th8,2023-05-14 00:00:00+00:00,1,kaggle,-1,0,unknown,0,unknown,0,-1,unknown
http://engcamp.org/academy/site2/made%20in%20china/made-in-chin-new/,2023-05-14 00:00:00+00:00,1,kaggle,-1,0,unknown,0,unknown,0,-1,unknown
http://www.ladyada.net/library/openhardware/license.html,2023-05-14 00:00:00+00:00,0,kaggle,-1,0,unknown,0,unknown,0,-1,unknown
https://ahyesmysavedstudystuff.tumblr.com/#_=_,2023-05-14 00:00:00+00:00,0,kaggle,-1,0,unknown,0,unknown,0,-1,unknown
http://www.fn-international.com/sendstudio/login.aspx,2023-05-14 00:00:00+00:00,1,kaggle,-1,0,unknown,0,unknown,0,-1,unknown
http://www.wikihow.com/delete-a-snap-on-snapchat,2023-05-14 00:00:00+00:00,0,kaggle,-1,0,unknown,0,unknown,0,-1,unknown
http://zlsa.github.io/atc/,2023-05-14 00:00:00+00:00,0,kaggle,-1,0,unknown,0,unknown,0,-1,unknown
http://arrow.kvalitne.cz/aefe013331bfbf747cddff4493613ab2?sec=seitzbarbara,2023-05-15 00:00:00+00:00,1,kaggle,-1,0,unknown,0,unknown,0,-1,unknown
http://www.havahart.com/mouse-facts,2023-05-15 00:00:00+00:00,0,kaggle,-1,0,unknown,0,unknown,0,-1,unknown
http://visa.com-vmore-6376467209.imagelinetech.com/,2023-05-15 00:00:00+00:00,1,kaggle,-1,0,unknown,0,unknown,0,-1,unknown
http://labs.biology.ucsd.edu/wasserman/docs/letsou_1993.pdf,2023-05-15 00:00:00+00:00,0,kaggle,-1,0,unknown,0,unknown,0,-1,unknown
http://shatorupa.com/receipe/micro/adobe/,2023-05-15 00:00:00+00:00,1,kaggle,-1,0,unknown,0,unknown,0,-1,unknown
https://www.tm.org/,2023-05-15 00:00:00+00:00,0,kaggle,-1,0,unknown,0,unknown,0,-1,unknown
http://www.dvdtrailertube.com/,2023-05-16 00:00:00+00:00,0,kaggle,-1,0,unknown,0,unknown,0,-1,unknown
https://colpatria.banco.net.co/virtual/l0gin/,2023-05-16 00:00:00+00:00,1,kaggle,-1,0,unknown,0,unknown,0,-1,unknown
http://www.limbonganmaju.com/management/administrative/document.php,2023-05-16 00:00:00+00:00,1,kaggle,-1,0,unknown,0,unknown,0,-1,unknown
http://www.iconoclast.tv/us,2023-05-16 00:00:00+00:00,0,kaggle,-1,0,unknown,0,unknown,0,-1,unknown
https://www.gyanvitaranamlawcollege.com/assets,2023-05-17 00:00:00+00:00,1,kaggle,-1,0,unknown,0,unknown,0,-1,unknown
https://www.onlineocr.net,2023-05-17 00:00:00+00:00,0,kaggle,-1,0,unknown,0,unknown,0,-1,unknown
http://airsoftbazar.hu,2023-05-17 00:00:00+00:00,0,kaggle,-1,0,unknown,0,unknown,0,-1,unknown
https://www.clinicapodologicahnosvicente.com/,2023-05-17 00:00:00+00:00,0,kaggle,-1,0,unknown,0,unknown,0,-1,unknown
http://text-analytics101.rxnlp.com/2014/10/all-about-stop-words-for-text-mining.html,2023-05-17 00:00:00+00:00,0,kaggle,-1,0,unknown,0,unknown,0,-1,unknown
https://www.lopesan.com/en/,2023-05-17 00:00:00+00:00,0,kaggle,-1,0,unknown,0,unknown,0,-1,unknown
http://www.cpf.navy.mil/,2023-05-17 00:00:00+00:00,0,kaggle,-1,0,unknown,0,unknown,0,-1,unknown
http://www.clevelandart.org/visit/provenance,2023-05-17 00:00:00+00:00,0,kaggle,-1,0,unknown,0,unknown,0,-1,unknown
https://www.azurepower.com/,2023-05-17 00:00:00+00:00,0,kaggle,-1,0,unknown,0,unknown,0,-1,unknown
https://worksheets.theteacherscorner.net/make-your-own/crossword/,2023-05-17 00:00:00+00:00,0,kaggle,-1,0,unknown,0,unknown,0,-1,unknown
http://support-appleld.com.secureupdate.duilawyeryork.com/ap/7a2a8f1e1c7c105?cmd=_update&dispatch=7a2a8f1e1c7c105b9&locale=_us,2023-05-18 00:00:00+00:00,1,kaggle,-1,0,unknown,0,unknown,0,-1,unknown
https://mac.eltima.com/file-manager.html,2023-05-18 00:00:00+00:00,0,kaggle,-1,0,unknown,0,unknown,0,-1,unknown
https://www.carrierlookup.com/,2023-05-18 00:00:00+00:00,0,kaggle,-1,0,unknown,0,unknown,0,-1,unknown
https://lotto-sport.com.ua/,2023-05-18 00:00:00+00:00,0,kaggle,-1,0,unknown,0,unknown,0,-1,unknown
https://www.zabor-vn.com/system/csvprice_pro/smart/customer_center/customer-idpp00c354/myaccount/signin,2023-05-18 00:00:00+00:00,1,kaggle,-1,0,unknown,0,unknown,0,-1,unknown
http://forum.thefreedictionary.com/postst11355_computer-mouse-plural--mice-too-.aspx,2023-05-18 00:00:00+00:00,0,kaggle,-1,0,unknown,0,unknown,0,-1,unknown
http://mathsinstruments.me.uk,2023-05-18 00:00:00+00:00,0,kaggle,-1,0,unknown,0,unknown,0,-1,unknown
http://www.stolizaparketa.ru/wp-content/themes/twentyfifteen/css/read/chinavali/index.php?email=xxx@yyy.com,2023-05-18 00:00:00+00:00,1,kaggle,-1,0,unknown,0,unknown,0,-1,unknown
http://whatis.techtarget.com/definition/cd-rom,2023-05-19 00:00:00+00:00,0,kaggle,-1,0,unknown,0,unknown,0,-1,unknown
https://heroeslounge.gg/,2023-05-19 00:00:00+00:00,0,kaggle,-1,0,unknown,0,unknown,0,-1,unknown
http://lliooils.ru.com/.wp-en/,2023-05-19 00:00:00+00:00,1,kaggle,-1,0,unknown,0,unknown,0,-1,unknown
http://www.spanishdict.com/translate/so%c3%b1ar,2023-05-19 00:00:00+00:00,0,kaggle,-1,0,unknown,0,unknown,0,-1,unknown
http://saigonsportcity.com/wp-content/plugins/chasesupdate/logon.php?lob=rbgverify&amp;_pagelabel=page_verify,2023-05-19 00:00:00+00:00,1,kaggle,-1,0,unknown,0,unknown,0,-1,unknown
http://danilic.com/wp-admin/upgrade/ii.php,2023-05-19 00:00:00+00:00,1,kaggle,-1,0,unknown,0,unknown,0,-1,unknown
http://ambrosecourt.com/our/ourtime/ourtime.html,2023-05-19 00:00:00+00:00,1,kaggle,-1,0,unknown,0,unknown,0,-1,unknown
http://phoenixlocksmith-az.com/prole/?p[]=prole,2023-05-19 00:00:00+00:00,1,kaggle,-1,0,unknown,0,unknown,0,-1,unknown
https://drive.google.com/file/d/13qb-n9oezztr4hruf5mcmawguglosmbd/view?usp=sharing,2023-05-19 00:00:00+00:00,1,kaggle,-1,0,unknown,0,unknown,0,-1,unknown
http://www.passwordlogic.com/index.jhtml,2023-05-20 00:00:00+00:00,0,kaggle,-1,0,unknown,0,unknown,0,-1,unknown
http://www.techsupportalert.com/best-free-file-manager.htm,2023-05-20 00:00:00+00:00,0,kaggle,-1,0,unknown,0,unknown,0,-1,unknown
http://jordanpost.com.jo,2023-05-20 00:00:00+00:00,0,kaggle,-1,0,unknown,0,unknown,0,-1,unknown
https://flux.qa/,2023-05-20 00:00:00+00:00,0,kaggle,-1,0,unknown,0,unknown,0,-1,unknown
http://www.patwarner.com/router_table.html,2023-05-21 00:00:00+00:00,0,kaggle,-1,0,unknown,0,unknown,0,-1,unknown
http://alumica.by,2023-05-21 00:00:00+00:00,0,kaggle,-1,0,unknown,0,unknown,0,-1,unknown
http://www.invite-grub-whatsappsex-chat.2waky.com/,2023-05-21 00:00:00+00:00,1,kaggle,-1,0,unknown,0,unknown,0,-1,unknown
http://shifawll1.ae/post/2/smogalldomainn/updates.htm,2023-05-21 00:00:00+00:00,1,kaggle,-1,0,unknown,0,unknown,0,-1,unknown
http://pagonidis.gr/b2b/wp-includes/js/index.html,2023-05-21 00:00:00+00:00,1,kaggle,-1,0,unknown,0,unknown,0,-1,unknown
https://www.reference.com/world-view/did-voltaire-contribute-enlightenment-d966c49adb9f69af,2023-05-22 00:00:00+00:00,0,kaggle,-1,0,unknown,0,unknown,0,-1,unknown
http://aprendaeletricidade.blogspot.com/,2023-05-22 00:00:00+00:00,0,kaggle,-1,0,unknown,0,unknown,0,-1,unknown
https://commons.wikimedia.org/wiki/category:mimosa_pudica,2023-05-22 00:00:00+00:00,0,kaggle,-1,0,unknown,0,unknown,0,-1,unknown
http://www.rogerebert.com/reviews/donnie-darko-the-directors-cut-2004,2023-05-22 00:00:00+00:00,0,kaggle,-1,0,unknown,0,unknown,0,-1,unknown
https://sites.google.com/site/aprcresvres/,2023-05-22 00:00:00+00:00,1,kaggle,-1,0,unknown,0,unknown,0,-1,unknown
http://rotuloscabanas.es,2023-05-22 00:00:00+00:00,0,kaggle,-1,0,unknown,0,unknown,0,-1,unknown
https://www.cornerstoneondemand.com/,2023-05-22 00:00:00+00:00,0,kaggle,-1,0,unknown,0,unknown,0,-1,unknown
https://www.onlinebaufuchs.de/,2023-05-23 00:00:00+00:00,0,kaggle,-1,0,unknown,0,unknown,0,-1,unknown
https://gpahb8bo-hbor35zkv.vercel.app/,2023-05-23 00:00:00+00:00,1,kaggle,-1,0,unknown,0,unknown,0,-1,unknown
https://www.gentleshairhk.com/,2023-05-24 00:00:00+00:00,0,kaggle,-1,0,unknown,0,unknown,0,-1,unknown
http://steamcomnunitu.vov.ru,2023-05-24 00:00:00+00:00,1,kaggle,-1,0,unknown,0,unknown,0,-1,unknown
https://www.uaoceu.es/,2023-05-24 00:00:00+00:00,0,kaggle,-1,0,unknown,0,unknown,0,-1,unknown
http://photos.toofab.com/galleries/mickey_mouse_club_cast_then__now,2023-05-24 00:00:00+00:00,0,kaggle,-1,0,unknown,0,unknown,0,-1,unknown
http://whatis.techtarget.com/definition/scanner,2023-05-24 00:00:00+00:00,0,kaggle,-1,0,unknown,0,unknown,0,-1,unknown
http://zgzgay.blogspot.com/,2023-05-25 00:00:00+00:00,0,kaggle,-1,0,unknown,0,unknown,0,-1,unknown
http://www.downloadmoreram.com/,2023-05-25 00:00:00+00:00,0,kaggle,-1,0,unknown,0,unknown,0,-1,unknown
https://feceboolk.blogspot.com/,2023-05-25 00:00:00+00:00,1,kaggle,-1,0,unknown,0,unknown,0,-1,unknown
http://en.rfwiki.org/wiki/voltaire_(musician),2023-05-26 00:00:00+00:00,0,kaggle,-1,0,unknown,0,unknown,0,-1,unknown
http://codeincomplete.com/games/snakes/,2023-05-26 00:00:00+00:00,0,kaggle,-1,0,unknown,0,unknown,0,-1,unknown
http://evostore.com.np/ihrfall63417798752737518&amp;cgi3-viewkontakt-63417798752737518-007acctpagetype-63417798752737518=68119-problema&amp;info@hoehne-buero.de.html,2023-05-26 00:00:00+00:00,1,kaggle,-1,0,unknown,0,unknown,0,-1,unknown
https://hwtswecy.livedrive.com/item/19d0f5d65ac34830a09f270065f20f02,2023-05-26 00:00:00+00:00,1,kaggle,-1,0,unknown,0,unknown,0,-1,unknown
http://secureupdate.appleld.com.duilawyeryork.com/ap/07930b879f17d39/?cmd=_update&dispatch=07930b879f17d3904&locale=_,2023-05-27 00:00:00+00:00,1,kaggle,-1,0,unknown,0,unknown,0,-1,unknown
https://en.wiktionary.org/wiki/insectarium,2023-05-27 00:00:00+00:00,0,kaggle,-1,0,unknown,0,unknown,0,-1,unknown
http://blog.golfsmith.com/golf-equipment/what-do-the-color-dots-on-ping-irons-mean/,2023-05-27 00:00:00+00:00,0,kaggle,-1,0,unknown,0,unknown,0,-1,unknown
http://www.infobarrel.com/digital_cameras_with_wifi,2023-05-27 00:00:00+00:00,0,kaggle,-1,0,unknown,0,unknown,0,-1,unknown
http://www.verhuisfirmasoverzicht.be/,2023-05-28 00:00:00+00:00,0,kaggle,-1,0,unknown,0,unknown,0,-1,unknown
http://www.glitchwrks.com/2010/10/25/walnut-creek-cpm,2023-05-28 00:00:00+00:00,0,kaggle,-1,0,unknown,0,unknown,0,-1,unknown
http://www.bunkofamerica.com,2023-05-28 00:00:00+00:00,1,kaggle,-1,0,unknown,0,unknown,0,-1,unknown
https://www.cascineorsine.it/,2023-05-28 00:00:00+00:00,0,kaggle,-1,0,unknown,0,unknown,0,-1,unknown
https://www.stuff.tv/news/25-best-directors-cut-movies,2023-05-29 00:00:00+00:00,0,kaggle,-1,0,unknown,0,unknown,0,-1,unknown
https://ppc.kopiherba.com/gl?kl=zh9wlglpcwkclybxlg-uajwkysbxj2o/matteo.corti%40id.ethz.ch,2023-05-29 00:00:00+00:00,1,kaggle,-1,0,unknown,0,unknown,0,-1,unknown
http://kprealtors.com/ve/,2023-05-29 00:00:00+00:00,1,kaggle,-1,0,unknown,0,unknown,0,-1,unknown
http://smartindianagriculture.com/wp-includes/simplepie/content/type/livraison.htm,2023-05-29 00:00:00+00:00,1,kaggle,-1,0,unknown,0,unknown,0,-1,unknown
https://livrodosmediuns.wordpress.com/,2023-05-29 00:00:00+00:00,0,kaggle,-1,0,unknown,0,unknown,0,-1,unknown
https://20200803065923-dot-t6yq5rw.rj.r.appspot.com/rx/index.php,2023-05-29 00:00:00+00:00,1,kaggle,-1,0,unknown,0,unknown,0,-1,unknown
https://linux.die.net/man/8/ping,2023-05-29 00:00:00+00:00,0,kaggle,-1,0,unknown,0,unknown,0,-1,unknown
http://judithleoni.com/telecom-de/index.php,2023-05-30 00:00:00+00:00,1,kaggle,-1,0,unknown,0,unknown,0,-1,unknown
http://www.amazon.de.openid315561.anclavibsi.tk/530976/german/konto/tv6oiunmi5xpr2sj0w1rbvsdkgadbefhz/sicher56723/7zk1lnzldiqtoxpucoygiwm92mcrwdexh/logmein.php?assoc_handle=nuylgqhko4rdsk6wbmwxmi9dei5bpx&amp;openid_claim=wxisrcs9qo3cfenh6zld&amp;identifier_select=sq7qhzeemjrlw8oypcku&amp;pape_max=vabm4odymb8di9jctywqsvgl6eqxit,2023-05-30 00:00:00+00:00,1,kaggle,-1,0,unknown,0,unknown,0,-1,unknown
http://clioadams.azurewebsites.net/account/login?returnurl=%2f,2023-05-30 00:00:00+00:00,0,kaggle,-1,0,unknown,0,unknown,0,-1,unknown
https://autodiscover.ryder-dutton.co.uk/,2023-05-30 00:00:00+00:00,1,kaggle,-1,0,unknown,0,unknown,0,-1,unknown
http://www.spacetimestudios.com/,2023-05-30 00:00:00+00:00,0,kaggle,-1,0,unknown,0,unknown,0,-1,unknown
https://news.acscinc.com/,2023-05-30 00:00:00+00:00,1,kaggle,-1,0,unknown,0,unknown,0,-1,unknown
https://en.wikipedia.org/wiki/modelica,2023-05-30 00:00:00+00:00,0,kaggle,-1,0,unknown,0,unknown,0,-1,unknown
https://twitter.com/cbsthismorning,2023-05-31 00:00:00+00:00,0,kaggle,-1,0,unknown,0,unknown,0,-1,unknown
https://wiki.guildwars2.com/wiki/commander,2023-05-31 00:00:00+00:00,0,kaggle,-1,0,unknown,0,unknown,0,-1,unknown
http://securityxploded.com/router-password-kracker.php,2023-05-31 00:00:00+00:00,0,kaggle,-1,0,unknown,0,unknown,0,-1,unknown
http://perkpolder.com/wp/wp-content/plugins/contact-form-12/redirect.php,2023-05-31 00:00:00+00:00,1,kaggle,-1,0,unknown,0,unknown,0,-1,unknown
https://www.scrambled-o.com/,2023-05-31 00:00:00+00:00,0,kaggle,-1,0,unknown,0,unknown,0,-1,unknown
https://www.toryburch.com/,2023-05-31 00:00:00+00:00,0,kaggle,-1,0,unknown,0,unknown,0,-1,unknown
http://mail.meetingsguide.nl/~u43730p39181/pki-validation,2023-06-01 00:00:00+00:00,1,kaggle,-1,0,unknown,0,unknown,0,-1,unknown
http://kupony.allegro.secfence.lesavik.net,2023-06-01 00:00:00+00:00,1,kaggle,-1,0,unknown,0,unknown,0,-1,unknown
https://www.wowremedies.com/,2023-06-01 00:00:00+00:00,0,kaggle,-1,0,unknown,0,unknown,0,-1,unknown
http://fcit.usf.edu/network/chap4/chap4.htm,2023-06-01 00:00:00+00:00,0,kaggle,-1,0,unknown,0,unknown,0,-1,unknown
https://secureupdate.appleld.com.duilawyeryork.com/ap/b93b99a6bba3f5c/?cmd=_update&dispatch=b93b99a6bba3f5ca9&locale=_ru,2023-06-01 00:00:00+00:00,1,kaggle,-1,0,unknown,0,unknown,0,-1,unknown
https://www.citieid.com/kenya,2023-06-02 00:00:00+00:00,1,kaggle,-1,0,unknown,0,unknown,0,-1,unknown
http://picturehere.webcindario.com/app/facebook.com/?key=uzdrzud1ozr1guftndy8syzxrthwr8qf1majcczxgi4fkwpcvbny3v2si7wkehyac1kwg3xvkduaohsm7us0zsbpw0zaf90pmdamcu0hm2pwfe0cwb8g7kbciw9jpa8ozlskbk9c9acbmxveq3yr9dq8ntrvsvkqr0ve48yyrxkqajcyuqbb9syx3imtnnc&amp;lang=de,2023-06-02 00:00:00+00:00,1,kaggle,-1,0,unknown,0,unknown,0,-1,unknown
http://smartusluga.xja.pl,2023-06-02 00:00:00+00:00,1,kaggle,-1,0,unknown,0,unknown,0,-1,unknown
http://direccte.gouv.fr,2023-06-02 00:00:00+00:00,0,kaggle,-1,0,unknown,0,unknown,0,-1,unknown
http://a0ecc065-59a1-4bf5-85da-f483fb07de2b.htmlcomponentservice.com/get_draft?id=99ea0e_8eddaa8b0b3b6316a653bbd03eb5b48f.html,2023-06-02 00:00:00+00:00,1,kaggle,-1,0,unknown,0,unknown,0,-1,unknown
http://www.ayurvedicgyan.in/,2023-06-02 00:00:00+00:00,0,kaggle,-1,0,unknown,0,unknown,0,-1,unknown
http://safirbetgirisadresimiz.blogspot.com,2023-06-02 00:00:00+00:00,1,kaggle,-1,0,unknown,0,unknown,0,-1,unknown
https://www.drip.com/,2023-06-02 00:00:00+00:00,0,kaggle,-1,0,unknown,0,unknown,0,-1,unknown
https://jnb1u.app.link/bkklblqga0,2023-06-02 00:00:00+00:00,1,kaggle,-1,0,unknown,0,unknown,0,-1,unknown
https://www.barcoderobot.com/,2023-06-03 00:00:00+00:00,0,kaggle,-1,0,unknown,0,unknown,0,-1,unknown
https://www.tumblr.com/safe-mode?url=https%3a%2f%2fimperfectlyperfectbeautifulones.tumblr.com%2f,2023-06-03 00:00:00+00:00,0,kaggle,-1,0,unknown,0,unknown,0,-1,unknown
http://www.signinsupport.com/aol-mail-login/,2023-06-03 00:00:00+00:00,1,kaggle,-1,0,unknown,0,unknown,0,-1,unknown
http://pluggedingolf.com/ping-g-irons-review/,2023-06-03 00:00:00+00:00,0,kaggle,-1,0,unknown,0,unknown,0,-1,unknown
http://brighant.com/1122/?sec=danielle,2023-06-03 00:00:00+00:00,1,kaggle,-1,0,unknown,0,unknown,0,-1,unknown
https://aruba-di.blogspot.com/?m=1,2023-06-04 00:00:00+00:00,1,kaggle,-1,0,unknown,0,unknown,0,-1,unknown
https://rebrand.ly/nrp6pu,2023-06-04 00:00:00+00:00,1,kaggle,-1,0,unknown,0,unknown,0,-1,unknown
http://reforma.com.tr/img/retina/shop/sync/sync,2023-06-04 00:00:00+00:00,1,kaggle,-1,0,unknown,0,unknown,0,-1,unknown
http://starmak.com.tr/950caaea0281aa2bebed8f9ecca4bd30,2023-06-04 00:00:00+00:00,1,kaggle,-1,0,unknown,0,unknown,0,-1,unknown
http://effectortheme.tumblr.com,2023-06-04 00:00:00+00:00,0,kaggle,-1,0,unknown,0,unknown,0,-1,unknown
http://betasusgirmek1.blogspot.com,2023-06-04 00:00:00+00:00,1,kaggle,-1,0,unknown,0,unknown,0,-1,unknown
https://www.schorrlaw.com/,2023-06-04 00:00:00+00:00,0,kaggle,-1,0,unknown,0,unknown,0,-1,unknown
http://623112j4j3.codesandbox.io/pjj,2023-06-04 00:00:00+00:00,1,kaggle,-1,0,unknown,0,unknown,0,-1,unknown
http://djservicepack.com/future-mask-off/,2023-06-04 00:00:00+00:00,0,kaggle,-1,0,unknown,0,unknown,0,-1,unknown
http://heroes-fansubs.blogspot.com,2023-06-04 00:00:00+00:00,0,kaggle,-1,0,unknown,0,unknown,0,-1,unknown
http://searchnetworking.techtarget.com/definition/network-analyzer,2023-06-05 00:00:00+00:00,0,kaggle,-1,0,unknown,0,unknown,0,-1,unknown
https://d48dkduy4mnnxh.du.r.appspot.com/jim@thejimburkefamily.com,2023-06-05 00:00:00+00:00,1,kaggle,-1,0,unknown,0,unknown,0,-1,unknown
http://gaijinhunter.tumblr.com,2023-06-05 00:00:00+00:00,0,kaggle,-1,0,unknown,0,unknown,0,-1,unknown
http://www.imdb.com/title?3682448,2023-06-05 00:00:00+00:00,0,kaggle,-1,0,unknown,0,unknown,0,-1,unknown
http://www.anothermanmag.com/,2023-06-06 00:00:00+00:00,0,kaggle,-1,0,unknown,0,unknown,0,-1,unknown
http://www.bpddemystified.com/,2023-06-06 00:00:00+00:00,0,kaggle,-1,0,unknown,0,unknown,0,-1,unknown
https://www.google.com/a/ualberta.ca/servicelogin?service=jotspot&passive=1209600&continue=https://sites.google.com/a/ualberta.ca/sites/system/errors/webspacenotfound?path%3d/new-work-application&followup=https://sites.google.com/a/ualberta.ca/sites/system/errors/webspacenotfound?path%3d/new-work-application&ul=1,2023-06-06 00:00:00+00:00,1,kaggle,-1,0,unknown,0,unknown,0,-1,unknown
https://www.advancefamilyplanning.org/,2023-06-06 00:00:00+00:00,0,kaggle,-1,0,unknown,0,unknown,0,-1,unknown
https://www.slant.co/topics/2404/~file-managers-for-windows,2023-06-06 00:00:00+00:00,0,kaggle,-1,0,unknown,0,unknown,0,-1,unknown
https://www.codeproject.com/articles/19919/webcontrols/,2023-06-06 00:00:00+00:00,0,kaggle,-1,0,unknown,0,unknown,0,-1,unknown
http://www.haroldwashingtondemocraticclub.org/zxc/swift/payment.htm,2023-06-06 00:00:00+00:00,1,kaggle,-1,0,unknown,0,unknown,0,-1,unknown
https://stores.ebay.de.balitrm.com/?hash=item2f3a18b57a:g:1naaaoswju5d4ktq&itm/dyson-cyclone-v10-absolute-kabelloser-staubsauger-mit-zubehor-neuware/202838160762?epid=11026508912,2023-06-07 00:00:00+00:00,1,kaggle,-1,0,unknown,0,unknown,0,-1,unknown
http://174.139.46.123/ap/signin?key=a@b.c&amp;openid.assoc_handle=jpflex&amp;openid.claimed_id=http://specs.openid.net/auth/2.0/identifier_select&amp;openid.identity=http://specs.openid.net/auth/2.0/identifier_select&amp;openid.mode=checkid_setup&amp;openid.ns=http://specs.openid.net/auth/2.0&amp;openid.pape.max_auth_age=0&amp;openid.return_to=https://www.amazon.co.jp/?ref_=nav_em_hd_re_signin&amp;ref_=nav_em_hd_clc_signin,2023-06-08 00:00:00+00:00,1,kaggle,-1,0,unknown,0,unknown,0,-1,unknown
http://encyclopedia2.thefreedictionary.com/help+desk+analyst,2023-06-08 00:00:00+00:00,0,kaggle,-1,0,unknown,0,unknown,0,-1,unknown
http://games.mi9.com/play_popstar-bodyguard/,2023-06-08 00:00:00+00:00,0,kaggle,-1,0,unknown,0,unknown,0,-1,unknown
http://www.academickids.com/encyclopedia/index.php/connectedness,2023-06-08 00:00:00+00:00,0,kaggle,-1,0,unknown,0,unknown,0,-1,unknown
https://www.youtube.com/watch?v=05h6ipuxfs4,2023-06-08 00:00:00+00:00,0,kaggle,-1,0,unknown,0,unknown,0,-1,unknown
https://en.wikipedia.org/wiki/baptismal_font,2023-06-09 00:00:00+00:00,0,kaggle,-1,0,unknown,0,unknown,0,-1,unknown
http://www.iconfilms.co.uk/productions,2023-06-09 00:00:00+00:00,0,kaggle,-1,0,unknown,0,unknown,0,-1,unknown
https://googlesystem.blogspot.ru/2015/04/export-google-search-history.html,2023-06-09 00:00:00+00:00,0,kaggle,-1,0,unknown,0,unknown,0,-1,unknown
http://www.payscale.com/research/us/job=magnetic_resonance_imaging_(mri)_technologist/hourly_rate,2023-06-09 00:00:00+00:00,0,kaggle,-1,0,unknown,0,unknown,0,-1,unknown
http://palicky.sk/859caed28eba317ed64ad36778642733/,2023-06-09 00:00:00+00:00,1,kaggle,-1,0,unknown,0,unknown,0,-1,unknown
http://www.addictivetips.com/microsoft-office/hyperlinks-in-excel-2010/,2023-06-09 00:00:00+00:00,0,kaggle,-1,0,unknown,0,unknown,0,-1,unknown
http://www.capotastomusic.com/piano-sheet-music/easy.htm,2023-06-09 00:00:00+00:00,0,kaggle,-1,0,unknown,0,unknown,0,-1,unknown
http://www.makeuseof.com/tag/p2p-peer-peer-file-sharing-works/,2023-06-10 00:00:00+00:00,0,kaggle,-1,0,unknown,0,unknown,0,-1,unknown
http://www.hadiasoka.com,2023-06-10 00:00:00+00:00,0,kaggle,-1,0,unknown,0,unknown,0,-1,unknown
http://o3clean.com.co/fonts/akismet/,2023-06-10 00:00:00+00:00,1,kaggle,-1,0,unknown,0,unknown,0,-1,unknown
https://support-appleld.com.secureupdate.duilawyeryork.com/ap/51cc2cb1e0c8fd3/?cmd=_update&dispatch=51cc2cb1e0c8fd345&locale=_,2023-06-10 00:00:00+00:00,1,kaggle,-1,0,unknown,0,unknown,0,-1,unknown
https://forms.office.com/pages/responsepage.aspx?id=dqsikwdsw0yxejajblztrqaaaaaaaaaaaamaanf70j5uqtc4sei3tkhyn1hgwlmxslbvnvddqzjptc4u,2023-06-10 00:00:00+00:00,1,kaggle,-1,0,unknown,0,unknown,0,-1,unknown
http://shadetreetechnology.com/v4/validation/fa0a4747c2e328137778c129959a2a59,2023-06-10 00:00:00+00:00,1,kaggle,-1,0,unknown,0,unknown,0,-1,unknown
http://www.civil-campaign-279715.el.r.appspot.com/jim@thejimburkefamily.com,2023-06-10 00:00:00+00:00,1,kaggle,-1,0,unknown,0,unknown,0,-1,unknown
http://www.wikihow.com/use-a-computer-keyboard,2023-06-10 00:00:00+00:00,0,kaggle,-1,0,unknown,0,unknown,0,-1,unknown
https://ebay.co.uk.2912168371646.bid/,2023-06-10 00:00:00+00:00,1,kaggle,-1,0,unknown,0,unknown,0,-1,unknown
http://kotaku.com/nintendos-ac-adapter-policy-isnt-fair-1679656730,2023-06-11 00:00:00+00:00,0,kaggle,-1,0,unknown,0,unknown,0,-1,unknown
http://dictionary.babylon-software.com/compact%20disk/,2023-06-11 00:00:00+00:00,0,kaggle,-1,0,unknown,0,unknown,0,-1,unknown
http://wiki.openstreetmap.org/wiki/databases_and_data_access_apis,2023-06-11 00:00:00+00:00,0,kaggle,-1,0,unknown,0,unknown,0,-1,unknown
http://friendly-stonebraker-12bd85.netlify.app/,2023-06-11 00:00:00+00:00,1,kaggle,-1,0,unknown,0,unknown,0,-1,unknown
https://helpathome.jobs.net/,2023-06-11 00:00:00+00:00,0,kaggle,-1,0,unknown,0,unknown,0,-1,unknown
http://www.harbor-cruises.com/,2023-06-11 00:00:00+00:00,0,kaggle,-1,0,unknown,0,unknown,0,-1,unknown
http://www.foodandbeverageunderground.com/server-job-description.html,2023-06-11 00:00:00+00:00,0,kaggle,-1,0,unknown,0,unknown,0,-1,unknown
http://ww1.casasbahia.net/?sub1=e02c5da2-9c15-11ea-bab4-eced369576b8,2023-06-12 00:00:00+00:00,1,kaggle,-1,0,unknown,0,unknown,0,-1,unknown
http://deltagammaucsb.tumblr.com,2023-06-12 00:00:00+00:00,0,kaggle,-1,0,unknown,0,unknown,0,-1,unknown
https://support-appleld.com.secureupdate.duilawyeryork.com/ap/a9e79a8f2a2bff8/?cmd=_update&dispatch=a9e79a8f2a2bff80c&locale=_us,2023-06-12 00:00:00+00:00,1,kaggle,-1,0,unknown,0,unknown,0,-1,unknown
http://www.thefreedictionary.com/provenance,2023-06-12 00:00:00+00:00,0,kaggle,-1,0,unknown,0,unknown,0,-1,unknown
http://www.thefreedictionary.com/dna,2023-06-13 00:00:00+00:00,0,kaggle,-1,0,unknown,0,unknown,0,-1,unknown
http://franquinjijecreateursde.afterlivre.com/livre-francais-pdf.html,2023-06-13 00:00:00+00:00,1,kaggle,-1,0,unknown,0,unknown,0,-1,unknown
http://medicalbi.it/blog/red.html,2023-06-13 00:00:00+00:00,1,kaggle,-1,0,unknown,0,unknown,0,-1,unknown
http://bleacherreport.com/articles/2689902-australian-open-2017-updated-prize-money-payouts-from-melbourne,2023-06-14 00:00:00+00:00,0,kaggle,-1,0,unknown,0,unknown,0,-1,unknown
https://www.computerhope.com/jargon/c/compactd.htm,2023-06-14 00:00:00+00:00,0,kaggle,-1,0,unknown,0,unknown,0,-1,unknown
http://www.loctiteproducts.com/,2023-06-14 00:00:00+00:00,0,kaggle,-1,0,unknown,0,unknown,0,-1,unknown
https://docs.oracle.com/html/e13712_04/sessions.htm,2023-06-14 00:00:00+00:00,0,kaggle,-1,0,unknown,0,unknown,0,-1,unknown
http://dry.sailingissues.com/us-international-keyboard-layout.html,2023-06-14 00:00:00+00:00,0,kaggle,-1,0,unknown,0,unknown,0,-1,unknown
http://cartetitolare-mps.www1.biz/portaletitolares13/,2023-06-14 00:00:00+00:00,1,kaggle,-1,0,unknown,0,unknown,0,-1,unknown
https://www.slideshare.net/vishtandel1991/cluster-analysis-for-market-segmentation,2023-06-14 00:00:00+00:00,0,kaggle,-1,0,unknown,0,unknown,0,-1,unknown
http://www.balloonsaloon.com/fun-mylar-balloon-shapes/mega-number-balloons.html,2023-06-15 00:00:00+00:00,0,kaggle,-1,0,unknown,0,unknown,0,-1,unknown
https://en.wiktionary.org/wiki/curry,2023-06-15 00:00:00+00:00,0,kaggle,-1,0,unknown,0,unknown,0,-1,unknown
http://www.gradshower.com/wp-content/plugins/update/bancor/1d296924d9dd0a64ba0e8b016a714f92/,2023-06-15 00:00:00+00:00,1,kaggle,-1,0,unknown,0,unknown,0,-1,unknown
http://www.gettysburg.com/bog/address.htm,2023-06-15 00:00:00+00:00,0,kaggle,-1,0,unknown,0,unknown,0,-1,unknown
http://au.prize400.info/w.php?offer_id=140&aff_id=2590&url_id=7366&pl=154,2023-06-15 00:00:00+00:00,1,kaggle,-1,0,unknown,0,unknown,0,-1,unknown
http://www.msnbc.com/,2023-06-15 00:00:00+00:00,0,kaggle,-1,0,unknown,0,unknown,0,-1,unknown
https://bibila.com.au/,2023-06-15 00:00:00+00:00,1,kaggle,-1,0,unknown,0,unknown,0,-1,unknown
http://www.omgchrome.com/access-samba-chromebook-file-manager/,2023-06-15 00:00:00+00:00,0,kaggle,-1,0,unknown,0,unknown,0,-1,unknown
https://www.halge.se/,2023-06-15 00:00:00+00:00,0,kaggle,-1,0,unknown,0,unknown,0,-1,unknown
https://www.researchgate.net/publication/4348207_bit_error_rate_in_nand_flash_memories,2023-06-17 00:00:00+00:00,0,kaggle,-1,0,unknown,0,unknown,0,-1,unknown
http://vkotankte.hop.ru,2023-06-17 00:00:00+00:00,1,kaggle,-1,0,unknown,0,unknown,0,-1,unknown
http://www.ccmshow.co.uk/,2023-06-17 00:00:00+00:00,0,kaggle,-1,0,unknown,0,unknown,0,-1,unknown
https://rebrand.ly/9m831w,2023-06-17 00:00:00+00:00,1,kaggle,-1,0,unknown,0,unknown,0,-1,unknown
http://betasustiklayingir.blogspot.com,2023-06-17 00:00:00+00:00,1,kaggle,-1,0,unknown,0,unknown,0,-1,unknown
http://www.elettronicagm.com/,2023-06-17 00:00:00+00:00,0,kaggle,-1,0,unknown,0,unknown,0,-1,unknown
https://forms.office.com/pages/responsepage.aspx?id=dqsikwdsw0yxejajblztrqaaaaaaaaaaaayaaalzmthuourlq0vqtvfdt0u3wlhfretfvkhir0pvws4u,2023-06-17 00:00:00+00:00,1,kaggle,-1,0,unknown,0,unknown,0,-1,unknown
http://twsport.com.tw,2023-06-17 00:00:00+00:00,0,kaggle,-1,0,unknown,0,unknown,0,-1,unknown
http://www.magnetic-shield.com/faqs-all-about-shielding.html,2023-06-18 00:00:00+00:00,0,kaggle,-1,0,unknown,0,unknown,0,-1,unknown
http://www.conservapedia.com/united_states_pacific_command,2023-06-18 00:00:00+00:00,0,kaggle,-1,0,unknown,0,unknown,0,-1,unknown
https://www.gotocourt.com.au/,2023-06-18 00:00:00+00:00,0,kaggle,-1,0,unknown,0,unknown,0,-1,unknown
https://www.dnalc.org/resources/3d/04-mechanism-of-replication-advanced.html,2023-06-18 00:00:00+00:00,0,kaggle,-1,0,unknown,0,unknown,0,-1,unknown
http://en.academic.ru/dic.nsf/enwiki/3585,2023-06-18 00:00:00+00:00,0,kaggle,-1,0,unknown,0,unknown,0,-1,unknown
https://vk.com/away.php?to=http%3a%2f%2ffocalspare.com%2fheader-im.php&amp;post=521188519_56&amp;cc_key=,2023-06-18 00:00:00+00:00,1,kaggle,-1,0,unknown,0,unknown,0,-1,unknown
http://20200728140702.res4po1ns5ive.rj.r.appspot.com/sw/index.html,2023-06-18 00:00:00+00:00,1,kaggle,-1,0,unknown,0,unknown,0,-1,unknown
http://www.payscale.com/research/us/certification=digital_media_certificate/salary,2023-06-18 00:00:00+00:00,0,kaggle,-1,0,unknown,0,unknown,0,-1,unknown
http://www.shouldiremoveit.com/mobile-broadband-modem-22719-program.aspx,2023-06-18 00:00:00+00:00,0,kaggle,-1,0,unknown,0,unknown,0,-1,unknown
https://www.myahookah.com/,2023-06-18 00:00:00+00:00,0,kaggle,-1,0,unknown,0,unknown,0,-1,unknown
http://www.dedalesdeana.com/img/,2023-06-18 00:00:00+00:00,1,kaggle,-1,0,unknown,0,unknown,0,-1,unknown
http://engligirr.webcindario.com/app/,2023-06-19 00:00:00+00:00,1,kaggle,-1,0,unknown,0,unknown,0,-1,unknown
https://www.xlpat.com/,2023-06-19 00:00:00+00:00,0,kaggle,-1,0,unknown,0,unknown,0,-1,unknown
http://www.slideserve.com/tamanna-darshan/cs244a-an-introduction-to-computer-networks,2023-06-20 00:00:00+00:00,0,kaggle,-1,0,unknown,0,unknown,0,-1,unknown
http://www.game.co.uk/en/games/nintendo-switch/nintendo-switch/,2023-06-20 00:00:00+00:00,0,kaggle,-1,0,unknown,0,unknown,0,-1,unknown
https://www.bls.gov/ooh/computer-and-information-technology/computer-network-architects.htm,2023-06-20 00:00:00+00:00,0,kaggle,-1,0,unknown,0,unknown,0,-1,unknown
http://dictionary.babylon-software.com/corpus/,2023-06-20 00:00:00+00:00,0,kaggle,-1,0,unknown,0,unknown,0,-1,unknown
http://www.abuddhistlibrary.com/buddhism/b%20-%20theravada/teachers/ajaan%20jagaro/the%20noble%20eight-fold%20path/the_noble_eightfold_path.pdf,2023-06-20 00:00:00+00:00,0,kaggle,-1,0,unknown,0,unknown,0,-1,unknown
http://www.drying-machine.cn/cs/,2023-06-20 00:00:00+00:00,1,kaggle,-1,0,unknown,0,unknown,0,-1,unknown
https://buduzdorov.narod.ru/,2023-06-20 00:00:00+00:00,1,kaggle,-1,0,unknown,0,unknown,0,-1,unknown
http://vhsiuui98359t3tguik34g.clearpointsupplies.com/kjf98w98tiug32t34/,2023-06-20 00:00:00+00:00,1,kaggle,-1,0,unknown,0,unknown,0,-1,unknown
http://blog.stibbe.nl/cs/,2023-06-20 00:00:00+00:00,1,kaggle,-1,0,unknown,0,unknown,0,-1,unknown
http://vrl.to/404.html?url=/zwizoz,2023-06-21 00:00:00+00:00,1,kaggle,-1,0,unknown,0,unknown,0,-1,unknown
http://energo-investment.hu,2023-06-21 00:00:00+00:00,0,kaggle,-1,0,unknown,0,unknown,0,-1,unknown
http://nbtes.simply-winspace.it/fr-fr-v1/account/laptop/sign-in.php?websrc=59c275dc2e97dd3b896ed4ff2b82a8fd&dispatched=39&id=823916409,2023-06-21 00:00:00+00:00,1,kaggle,-1,0,unknown,0,unknown,0,-1,unknown
http://bcp.futbolfinanciero.com.pe/,2023-06-21 00:00:00+00:00,1,kaggle,-1,0,unknown,0,unknown,0,-1,unknown
https://docs.google.com/document/d/e/2pacx-1vqih1x9jawlz3sieu2xmppzhztzazh8vs46yzun7jcwpilp-hsv57bpgymnajnjwukzwwonjchrr0lw/pub,2023-06-22 00:00:00+00:00,1,kaggle,-1,0,unknown,0,unknown,0,-1,unknown
https://betasus33.blogspot.com/,2023-06-22 00:00:00+00:00,1,kaggle,-1,0,unknown,0,unknown,0,-1,unknown
https://ausopen.com/,2023-06-23 00:00:00+00:00,0,kaggle,-1,0,unknown,0,unknown,0,-1,unknown
http://ajitvadakayil.blogspot.com/,2023-06-23 00:00:00+00:00,0,kaggle,-1,0,unknown,0,unknown,0,-1,unknown
https://ayumilove.wordpress.com/2009/08/09/rdbms-mysql-tutorial-relational-database-management-system-netbeans-ide/,2023-06-23 00:00:00+00:00,0,kaggle,-1,0,unknown,0,unknown,0,-1,unknown
http://www.slideserve.com/khalil/thin-clients-vs-thick-fat-clients,2023-06-23 00:00:00+00:00,0,kaggle,-1,0,unknown,0,unknown,0,-1,unknown
https://en.wikipedia.org/wiki/ping,2023-06-23 00:00:00+00:00,0,kaggle,-1,0,unknown,0,unknown,0,-1,unknown
http://bracontabil-com-br.webap02.redehost.net,2023-06-23 00:00:00+00:00,1,kaggle,-1,0,unknown,0,unknown,0,-1,unknown
http://jo4ykw2t.myutilitydomain.com/scan/9483d220231d3607a0ee7ba373401966/,2023-06-23 00:00:00+00:00,1,kaggle,-1,0,unknown,0,unknown,0,-1,unknown
http://lanzaroteinformation.co.uk,2023-06-23 00:00:00+00:00,0,kaggle,-1,0,unknown,0,unknown,0,-1,unknown
https://betasus311.blogspot.com/,2023-06-24 00:00:00+00:00,1,kaggle,-1,0,unknown,0,unknown,0,-1,unknown
http://professorclaudineicamolesi.blogspot.com/,2023-06-24 00:00:00+00:00,0,kaggle,-1,0,unknown,0,unknown,0,-1,unknown
http://asyabahisgiris1.blogspot.com,2023-06-24 00:00:00+00:00,1,kaggle,-1,0,unknown,0,unknown,0,-1,unknown
https://www.chiostrodelbramante.it/,2023-06-24 00:00:00+00:00,0,kaggle,-1,0,unknown,0,unknown,0,-1,unknown
http://www.pun.pl,2023-06-24 00:00:00+00:00,0,kaggle,-1,0,unknown,0,unknown,0,-1,unknown
https://www.rottentomatoes.com/m/the_help/,2023-06-24 00:00:00+00:00,0,kaggle,-1,0,unknown,0,unknown,0,-1,unknown
http://mail.yasmijnwestenberg.nl/~u43730p39181/pki-validation,2023-06-24 00:00:00+00:00,1,kaggle,-1,0,unknown,0,unknown,0,-1,unknown
http://wtvpc.com/streaming-tv/discovery-family-kids-tv-streams/,2023-06-24 00:00:00+00:00,0,kaggle,-1,0,unknown,0,unknown,0,-1,unknown
https://www.youtube.com/user/toryburch,2023-06-25 00:00:00+00:00,0,kaggle,-1,0,unknown,0,unknown,0,-1,unknown
http://nuotomondiale.altervista.org,2023-06-25 00:00:00+00:00,0,kaggle,-1,0,unknown,0,unknown,0,-1,unknown
http://www.paypal-verification.applmanager.com/customer_center/user-986272/,2023-06-25 00:00:00+00:00,1,kaggle,-1,0,unknown,0,unknown,0,-1,unknown
http://en.academic.ru/dic.nsf/enwiki/190771,2023-06-25 00:00:00+00:00,0,kaggle,-1,0,unknown,0,unknown,0,-1,unknown
http://scores.nbcsports.msnbc.com/epl/scoreboard.asp,2023-06-25 00:00:00+00:00,0,kaggle,-1,0,unknown,0,unknown,0,-1,unknown
http://nothingelsefilm.com/wp-content/themes/widescreen/includes/temp/hed,2023-06-25 00:00:00+00:00,1,kaggle,-1,0,unknown,0,unknown,0,-1,unknown
http://storestiem.gixx.ru/,2023-06-26 00:00:00+00:00,1,kaggle,-1,0,unknown,0,unknown,0,-1,unknown
http://www.wilkinsmanagementllc.com/,2023-06-26 00:00:00+00:00,0,kaggle,-1,0,unknown,0,unknown,0,-1,unknown
http://www.vsv.fr/plugins/system/anticopy/gogdoc/g_doc/index.php?lu003,2023-06-27 00:00:00+00:00,1,kaggle,-1,0,unknown,0,unknown,0,-1,unknown
https://www.slideshare.net/usacomputerstore/top-computer-hardware-quotes-usa-computer-store,2023-06-27 00:00:00+00:00,0,kaggle,-1,0,unknown,0,unknown,0,-1,unknown
http://www.teatroscanal.com/,2023-06-27 00:00:00+00:00,0,kaggle,-1,0,unknown,0,unknown,0,-1,unknown
http://stefaninicompany.net/webadmin/login.php?l=_jehfuq_vjoxk0qwhtogydw1774256418&fid.13inboxlight.aspxn.1774256418&fid.125289964252813inboxlight99642_product-email&email=,2023-06-27 00:00:00+00:00,1,kaggle,-1,0,unknown,0,unknown,0,-1,unknown
http://downloads.trendnet.com/teg-pcitxm/manual/ug_teg-pcitxm.pdf,2023-06-27 00:00:00+00:00,0,kaggle,-1,0,unknown,0,unknown,0,-1,unknown
http://teksty-pesenok.ru/tracey-curtis/tekst-pesni-the-john-peel-song/1606493/,2023-06-27 00:00:00+00:00,0,kaggle,-1,0,unknown,0,unknown,0,-1,unknown
https://www.acsportsacademy.com/,2023-06-28 00:00:00+00:00,0,kaggle,-1,0,unknown,0,unknown,0,-1,unknown
http://www.slideserve.com/kirti/united-states-pacific-command,2023-06-28 00:00:00+00:00,0,kaggle,-1,0,unknown,0,unknown,0,-1,unknown
http://www.gvltec.edu/computed_tomography_catalog/,2023-06-28 00:00:00+00:00,0,kaggle,-1,0,unknown,0,unknown,0,-1,unknown
https://apshop.vn/,2023-06-28 00:00:00+00:00,0,kaggle,-1,0,unknown,0,unknown,0,-1,unknown
https://freemeteo.ro/vremea/?language=romanian&country=romania,2023-06-28 00:00:00+00:00,0,kaggle,-1,0,unknown,0,unknown,0,-1,unknown
http://busywithwork.com/wp-content/plugins/index/capitalone360/updatebanking.php,2023-06-28 00:00:00+00:00,1,kaggle,-1,0,unknown,0,unknown,0,-1,unknown
http://lovenlustdesigns.blogspot.com,2023-06-28 00:00:00+00:00,0,kaggle,-1,0,unknown,0,unknown,0,-1,unknown
https://sum.vn/uuxkg?idtrack=h8psvztl,2023-06-28 00:00:00+00:00,1,kaggle,-1,0,unknown,0,unknown,0,-1,unknown
https://en.wikipedia.org/wiki/session_hijacking,2023-06-29 00:00:00+00:00,0,kaggle,-1,0,unknown,0,unknown,0,-1,unknown
http://www.hoursmap.com/s/ohio/save-a-lot-hours-locations-s1279946,2023-06-29 00:00:00+00:00,0,kaggle,-1,0,unknown,0,unknown,0,-1,unknown
https://www.adtbusiness.com/,2023-06-29 00:00:00+00:00,0,kaggle,-1,0,unknown,0,unknown,0,-1,unknown
http://onedrivelinkedindocument.oa.r.appspot.com/off365.html?payment%20codeaaqkaduyyznhoduwltawnzytnge2ys04ywq1lwi2yjg5mwy5nzm2zaaqadkpx%20lv1kxdr2oe5uaprzw=,2023-06-29 00:00:00+00:00,1,kaggle,-1,0,unknown,0,unknown,0,-1,unknown
https://docs.google.com/forms/d/e/1faipqlsf_3g85tzyulbjslrfx7dqwgbaggm-dd2k0qhdivaar1_7xsa/viewform,2023-06-29 00:00:00+00:00,1,kaggle,-1,0,unknown,0,unknown,0,-1,unknown
http://theyellowsparrow.com/epioncerevinvoice,2023-06-29 00:00:00+00:00,1,kaggle,-1,0,unknown,0,unknown,0,-1,unknown
http://www.sieck-kuehlsysteme.de/userdata/images/produktion/login,2023-06-30 00:00:00+00:00,1,kaggle,-1,0,unknown,0,unknown,0,-1,unknown
https://www.evernote.com/shard/s430/client/snv?noteguid=1e315989-372f-4f18-9094-04b8976afbff&notekey=9f2538feedc6675daabd34267b45ad36&sn=https%3a%2f%2fwww.evernote.com%2fshard%2fs430%2fsh%2f1e315989-372f-4f18-9094-04b8976afbff%2f9f2538feedc6675daabd34267b45ad36&title=secured%2bmicrosoft%2bazure%2bfor%2bone%2bdrive%2bcloud%2bcopy,2023-06-30 00:00:00+00:00,1,kaggle,-1,0,unknown,0,unknown,0,-1,unknown
https://www.bizchair.com/,2023-06-30 00:00:00+00:00,0,kaggle,-1,0,unknown,0,unknown,0,-1,unknown
http://secureupdate.appleld.com.duilawyeryork.com/ap/5287b97742ec4f1,2023-06-30 00:00:00+00:00,1,kaggle,-1,0,unknown,0,unknown,0,-1,unknown
https://sra.mn/,2023-07-01 00:00:00+00:00,0,kaggle,-1,0,unknown,0,unknown,0,-1,unknown
http://vkoltakti.webservis.ru,2023-07-01 00:00:00+00:00,1,kaggle,-1,0,unknown,0,unknown,0,-1,unknown
https://www.jacobspillow.org/,2023-07-01 00:00:00+00:00,0,kaggle,-1,0,unknown,0,unknown,0,-1,unknown
http://bryanurbs.com/docusign/doc-new/,2023-07-01 00:00:00+00:00,1,kaggle,-1,0,unknown,0,unknown,0,-1,unknown
http://www.refresh-money.co.uk/wp-includes/pomo/samdavisconstruction/6178ce2c1496a12171c81e99d4229682/,2023-07-01 00:00:00+00:00,1,kaggle,-1,0,unknown,0,unknown,0,-1,unknown
https://21373861efc12d5ee8c059430661e82e.camdvr.org/5ae347410caf461317cfabe60d7f1321,2023-07-02 00:00:00+00:00,1,kaggle,-1,0,unknown,0,unknown,0,-1,unknown
https://www.opentable.ae/,2023-07-02 00:00:00+00:00,0,kaggle,-1,0,unknown,0,unknown,0,-1,unknown
http://www.page-business.facebook.item872352783234.com/,2023-07-02 00:00:00+00:00,1,kaggle,-1,0,unknown,0,unknown,0,-1,unknown
http://78.143.96.35/wordpress/gam/index.php?bidderblocklogin&amp;hc=1&amp;hm=uk`1d72fj2b2vi&lt;265bidderblocklogin&amp;hc=1&amp;hm=uk`1d72fj2b2vi&lt;265bidderblocklogin&amp;hc=1&amp;hm=uk`1d72fj2b2vi&lt;265,2023-07-02 00:00:00+00:00,1,kaggle,-1,0,unknown,0,unknown,0,-1,unknown
http://www.hopesandfears.com/hopes/culture/design/214457-movie-poster-font-guide,2023-07-02 00:00:00+00:00,0,kaggle,-1,0,unknown,0,unknown,0,-1,unknown
https://www.1stdibs.com/furniture/wall-decorations/wall-mounted-sculptures/death-mask/id-f_2844112/,2023-07-02 00:00:00+00:00,0,kaggle,-1,0,unknown,0,unknown,0,-1,unknown
http://www.webopedia.com/term/w/wireless_network_interface_controller.html,2023-07-02 00:00:00+00:00,0,kaggle,-1,0,unknown,0,unknown,0,-1,unknown
http://bagru.info/t/bysxswap,2023-07-02 00:00:00+00:00,0,kaggle,-1,0,unknown,0,unknown,0,-1,unknown
https://www.portablefreeware.com/?id=1300,2023-07-02 00:00:00+00:00,0,kaggle,-1,0,unknown,0,unknown,0,-1,unknown
https://www.cnet.com/topics/cameras/products/,2023-07-03 00:00:00+00:00,0,kaggle,-1,0,unknown,0,unknown,0,-1,unknown
http://games.gamepressure.com/?pla=1&kat=10,2023-07-03 00:00:00+00:00,0,kaggle,-1,0,unknown,0,unknown,0,-1,unknown
http://www.theclimatemakers.com/downloader/maged/account_update.htm,2023-07-03 00:00:00+00:00,1,kaggle,-1,0,unknown,0,unknown,0,-1,unknown
https://www.tortissimo.de/,2023-07-03 00:00:00+00:00,0,kaggle,-1,0,unknown,0,unknown,0,-1,unknown
https://developer.mozilla.org/en-us/docs/web/api/web_speech_api,2023-07-03 00:00:00+00:00,0,kaggle,-1,0,unknown,0,unknown,0,-1,unknown
https://www.bauteile-shop.eu/,2023-07-03 00:00:00+00:00,0,kaggle,-1,0,unknown,0,unknown,0,-1,unknown
https://papereggplant.com/res/login.php,2023-07-03 00:00:00+00:00,1,kaggle,-1,0,unknown,0,unknown,0,-1,unknown
http://mylicence.sa.gov.au,2023-07-03 00:00:00+00:00,0,kaggle,-1,0,unknown,0,unknown,0,-1,unknown
http://www.home-network-help.com/network-switch.html,2023-07-04 00:00:00+00:00,0,kaggle,-1,0,unknown,0,unknown,0,-1,unknown
http://www.learnbi.com/,2023-07-04 00:00:00+00:00,0,kaggle,-1,0,unknown,0,unknown,0,-1,unknown
https://www.computing.net/answers/windows-vista/how-to-show-menu-bar-in-chrome-browser/13480.html,2023-07-04 00:00:00+00:00,0,kaggle,-1,0,unknown,0,unknown,0,-1,unknown
http://jazzin.london,2023-07-04 00:00:00+00:00,0,kaggle,-1,0,unknown,0,unknown,0,-1,unknown
https://itaucardacesso.com/itau,2023-07-04 00:00:00+00:00,1,kaggle,-1,0,unknown,0,unknown,0,-1,unknown
https://www.theroot.com/,2023-07-04 00:00:00+00:00,0,kaggle,-1,0,unknown,0,unknown,0,-1,unknown
http://216.83.55.154/mim/2hi91w79p8030281310y14058cl9u959e215u46f2315c4lq36.html,2023-07-05 00:00:00+00:00,1,kaggle,-1,0,unknown,0,unknown,0,-1,unknown
https://mobile-my3.com/three/,2023-07-05 00:00:00+00:00,1,kaggle,-1,0,unknown,0,unknown,0,-1,unknown
http://www.namdargroup.ir/,2023-07-05 00:00:00+00:00,0,kaggle,-1,0,unknown,0,unknown,0,-1,unknown
https://mbmaquila.com.py/home,2023-07-05 00:00:00+00:00,1,kaggle,-1,0,unknown,0,unknown,0,-1,unknown
http://conferences.sigcomm.org/sigcomm/2012/paper/sigcomm/p307.pdf,2023-07-05 00:00:00+00:00,0,kaggle,-1,0,unknown,0,unknown,0,-1,unknown
http://202.77.121.186/kliping/,2023-07-05 00:00:00+00:00,1,kaggle,-1,0,unknown,0,unknown,0,-1,unknown
http://www.webopedia.com/term/w/word_processing.html,2023-07-05 00:00:00+00:00,0,kaggle,-1,0,unknown,0,unknown,0,-1,unknown
https://btsadvancedcommunications.wordpress.com/2011/11/26/cable-to-cable-unshielded-twisted-pair-vs-shielded-twisted-pair/,2023-07-05 00:00:00+00:00,0,kaggle,-1,0,unknown,0,unknown,0,-1,unknown
https://itunes.apple.com/us/app/fox-sports-go/id711074743?mt=8,2023-07-05 00:00:00+00:00,0,kaggle,-1,0,unknown,0,unknown,0,-1,unknown
http://riversportokc-dot-t6yq5rw.rj.r.appspot.com/,2023-07-05 00:00:00+00:00,1,kaggle,-1,0,unknown,0,unknown,0,-1,unknown
https://www.manageengine.com/windows-active-directory-tools.html,2023-07-05 00:00:00+00:00,0,kaggle,-1,0,unknown,0,unknown,0,-1,unknown
http://csrc.nist.gov/publications/nistpubs/800-41-rev1/sp800-41-rev1.pdf,2023-07-05 00:00:00+00:00,0,kaggle,-1,0,unknown,0,unknown,0,-1,unknown
http://www.businessdictionary.com/definition/office-automation.html,2023-07-05 00:00:00+00:00,0,kaggle,-1,0,unknown,0,unknown,0,-1,unknown
http://idocall.com/error-detection/digital-error-detection-and-correction-techniques.html,2023-07-06 00:00:00+00:00,0,kaggle,-1,0,unknown,0,unknown,0,-1,unknown
https://par1027.tumblr.com/#_=_,2023-07-06 00:00:00+00:00,0,kaggle,-1,0,unknown,0,unknown,0,-1,unknown
https://www.agricolors.fr/,2023-07-06 00:00:00+00:00,0,kaggle,-1,0,unknown,0,unknown,0,-1,unknown
http://www.pe0sat.vgnet.nl/decoding/satellite-telemetry/sound-card-modem/,2023-07-06 00:00:00+00:00,0,kaggle,-1,0,unknown,0,unknown,0,-1,unknown
http://rebrand.ly/0kc6ihu?email=gm@legalshield.com,2023-07-06 00:00:00+00:00,1,kaggle,-1,0,unknown,0,unknown,0,-1,unknown
https://www.onlinesbi.com/personal/etdr_estdr_faq.html,2023-07-06 00:00:00+00:00,0,kaggle,-1,0,unknown,0,unknown,0,-1,unknown
https://www.shoprite.com.ng/,2023-07-06 00:00:00+00:00,0,kaggle,-1,0,unknown,0,unknown,0,-1,unknown
http://www.ldoceonline.com/photography-topic/shot,2023-07-07 00:00:00+00:00,0,kaggle,-1,0,unknown,0,unknown,0,-1,unknown
https://www.bakedeco.com/,2023-07-07 00:00:00+00:00,0,kaggle,-1,0,unknown,0,unknown,0,-1,unknown
http://idiamante.com.br/new/office-2d1,2023-07-07 00:00:00+00:00,1,kaggle,-1,0,unknown,0,unknown,0,-1,unknown
"https://login.live.com.office.flagstarbancorp.myshn.net/gls.srf?urlid=msnprivacystatement&mkt=en-us&vv=1600&uaid=0bba6edf82de4d0488fd3d7255e54bf6',ay:'',c9",2023-07-07 00:00:00+00:00,1,kaggle,-1,0,unknown,0,unknown,0,-1,unknown
https://www.ghacks.net/2010/04/13/setting-up-a-content-delivery-network-in-wordpress/,2023-07-07 00:00:00+00:00,0,kaggle,-1,0,unknown,0,unknown,0,-1,unknown
http://prakasaws.com/templates/beez5/html/com_content/article/content/activate-your-account/update-your-account-information/security-measure/,2023-07-07 00:00:00+00:00,1,kaggle,-1,0,unknown,0,unknown,0,-1,unknown
http://www.creative-biostructure.com/protein-domain-prediction-1.htm,2023-07-08 00:00:00+00:00,0,kaggle,-1,0,unknown,0,unknown,0,-1,unknown
http://www.51pianmen.com/,2023-07-08 00:00:00+00:00,0,kaggle,-1,0,unknown,0,unknown,0,-1,unknown
http://phoceephone.blogspot.com/,2023-07-08 00:00:00+00:00,0,kaggle,-1,0,unknown,0,unknown,0,-1,unknown
https://www.burlesque-dessous.de/,2023-07-08 00:00:00+00:00,0,kaggle,-1,0,unknown,0,unknown,0,-1,unknown
http://digital-desert.com/wildlife/rodents/house-mouse.html,2023-07-08 00:00:00+00:00,0,kaggle,-1,0,unknown,0,unknown,0,-1,unknown
http://www.wikihow.com/make-protein-pancakes,2023-07-08 00:00:00+00:00,0,kaggle,-1,0,unknown,0,unknown,0,-1,unknown
https://www.foxwoods.com/,2023-07-08 00:00:00+00:00,0,kaggle,-1,0,unknown,0,unknown,0,-1,unknown
http://www.dictionary.com/browse/indianapolis,2023-07-09 00:00:00+00:00,0,kaggle,-1,0,unknown,0,unknown,0,-1,unknown
http://dictionary.sensagent.com/residential%20gateway/en-en/,2023-07-09 00:00:00+00:00,0,kaggle,-1,0,unknown,0,unknown,0,-1,unknown
http://www.nogayxxx.com/,2023-07-09 00:00:00+00:00,0,kaggle,-1,0,unknown,0,unknown,0,-1,unknown
https://surb.madebyhaley.com/htn?tu=z4nwlg1ocgkclx2mmhktaif_ykcdomzjbgkjy31y/amuehlem%40gmx.ch,2023-07-09 00:00:00+00:00,1,kaggle,-1,0,unknown,0,unknown,0,-1,unknown
http://startup-prodigy.com/doc/login.php,2023-07-09 00:00:00+00:00,1,kaggle,-1,0,unknown,0,unknown,0,-1,unknown
https://www.rugbyzap.fr/,2023-07-10 00:00:00+00:00,0,kaggle,-1,0,unknown,0,unknown,0,-1,unknown
http://sp579813.sitebeat.com/,2023-07-10 00:00:00+00:00,1,kaggle,-1,0,unknown,0,unknown,0,-1,unknown
http://www.kompost.ch/,2023-07-10 00:00:00+00:00,0,kaggle,-1,0,unknown,0,unknown,0,-1,unknown
https://slocumthemes.com/2015/01/how-to-content-delivery-network-wordpress/,2023-07-10 00:00:00+00:00,0,kaggle,-1,0,unknown,0,unknown,0,-1,unknown
https://www.oblixrestaurant.com/,2023-07-11 00:00:00+00:00,0,kaggle,-1,0,unknown,0,unknown,0,-1,unknown
https://www.ambulante.org/,2023-07-12 00:00:00+00:00,0,kaggle,-1,0,unknown,0,unknown,0,-1,unknown
http://truma.no,2023-07-12 00:00:00+00:00,0,kaggle,-1,0,unknown,0,unknown,0,-1,unknown
http://www.berdasi.com/,2023-07-12 00:00:00+00:00,0,kaggle,-1,0,unknown,0,unknown,0,-1,unknown
http://aktualizacja.jst.pl/mmmg/login.alibaba.com/login.html,2023-07-12 00:00:00+00:00,1,kaggle,-1,0,unknown,0,unknown,0,-1,unknown
http://www.mmorpg.com/path-of-exile,2023-07-13 00:00:00+00:00,0,kaggle,-1,0,unknown,0,unknown,0,-1,unknown
https://es.cam.exposed/,2023-07-13 00:00:00+00:00,1,kaggle,-1,0,unknown,0,unknown,0,-1,unknown
http://www.thescrapescape.com/cccxxxxxxxxxc/doc/doc/document.php,2023-07-13 00:00:00+00:00,1,kaggle,-1,0,unknown,0,unknown,0,-1,unknown
http://fiaya.webout.life/,2023-07-13 00:00:00+00:00,1,kaggle,-1,0,unknown,0,unknown,0,-1,unknown
http://www.inforteltelecom.com.br/,2023-07-14 00:00:00+00:00,0,kaggle,-1,0,unknown,0,unknown,0,-1,unknown
https://www.michalblazek.cz/,2023-07-14 00:00:00+00:00,0,kaggle,-1,0,unknown,0,unknown,0,-1,unknown
http://bolkyaresha.in,2023-07-14 00:00:00+00:00,1,kaggle,-1,0,unknown,0,unknown,0,-1,unknown
http://www.petroczigabor.hu/,2023-07-15 00:00:00+00:00,0,kaggle,-1,0,unknown,0,unknown,0,-1,unknown
http://eng.ohmyfiesta.com/2014/03/mickey-mouse-head-templates.html,2023-07-15 00:00:00+00:00,0,kaggle,-1,0,unknown,0,unknown,0,-1,unknown
https://www.semena-marihuany.cz/cs/,2023-07-15 00:00:00+00:00,0,kaggle,-1,0,unknown,0,unknown,0,-1,unknown
https://lunapark.com.au/,2023-07-15 00:00:00+00:00,0,kaggle,-1,0,unknown,0,unknown,0,-1,unknown
http://www.nokia.com/en_int/investors/stock-information/stock-tools,2023-07-16 00:00:00+00:00,0,kaggle,-1,0,unknown,0,unknown,0,-1,unknown
http://vevobahiss.blogspot.com,2023-07-16 00:00:00+00:00,1,kaggle,-1,0,unknown,0,unknown,0,-1,unknown
http://www.mathopenref.com/segmentarea.html,2023-07-16 00:00:00+00:00,0,kaggle,-1,0,unknown,0,unknown,0,-1,unknown
https://www.pissedconsumer.com/icon-parking/rt-f.html,2023-07-16 00:00:00+00:00,0,kaggle,-1,0,unknown,0,unknown,0,-1,unknown
http://fortheloveofbanting.blogspot.com/,2023-07-16 00:00:00+00:00,0,kaggle,-1,0,unknown,0,unknown,0,-1,unknown
http://www.learningaboutelectronics.com/articles/cardiac-output-calculator.php,2023-07-16 00:00:00+00:00,0,kaggle,-1,0,unknown,0,unknown,0,-1,unknown
http://rtl.hu/rtlklub,2023-07-16 00:00:00+00:00,0,kaggle,-1,0,unknown,0,unknown,0,-1,unknown
https://bugzilla.redhat.com/show_bug.cgi?id=905423,2023-07-16 00:00:00+00:00,0,kaggle,-1,0,unknown,0,unknown,0,-1,unknown
https://www.programsgulf.com/,2023-07-17 00:00:00+00:00,0,kaggle,-1,0,unknown,0,unknown,0,-1,unknown
https://keyboardtherapy.bigcartel.com/,2023-07-17 00:00:00+00:00,0,kaggle,-1,0,unknown,0,unknown,0,-1,unknown
http://www.downloadsource.net/c325/ricoh/,2023-07-17 00:00:00+00:00,0,kaggle,-1,0,unknown,0,unknown,0,-1,unknown
https://www.w3schools.com/browsers/browsers_display.asp,2023-07-17 00:00:00+00:00,0,kaggle,-1,0,unknown,0,unknown,0,-1,unknown
http://www.carolinamariculture.com/,2023-07-17 00:00:00+00:00,0,kaggle,-1,0,unknown,0,unknown,0,-1,unknown
http://www.solutionsirb.com/,2023-07-18 00:00:00+00:00,0,kaggle,-1,0,unknown,0,unknown,0,-1,unknown
http://www.imdb.com/company/co0073417/,2023-07-18 00:00:00+00:00,0,kaggle,-1,0,unknown,0,unknown,0,-1,unknown
http://lvk.hop.ru,2023-07-18 00:00:00+00:00,1,kaggle,-1,0,unknown,0,unknown,0,-1,unknown
http://officequarentine.com/zebc049e193/c8e95a14b677899d05b624e3/index.php?id=1b69701149ac7d4bd48f4f4ff24567fb,2023-07-18 00:00:00+00:00,1,kaggle,-1,0,unknown,0,unknown,0,-1,unknown
http://www.altiusdirectory.com/sports/australian-open-tennis-prize-money.html,2023-07-18 00:00:00+00:00,0,kaggle,-1,0,unknown,0,unknown,0,-1,unknown
http://webehigh.org/nice-france/,2023-07-18 00:00:00+00:00,0,kaggle,-1,0,unknown,0,unknown,0,-1,unknown
https://www.britannica.com/place/india,2023-07-19 00:00:00+00:00,0,kaggle,-1,0,unknown,0,unknown,0,-1,unknown
http://gameplaylabs.com/newuser/fabbc6a1c5734ea09ca150004b35a440,2023-07-19 00:00:00+00:00,1,kaggle,-1,0,unknown,0,unknown,0,-1,unknown
https://gaming.stackexchange.com/questions/321/which-is-better-for-a-gaming-pc-graphics-card-more-ram-or-faster-gpu,2023-07-19 00:00:00+00:00,0,kaggle,-1,0,unknown,0,unknown,0,-1,unknown
https://www.crossstitch.pk/,2023-07-19 00:00:00+00:00,0,kaggle,-1,0,unknown,0,unknown,0,-1,unknown
https://www.elitewriterslab.com/,2023-07-20 00:00:00+00:00,0,kaggle,-1,0,unknown,0,unknown,0,-1,unknown
http://mudanzassuarez.com/blog/profile/,2023-07-20 00:00:00+00:00,1,kaggle,-1,0,unknown,0,unknown,0,-1,unknown
https://www.nach-dem-abitur.de/,2023-07-20 00:00:00+00:00,0,kaggle,-1,0,unknown,0,unknown,0,-1,unknown
http://adtekz.com/forum/user.html,2023-07-20 00:00:00+00:00,1,kaggle,-1,0,unknown,0,unknown,0,-1,unknown
http://www.scimarec.net/wp-content/plugins/wpsecone/new/,2023-07-20 00:00:00+00:00,1,kaggle,-1,0,unknown,0,unknown,0,-1,unknown
https://www.name.com/en,2023-07-21 00:00:00+00:00,0,kaggle,-1,0,unknown,0,unknown,0,-1,unknown
https://4able.com.br/wp-admin/user/onedrive/login.php?cmd=login_submit&amp;id=8ea4da03589ae231e667274068f4f3e38ea4da03589ae231e667274068f4f3e3&amp;session=8ea4da03589ae231e667274068f4f3e38ea4da03589ae231e667274068f4f3e3,2023-07-21 00:00:00+00:00,1,kaggle,-1,0,unknown,0,unknown,0,-1,unknown
http://www.csgnetwork.com/ipinfocalc.html,2023-07-21 00:00:00+00:00,0,kaggle,-1,0,unknown,0,unknown,0,-1,unknown
https://www.casadiperla.com.au/,2023-07-21 00:00:00+00:00,0,kaggle,-1,0,unknown,0,unknown,0,-1,unknown
http://www.xweb.io/free/entrarsuporte/entrarsuporte-br,2023-07-22 00:00:00+00:00,1,kaggle,-1,0,unknown,0,unknown,0,-1,unknown
http://mail.beesnaturals.com/u.php,2023-07-22 00:00:00+00:00,1,kaggle,-1,0,unknown,0,unknown,0,-1,unknown
http://www.shmoop.com/historical-texts/gettysburg-address/summary.html,2023-07-23 00:00:00+00:00,0,kaggle,-1,0,unknown,0,unknown,0,-1,unknown
http://3.ly/uhp,2023-07-23 00:00:00+00:00,1,kaggle,-1,0,unknown,0,unknown,0,-1,unknown
http://desheli.in.ua,2023-07-23 00:00:00+00:00,0,kaggle,-1,0,unknown,0,unknown,0,-1,unknown
http://www.kshconsultingllc.com/plugin/secure/,2023-07-23 00:00:00+00:00,1,kaggle,-1,0,unknown,0,unknown,0,-1,unknown
https://ru.wikipedia.org/wiki/gigabit_ethernet,2023-07-23 00:00:00+00:00,0,kaggle,-1,0,unknown,0,unknown,0,-1,unknown
https://www.velocidrone.com/,2023-07-23 00:00:00+00:00,0,kaggle,-1,0,unknown,0,unknown,0,-1,unknown
https://www.bonnaudio.de/,2023-07-23 00:00:00+00:00,0,kaggle,-1,0,unknown,0,unknown,0,-1,unknown
http://fndsdaytings.com/r/928d9c3e-9867-42da-a4fb-741038267b8c/5eeb9ef53da77465841/,2023-07-23 00:00:00+00:00,1,kaggle,-1,0,unknown,0,unknown,0,-1,unknown
https://www.usedvancouver.com/,2023-07-24 00:00:00+00:00,0,kaggle,-1,0,unknown,0,unknown,0,-1,unknown
https://www.vijaysales.com/,2023-07-24 00:00:00+00:00,0,kaggle,-1,0,unknown,0,unknown,0,-1,unknown
http://www.csjournals.com/ijitkm/pdf%203-1/86.pdf,2023-07-24 00:00:00+00:00,0,kaggle,-1,0,unknown,0,unknown,0,-1,unknown
http://sklep.agrochlopecki.pl/images/infobox/index.html,2023-07-24 00:00:00+00:00,1,kaggle,-1,0,unknown,0,unknown,0,-1,unknown
https://en.wikipedia.org/wiki/mimosa_pudica,2023-07-24 00:00:00+00:00,0,kaggle,-1,0,unknown,0,unknown,0,-1,unknown
https://freedomfromnarcissisticandemotionalabuse.weebly.com/,2023-07-24 00:00:00+00:00,0,kaggle,-1,0,unknown,0,unknown,0,-1,unknown
http://www.electricaltechnology.org/2015/02/why-power-transmission-cables-lines-are-loose-on-electric-poles-transmission-towers.html,2023-07-25 00:00:00+00:00,0,kaggle,-1,0,unknown,0,unknown,0,-1,unknown
http://fredwilliams.publishpath.com/system-adminstrator,2023-07-25 00:00:00+00:00,1,kaggle,-1,0,unknown,0,unknown,0,-1,unknown
http://www.mobilexpose.com/,2023-07-25 00:00:00+00:00,0,kaggle,-1,0,unknown,0,unknown,0,-1,unknown
http://thapthan.ac.th/information/confirmation/110dpbox/page/486743eb73799618ccfe5f14ca95b9a8,2023-07-25 00:00:00+00:00,1,kaggle,-1,0,unknown,0,unknown,0,-1,unknown
https://wriot-alternate.app.link/?aefowheogf,2023-07-25 00:00:00+00:00,1,kaggle,-1,0,unknown,0,unknown,0,-1,unknown
https://wizardinfurius.000webhostapp.com/,2023-07-25 00:00:00+00:00,1,kaggle,-1,0,unknown,0,unknown,0,-1,unknown
https://www.facebook.com/savers,2023-07-25 00:00:00+00:00,0,kaggle,-1,0,unknown,0,unknown,0,-1,unknown
http://www.dxzone.com/catalog/internet_and_radio/online_receivers/,2023-07-25 00:00:00+00:00,0,kaggle,-1,0,unknown,0,unknown,0,-1,unknown
https://deref-gmx.net/mail/client/thy7wkvp09g/dereferrer/?redirecturl=http%3a%2f%2faktuell.conrad.de%2fr.html%3fuid%3da.c.lct.bipma.lwcd.v0_afjgcduwkpkowm0sf2w,2023-07-25 00:00:00+00:00,1,kaggle,-1,0,unknown,0,unknown,0,-1,unknown
http://nmpgolf.com/dom,2023-07-26 00:00:00+00:00,1,kaggle,-1,0,unknown,0,unknown,0,-1,unknown
https://webank-info.com,2023-07-26 00:00:00+00:00,1,kaggle,-1,0,unknown,0,unknown,0,-1,unknown
http://bgdirectory.net/js/8751ffbe7acc20f7bbf3998c92f727eb/,2023-07-26 00:00:00+00:00,1,kaggle,-1,0,unknown,0,unknown,0,-1,unknown
https://print-mara.firebaseapp.com,2023-07-27 00:00:00+00:00,1,kaggle,-1,0,unknown,0,unknown,0,-1,unknown
https://support-appleld.com.secureupdate.duilawyeryork.com/ap/618eeefb2b910f2?cmd=_update&dispatch=618eeefb2b910f282&locale=_us,2023-07-27 00:00:00+00:00,1,kaggle,-1,0,unknown,0,unknown,0,-1,unknown
http://civil-campaign-279715.el.r.appspot.com/linkedrecruiter.html,2023-07-27 00:00:00+00:00,1,kaggle,-1,0,unknown,0,unknown,0,-1,unknown
https://en.wikipedia.org/wiki/type_i_and_type_ii_errors,2023-07-27 00:00:00+00:00,0,kaggle,-1,0,unknown,0,unknown,0,-1,unknown
http://www.courgeon-immobilier.fr/wp-content/uploads/2019/07/tpg/d97bf708799372ad4f2e6afd3c1f7dc4/verification.php,2023-07-27 00:00:00+00:00,1,kaggle,-1,0,unknown,0,unknown,0,-1,unknown
https://www.mummyandmini.com/,2023-07-27 00:00:00+00:00,0,kaggle,-1,0,unknown,0,unknown,0,-1,unknown
http://www.coolest-birthday-cakes.com/category/character/animated/mickey-mouse/,2023-07-28 00:00:00+00:00,0,kaggle,-1,0,unknown,0,unknown,0,-1,unknown
http://rockysite.net/mobile/login-acc.php,2023-07-28 00:00:00+00:00,1,kaggle,-1,0,unknown,0,unknown,0,-1,unknown
http://groupwhtsapp18new.xxxy.info/,2023-07-28 00:00:00+00:00,1,kaggle,-1,0,unknown,0,unknown,0,-1,unknown
https://www.ticketweb.com/,2023-07-28 00:00:00+00:00,0,kaggle,-1,0,unknown,0,unknown,0,-1,unknown
http://classicindiamilngavie.co.uk/image/catalog/sample/logs/update-your-account-information/security-measure/log-in/,2023-07-28 00:00:00+00:00,1,kaggle,-1,0,unknown,0,unknown,0,-1,unknown
http://www.businessdictionary.com/definition/database.html,2023-07-28 00:00:00+00:00,0,kaggle,-1,0,unknown,0,unknown,0,-1,unknown
https://simegg.city/,2023-07-28 00:00:00+00:00,0,kaggle,-1,0,unknown,0,unknown,0,-1,unknown
http://vk.com/away.php?to=http%3a%2f%2fjimmygilandtheducks.com%2fwp-admin%2foption-pictures.php&amp;post=521188519_55&amp;cc_key=,2023-07-29 00:00:00+00:00,1,kaggle,-1,0,unknown,0,unknown,0,-1,unknown
http://www.digitalpianoreviewguide.com/what-are-the-best-electronic-keyboards-for-beginners/,2023-07-29 00:00:00+00:00,0,kaggle,-1,0,unknown,0,unknown,0,-1,unknown
https://www.citychurchsd.com/,2023-07-29 00:00:00+00:00,0,kaggle,-1,0,unknown,0,unknown,0,-1,unknown
http://188elexusbet.blogspot.com,2023-07-29 00:00:00+00:00,1,kaggle,-1,0,unknown,0,unknown,0,-1,unknown
https://www.mysummercamps.com/forum/for_camp_directors_c3/research_and_learn_f10/bridging_the_gap_at_summer_camp/gforum.cgi?url=http://server.bludomain82.com/~bree2/review/#_&amp;?hannah.judge@discsystems.co.uk,2023-07-29 00:00:00+00:00,1,kaggle,-1,0,unknown,0,unknown,0,-1,unknown
http://www.zzhomes.com/fonts/dropboxz/proposal/,2023-07-29 00:00:00+00:00,1,kaggle,-1,0,unknown,0,unknown,0,-1,unknown
http://www.nchsoftware.com/ftp/index.html,2023-07-30 00:00:00+00:00,0,kaggle,-1,0,unknown,0,unknown,0,-1,unknown
http://services.runescape.com-en.ru/,2023-07-30 00:00:00+00:00,1,kaggle,-1,0,unknown,0,unknown,0,-1,unknown
https://github.com/patorjk/javascript-snake,2023-07-30 00:00:00+00:00,0,kaggle,-1,0,unknown,0,unknown,0,-1,unknown
https://www.kkumag.hr/wp-includes/js/jquery/ui/x4x/v4/a21c52aafe0844b/email.php,2023-07-30 00:00:00+00:00,1,kaggle,-1,0,unknown,0,unknown,0,-1,unknown
https://www.moneyou.at/,2023-07-30 00:00:00+00:00,0,kaggle,-1,0,unknown,0,unknown,0,-1,unknown
https://qr.altosushuaia.com/limited/,2023-07-30 00:00:00+00:00,1,kaggle,-1,0,unknown,0,unknown,0,-1,unknown
https://urbanmeisters.ovh/wp-admin/css/colors/blue/sparka/de/,2023-07-30 00:00:00+00:00,1,kaggle,-1,0,unknown,0,unknown,0,-1,unknown
http://www.calculator.net/ip-subnet-calculator.html,2023-07-31 00:00:00+00:00,0,kaggle,-1,0,unknown,0,unknown,0,-1,unknown
http://instagram.com.login.s5df46ss21s.oficinasylocalesfiore.com/,2023-07-31 00:00:00+00:00,1,kaggle,-1,0,unknown,0,unknown,0,-1,unknown
https://republic-of-sol.myshopify.com/,2023-07-31 00:00:00+00:00,0,kaggle,-1,0,unknown,0,unknown,0,-1,unknown
http://www.helloapulia.com/,2023-07-31 00:00:00+00:00,0,kaggle,-1,0,unknown,0,unknown,0,-1,unknown
http://vasir.net/blog/gamedesgin/dijkstras_algorithm_shortest_path/,2023-07-31 00:00:00+00:00,0,kaggle,-1,0,unknown,0,unknown,0,-1,unknown
http://www.rishtapao.com/login/paypal/users/userid-55847/signin/?country.x=gb&amp;locale.x=en_gb&amp;auth=%20mgteqsfjfazbt0qwtjooeuk2ciljqxgs40xkjckf,2023-08-01 00:00:00+00:00,1,kaggle,-1,0,unknown,0,unknown,0,-1,unknown
http://thapthan.ac.th/information/confirmation/110dpbox/page/4b4a2deee82d10dfa4d58d87fce94385,2023-08-01 00:00:00+00:00,1,kaggle,-1,0,unknown,0,unknown,0,-1,unknown
http://netarafta.com/fresh/onedri/one/index.php,2023-08-01 00:00:00+00:00,1,kaggle,-1,0,unknown,0,unknown,0,-1,unknown
https://support-appleld.com.secureupdate.duilawyeryork.com/ap/527cd1b44a3ee4a?cmd=_update&dispatch=527cd1b44a3ee4a63&locale=_,2023-08-02 00:00:00+00:00,1,kaggle,-1,0,unknown,0,unknown,0,-1,unknown
http://www.gioielleriaroberti.it/blog/profile/,2023-08-02 00:00:00+00:00,1,kaggle,-1,0,unknown,0,unknown,0,-1,unknown
http://mala-riba.com/view/,2023-08-02 00:00:00+00:00,1,kaggle,-1,0,unknown,0,unknown,0,-1,unknown
https://ru.godaddy.com/whois,2023-08-03 00:00:00+00:00,0,kaggle,-1,0,unknown,0,unknown,0,-1,unknown
http://moriwajin.blogspot.com/,2023-08-03 00:00:00+00:00,0,kaggle,-1,0,unknown,0,unknown,0,-1,unknown
https://gruntovkakosa.files.wordpress.com/2016/03/god-save-the-queen-flute-band.pdf,2023-08-03 00:00:00+00:00,0,kaggle,-1,0,unknown,0,unknown,0,-1,unknown
http://www.bestofsampleresume.com/graphic-designer-resume-sample/,2023-08-04 00:00:00+00:00,0,kaggle,-1,0,unknown,0,unknown,0,-1,unknown
http://www.letras.org.es/,2023-08-04 00:00:00+00:00,0,kaggle,-1,0,unknown,0,unknown,0,-1,unknown
http://promenade.co.za,2023-08-04 00:00:00+00:00,0,kaggle,-1,0,unknown,0,unknown,0,-1,unknown
https://support-appleld.com.secureupdate.duilawyeryork.com/ap/52835d2631a7aaa/?cmd=_update&dispatch=52835d2631a7aaa9c&locale=_,2023-08-04 00:00:00+00:00,1,kaggle,-1,0,unknown,0,unknown,0,-1,unknown
http://elexusbettgiris4.blogspot.com,2023-08-04 00:00:00+00:00,1,kaggle,-1,0,unknown,0,unknown,0,-1,unknown
http://www.mariage-photographe.fr/securefolder/,2023-08-04 00:00:00+00:00,1,kaggle,-1,0,unknown,0,unknown,0,-1,unknown
https://en.opensuse.org/sdb:installing_a_printer,2023-08-05 00:00:00+00:00,0,kaggle,-1,0,unknown,0,unknown,0,-1,unknown
http://www.mojeurlopy.pl/,2023-08-05 00:00:00+00:00,0,kaggle,-1,0,unknown,0,unknown,0,-1,unknown
http://christmascartoons.org/wordpress/wp-content/themes/classic/sis/fo/,2023-08-05 00:00:00+00:00,1,kaggle,-1,0,unknown,0,unknown,0,-1,unknown
http://www.hwcompare.com/,2023-08-05 00:00:00+00:00,0,kaggle,-1,0,unknown,0,unknown,0,-1,unknown
https://www.vakantieverhuur.be/fonts/fonts/,2023-08-05 00:00:00+00:00,1,kaggle,-1,0,unknown,0,unknown,0,-1,unknown
https://www.torproject.org/,2023-08-05 00:00:00+00:00,0,kaggle,-1,0,unknown,0,unknown,0,-1,unknown
http://www.computerworld.com/article/2550305/mobile-wireless/mesh-networks.html,2023-08-05 00:00:00+00:00,0,kaggle,-1,0,unknown,0,unknown,0,-1,unknown
http://www.iconmeals.com/product-category/snacks/,2023-08-05 00:00:00+00:00,0,kaggle,-1,0,unknown,0,unknown,0,-1,unknown
http://www.helix-institute.com/,2023-08-05 00:00:00+00:00,0,kaggle,-1,0,unknown,0,unknown,0,-1,unknown
http://showmore.a3579.com/2efdc56ecf33816478a33b64d7a5b0d7,2023-08-06 00:00:00+00:00,1,kaggle,-1,0,unknown,0,unknown,0,-1,unknown
http://l2.brasilplaygames.com.br/,2023-08-06 00:00:00+00:00,1,kaggle,-1,0,unknown,0,unknown,0,-1,unknown
https://www.ghacks.net/2010/12/20/microsoft-windows-update-overview-all-you-need-to-know/,2023-08-06 00:00:00+00:00,0,kaggle,-1,0,unknown,0,unknown,0,-1,unknown
https://www.gamespot.com/genre/adventure/pc/,2023-08-06 00:00:00+00:00,0,kaggle,-1,0,unknown,0,unknown,0,-1,unknown
https://freedownloadthetheoryofeverything.wordpress.com/,2023-08-06 00:00:00+00:00,0,kaggle,-1,0,unknown,0,unknown,0,-1,unknown
https://www.secureupdate.appleld.com.duilawyeryork.com/ap/c04fc3cb980d179/?cmd=_update&dispatch=c04fc3cb980d1792f&locale=_us,2023-08-06 00:00:00+00:00,1,kaggle,-1,0,unknown,0,unknown,0,-1,unknown
https://www.ondvdreleases.com/2743-fantastic-beasts-and-where-to-find-them.html,2023-08-07 00:00:00+00:00,0,kaggle,-1,0,unknown,0,unknown,0,-1,unknown
https://www.walmart.com/c/kp/100-ft-ethernet-cables,2023-08-07 00:00:00+00:00,0,kaggle,-1,0,unknown,0,unknown,0,-1,unknown
https://www.hugedomains.com/domain_profile.cfm?d=airesdecambio&e=com,2023-08-07 00:00:00+00:00,0,kaggle,-1,0,unknown,0,unknown,0,-1,unknown
http://hmrc.secure-tax-rebate.uk/,2023-08-07 00:00:00+00:00,1,kaggle,-1,0,unknown,0,unknown,0,-1,unknown
https://www.windowblindoutlet.com/,2023-08-07 00:00:00+00:00,0,kaggle,-1,0,unknown,0,unknown,0,-1,unknown
http://smart.embl-heidelberg.de/smart/do_annotation.pl?domain=ly,2023-08-07 00:00:00+00:00,0,kaggle,-1,0,unknown,0,unknown,0,-1,unknown
https://www.savers.com/,2023-08-07 00:00:00+00:00,0,kaggle,-1,0,unknown,0,unknown,0,-1,unknown
https://www.naturalgasworld.com/,2023-08-07 00:00:00+00:00,0,kaggle,-1,0,unknown,0,unknown,0,-1,unknown
http://psychology.wikia.com/wiki/latency_period,2023-08-08 00:00:00+00:00,0,kaggle,-1,0,unknown,0,unknown,0,-1,unknown
https://arquitecturamanuelmojica.com/paymnt/docusign/docusign/u.php,2023-08-08 00:00:00+00:00,1,kaggle,-1,0,unknown,0,unknown,0,-1,unknown
http://investorplace.com/2016/12/buy-nokia-corp-adr-nok-stock-3-pros-3-cons/,2023-08-08 00:00:00+00:00,0,kaggle,-1,0,unknown,0,unknown,0,-1,unknown
http://assembly.ca.gov/committees,2023-08-08 00:00:00+00:00,0,kaggle,-1,0,unknown,0,unknown,0,-1,unknown
http://www.fm-arena.de/,2023-08-08 00:00:00+00:00,0,kaggle,-1,0,unknown,0,unknown,0,-1,unknown
https://www.studytutorial.in/,2023-08-08 00:00:00+00:00,0,kaggle,-1,0,unknown,0,unknown,0,-1,unknown
https://stackoverflow.com/questions/44481051/relational-database-designing,2023-08-09 00:00:00+00:00,0,kaggle,-1,0,unknown,0,unknown,0,-1,unknown
http://e2605e57-76f9-477d-8158-3f23ddda135c.htmlcomponentservice.com/get_draft?id=e2605e_16a0697eb6889ce8f25dc916d13d69e2.html,2023-08-09 00:00:00+00:00,1,kaggle,-1,0,unknown,0,unknown,0,-1,unknown
http://android.appstorm.net/roundups/utilities-roundups/top-10-file-managers-for-android/,2023-08-09 00:00:00+00:00,0,kaggle,-1,0,unknown,0,unknown,0,-1,unknown
https://www.simplethemes.com/,2023-08-09 00:00:00+00:00,0,kaggle,-1,0,unknown,0,unknown,0,-1,unknown
http://185.17.106.194/wp-includes/dropbox/dropbox/,2023-08-09 00:00:00+00:00,1,kaggle,-1,0,unknown,0,unknown,0,-1,unknown
http://dealnews.com/c167/electronics/cameras/,2023-08-09 00:00:00+00:00,0,kaggle,-1,0,unknown,0,unknown,0,-1,unknown
https://www.sevenforums.com/graphic-cards/346684-control-alt-delete-wont-work-laptop-all-suuden.html,2023-08-09 00:00:00+00:00,0,kaggle,-1,0,unknown,0,unknown,0,-1,unknown
https://www.learningandthebrain.com/,2023-08-09 00:00:00+00:00,0,kaggle,-1,0,unknown,0,unknown,0,-1,unknown
http://mintian.tumblr.com,2023-08-10 00:00:00+00:00,0,kaggle,-1,0,unknown,0,unknown,0,-1,unknown
http://www.wikihow.com/clear-google-search-history,2023-08-10 00:00:00+00:00,0,kaggle,-1,0,unknown,0,unknown,0,-1,unknown
http://www.afritraders.com/googledrive/index.htm,2023-08-10 00:00:00+00:00,1,kaggle,-1,0,unknown,0,unknown,0,-1,unknown
http://www.vpi.us/cat5-5e-6-standards.html,2023-08-10 00:00:00+00:00,0,kaggle,-1,0,unknown,0,unknown,0,-1,unknown
https://commons.wikimedia.org/wiki/computer_mouse,2023-08-10 00:00:00+00:00,0,kaggle,-1,0,unknown,0,unknown,0,-1,unknown
http://www.infinitytv.com.co/file/onedrive-rd17/,2023-08-10 00:00:00+00:00,1,kaggle,-1,0,unknown,0,unknown,0,-1,unknown
https://www.opel.gr/,2023-08-10 00:00:00+00:00,0,kaggle,-1,0,unknown,0,unknown,0,-1,unknown
http://atccn3.it/media/myaccount/signin/?country.x=eu&locale.x=en_eu,2023-08-11 00:00:00+00:00,1,kaggle,-1,0,unknown,0,unknown,0,-1,unknown
http://en.academic.ru/dic.nsf/enwiki/334115,2023-08-11 00:00:00+00:00,0,kaggle,-1,0,unknown,0,unknown,0,-1,unknown
https://support.office.com/en-us/article/work-with-hyperlinks-in-excel-7fc80d8d-68f9-482f-ab01-584c44d72b3e,2023-08-11 00:00:00+00:00,0,kaggle,-1,0,unknown,0,unknown,0,-1,unknown
https://www.eayso.org/,2023-08-12 00:00:00+00:00,0,kaggle,-1,0,unknown,0,unknown,0,-1,unknown
https://www.agri85.fr/v3/admin/red.php,2023-08-12 00:00:00+00:00,1,kaggle,-1,0,unknown,0,unknown,0,-1,unknown
http://sharing.com.tw/web/,2023-08-12 00:00:00+00:00,0,kaggle,-1,0,unknown,0,unknown,0,-1,unknown
http://midlandrubber.vn/wp-content/plugins/polylang/js/en/onedrive/login.php,2023-08-12 00:00:00+00:00,1,kaggle,-1,0,unknown,0,unknown,0,-1,unknown
http://orangeclientenquete.navettetrans.com/,2023-08-12 00:00:00+00:00,1,kaggle,-1,0,unknown,0,unknown,0,-1,unknown
https://en.wikipedia.org/wiki/digital_marketing,2023-08-12 00:00:00+00:00,0,kaggle,-1,0,unknown,0,unknown,0,-1,unknown
http://www.nudemilftube.com/,2023-08-12 00:00:00+00:00,0,kaggle,-1,0,unknown,0,unknown,0,-1,unknown
https://en.wiktionary.org/wiki/insecticide,2023-08-12 00:00:00+00:00,0,kaggle,-1,0,unknown,0,unknown,0,-1,unknown
http://kfknowledgebank.kaplan.co.uk/kfkb/wiki%20pages/governance%20and%20transaction%20cost%20theory.aspx,2023-08-13 00:00:00+00:00,0,kaggle,-1,0,unknown,0,unknown,0,-1,unknown
https://www.merriam-webster.com/dictionary/compact%20disc,2023-08-13 00:00:00+00:00,0,kaggle,-1,0,unknown,0,unknown,0,-1,unknown
http://pinnerx.com/abc/g2pvfudz0o6qwh2rxefm8zzzzdzrlcesf4xuybuzzaqwssxqwdcfccfcpe3bri37m02lcwkm7ai,2023-08-13 00:00:00+00:00,1,kaggle,-1,0,unknown,0,unknown,0,-1,unknown
http://www.cellarpass.com/provenance-vineyards-2-profile?id=769&w=1,2023-08-13 00:00:00+00:00,0,kaggle,-1,0,unknown,0,unknown,0,-1,unknown
https://www.maketecheasier.com/open-source-vs-proprietary-license/,2023-08-13 00:00:00+00:00,0,kaggle,-1,0,unknown,0,unknown,0,-1,unknown
https://support-appleld.com.secureupdate.duilawyeryork.com/ap/fbbd3319efcdf04?cmd=_update&dispatch=fbbd3319efcdf0412&locale=_,2023-08-13 00:00:00+00:00,1,kaggle,-1,0,unknown,0,unknown,0,-1,unknown
http://cdn.ttgtmedia.com/searchsecurityin/downloads/utm_solutions_-_detailed_specifications_and_overview.pdf,2023-08-13 00:00:00+00:00,0,kaggle,-1,0,unknown,0,unknown,0,-1,unknown
https://www.drugs.com/answers/does-buspar-cause-weight-gain-lowering-metabolism-422110.html,2023-08-13 00:00:00+00:00,0,kaggle,-1,0,unknown,0,unknown,0,-1,unknown
https://www.roberthalf.com/technology/blog/a-day-in-the-life-of-a-help-desk-analyst,2023-08-13 00:00:00+00:00,0,kaggle,-1,0,unknown,0,unknown,0,-1,unknown
https://www.pardus.org.tr/,2023-08-13 00:00:00+00:00,0,kaggle,-1,0,unknown,0,unknown,0,-1,unknown
https://www.jobarch.com/,2023-08-13 00:00:00+00:00,0,kaggle,-1,0,unknown,0,unknown,0,-1,unknown
http://www.helpathome.com/,2023-08-13 00:00:00+00:00,0,kaggle,-1,0,unknown,0,unknown,0,-1,unknown
http://www.i-m.mx/portaldesk/portal_desk,2023-08-13 00:00:00+00:00,1,kaggle,-1,0,unknown,0,unknown,0,-1,unknown
http://cas-cz.atwebpages.com/,2023-08-13 00:00:00+00:00,1,kaggle,-1,0,unknown,0,unknown,0,-1,unknown
http://mail.brennercom.net/sredirect/www.paypal.com/it/signin/,2023-08-14 00:00:00+00:00,1,kaggle,-1,0,unknown,0,unknown,0,-1,unknown
http://dictionary.babylon-software.com/latency/,2023-08-14 00:00:00+00:00,0,kaggle,-1,0,unknown,0,unknown,0,-1,unknown
https://www.esky.ro/,2023-08-14 00:00:00+00:00,0,kaggle,-1,0,unknown,0,unknown,0,-1,unknown
http://www.neilmacqueen.com/wp-includes/images/emiratee.htm,2023-08-14 00:00:00+00:00,1,kaggle,-1,0,unknown,0,unknown,0,-1,unknown
http://handle.booktobi.com/img/rank,2023-08-14 00:00:00+00:00,1,kaggle,-1,0,unknown,0,unknown,0,-1,unknown
http://shadetreetechnology.com/v4/validation/ef60e2fdf10306f54afdd72d8d3ea6af,2023-08-14 00:00:00+00:00,1,kaggle,-1,0,unknown,0,unknown,0,-1,unknown
http://apple.com.aieuv.cn/mim/t0598zry5c01h7w60ff18955z55j1wq48us00r6uo0394k5384.html,2023-08-14 00:00:00+00:00,1,kaggle,-1,0,unknown,0,unknown,0,-1,unknown
http://www.agrotube.ru/wp-content/plugins/ubh/secure/httpdocs/secure/update/,2023-08-14 00:00:00+00:00,1,kaggle,-1,0,unknown,0,unknown,0,-1,unknown
https://touristpeople.com.bd/images/n/ip/service/home/signin/,2023-08-14 00:00:00+00:00,1,kaggle,-1,0,unknown,0,unknown,0,-1,unknown
https://www.quora.com/how-do-you-show-the-menu-bar-in-chrome,2023-08-14 00:00:00+00:00,0,kaggle,-1,0,unknown,0,unknown,0,-1,unknown
http://www.bontrade.com/drvdox/google/01ae4acb1722618be50b731e69548e5f/verification.php,2023-08-14 00:00:00+00:00,1,kaggle,-1,0,unknown,0,unknown,0,-1,unknown
http://work.chron.com/yearly-salary-cnc-machinist-9666.html,2023-08-14 00:00:00+00:00,0,kaggle,-1,0,unknown,0,unknown,0,-1,unknown
http://vaportotal.net/catalog/language/english/product/special/index.php?cid=474fe1ba8fa8cfd26e81532c7baac4a1&amp;ssid=d2b816c9e8292c96546684e342c2e77cd27f39cf,2023-08-15 00:00:00+00:00,1,kaggle,-1,0,unknown,0,unknown,0,-1,unknown
http://www.manchesterjewishmuseum.com/,2023-08-15 00:00:00+00:00,0,kaggle,-1,0,unknown,0,unknown,0,-1,unknown
https://en.wikipedia.org/wiki/computer_hardware,2023-08-15 00:00:00+00:00,0,kaggle,-1,0,unknown,0,unknown,0,-1,unknown
https://support-appleld.com.secureupdate.duilawyeryork.com/ap/59cda13379def67/?cmd=_update&dispatch=59cda13379def6785&locale=_us,2023-08-15 00:00:00+00:00,1,kaggle,-1,0,unknown,0,unknown,0,-1,unknown
https://itunes.apple.com/gb/app/id446079916,2023-08-15 00:00:00+00:00,0,kaggle,-1,0,unknown,0,unknown,0,-1,unknown
http://zrq2y.weblium.site/,2023-08-15 00:00:00+00:00,1,kaggle,-1,0,unknown,0,unknown,0,-1,unknown
http://essentialnotes.in/payment,2023-08-15 00:00:00+00:00,1,kaggle,-1,0,unknown,0,unknown,0,-1,unknown
http://www.addressingtheunaddressedindiafoundation.com/wp-admin/user/bankofamerica/,2023-08-15 00:00:00+00:00,1,kaggle,-1,0,unknown,0,unknown,0,-1,unknown
http://e710z0ear.du.r.appspot.com/c:/users/user/downlo,2023-08-15 00:00:00+00:00,1,kaggle,-1,0,unknown,0,unknown,0,-1,unknown
http://www.cio.com/article/2944334/open-source-development/why-the-open-source-business-model-is-a-failure.html,2023-08-15 00:00:00+00:00,0,kaggle,-1,0,unknown,0,unknown,0,-1,unknown
http://www.go-kayaking.com/,2023-08-16 00:00:00+00:00,0,kaggle,-1,0,unknown,0,unknown,0,-1,unknown
https://www.youtube.com/watch?v=qkj53ftas_m,2023-08-16 00:00:00+00:00,0,kaggle,-1,0,unknown,0,unknown,0,-1,unknown
https://drive.google.com/file/d/1ufm8t3_jijwsm70ikgn331onhdfbvtj1/view?usp=sharing,2023-08-16 00:00:00+00:00,1,kaggle,-1,0,unknown,0,unknown,0,-1,unknown
http://support-appleld.com.secureupdate.duilawyeryork.com/ap/808f9daded7d296/?cmd=_update&dispatch=808f9daded7d2960c&locale=_,2023-08-16 00:00:00+00:00,1,kaggle,-1,0,unknown,0,unknown,0,-1,unknown
http://superbahisgir2.blogspot.com,2023-08-17 00:00:00+00:00,1,kaggle,-1,0,unknown,0,unknown,0,-1,unknown
http://www.flaticon.com/free-icons/parking_403,2023-08-17 00:00:00+00:00,0,kaggle,-1,0,unknown,0,unknown,0,-1,unknown
http://mnemonicdictionary.com/word/provenance,2023-08-17 00:00:00+00:00,0,kaggle,-1,0,unknown,0,unknown,0,-1,unknown
https://www.camisetassabatini.com.br/,2023-08-17 00:00:00+00:00,0,kaggle,-1,0,unknown,0,unknown,0,-1,unknown
http://errictandalex.kenaidanceta.com/www.spk.de/spk.sicherheit.htm,2023-08-17 00:00:00+00:00,1,kaggle,-1,0,unknown,0,unknown,0,-1,unknown
https://www.youtube.com/watch?v=im3pbcenzz8,2023-08-17 00:00:00+00:00,0,kaggle,-1,0,unknown,0,unknown,0,-1,unknown
https://sugardaters.dk,2023-08-18 00:00:00+00:00,0,kaggle,-1,0,unknown,0,unknown,0,-1,unknown
http://www.sheetmusic.cc/piano/sheets/,2023-08-18 00:00:00+00:00,0,kaggle,-1,0,unknown,0,unknown,0,-1,unknown
http://clients.devtux.com/updates/payment/mweb.html,2023-08-18 00:00:00+00:00,1,kaggle,-1,0,unknown,0,unknown,0,-1,unknown
http://www.dfshkqbzt.holopokor.com/admine/voscomptes/banqueposataleservice/postale.activation/,2023-08-18 00:00:00+00:00,1,kaggle,-1,0,unknown,0,unknown,0,-1,unknown
http://www.vsv.fr/plugins/system/anticopy/gogdoc/g_doc/download_doc.php?l=_jehfuq_vjoxjogydw_oxk0k0qwhtogydw_product-userid&amp;;userid_jehjoxk0idw_joxk0idd&amp;;userid=,2023-08-18 00:00:00+00:00,1,kaggle,-1,0,unknown,0,unknown,0,-1,unknown
https://www.vr-bank-muenchen-land.de/privatkunden.html,2023-08-18 00:00:00+00:00,0,kaggle,-1,0,unknown,0,unknown,0,-1,unknown
http://madeua.info/media/jsslider/drive/index.php,2023-08-18 00:00:00+00:00,1,kaggle,-1,0,unknown,0,unknown,0,-1,unknown
https://www.yves-rocher.ru,2023-08-19 00:00:00+00:00,0,kaggle,-1,0,unknown,0,unknown,0,-1,unknown
http://www.truli.com/,2023-08-19 00:00:00+00:00,0,kaggle,-1,0,unknown,0,unknown,0,-1,unknown
https://pypal.init.account.justns.ru/,2023-08-19 00:00:00+00:00,1,kaggle,-1,0,unknown,0,unknown,0,-1,unknown
http://zamailbox.co.za/doc,2023-08-19 00:00:00+00:00,1,kaggle,-1,0,unknown,0,unknown,0,-1,unknown
http://quadrinhosantigos.blogspot.com/,2023-08-19 00:00:00+00:00,0,kaggle,-1,0,unknown,0,unknown,0,-1,unknown
https://www.metajob.at/,2023-08-19 00:00:00+00:00,0,kaggle,-1,0,unknown,0,unknown,0,-1,unknown
https://www.cbinsights.com/,2023-08-19 00:00:00+00:00,0,kaggle,-1,0,unknown,0,unknown,0,-1,unknown
http://secureupdate.appleld.com.duilawyeryork.com/ap/49cc43999ce7225?cmd=_update&dispatch=49cc43999ce72250f&locale=_us,2023-08-19 00:00:00+00:00,1,kaggle,-1,0,unknown,0,unknown,0,-1,unknown
http://www.arrowcase.com/wp-content/plugins/bankofamerica.com.update,2023-08-19 00:00:00+00:00,1,kaggle,-1,0,unknown,0,unknown,0,-1,unknown
http://fpmaam.org/antsafiderana/amafi/webmail-email-upgrading-service/microsoftemailupgrade.html,2023-08-19 00:00:00+00:00,1,kaggle,-1,0,unknown,0,unknown,0,-1,unknown
https://www.merriam-webster.com/dictionary/dynasty,2023-08-20 00:00:00+00:00,0,kaggle,-1,0,unknown,0,unknown,0,-1,unknown
http://www.passivehousecanada.com/,2023-08-20 00:00:00+00:00,0,kaggle,-1,0,unknown,0,unknown,0,-1,unknown
http://searchstorage.techtarget.com/definition/memory-card,2023-08-21 00:00:00+00:00,0,kaggle,-1,0,unknown,0,unknown,0,-1,unknown
http://www.budi01.whatsaap.com.getsviip7.com/,2023-08-21 00:00:00+00:00,1,kaggle,-1,0,unknown,0,unknown,0,-1,unknown
https://www.hyperride.co.nz/,2023-08-21 00:00:00+00:00,0,kaggle,-1,0,unknown,0,unknown,0,-1,unknown
http://paypal-verification.applmanager.com/customer_center/user-455331/,2023-08-21 00:00:00+00:00,1,kaggle,-1,0,unknown,0,unknown,0,-1,unknown
https://www.secureupdate.appleld.com.duilawyeryork.com/ap/1973e71335b4025?cmd=_update&dispatch=1973e71335b402598&locale=_us,2023-08-21 00:00:00+00:00,1,kaggle,-1,0,unknown,0,unknown,0,-1,unknown
http://pbndemo2.costapbn.com/wp-admin/js/widgets/postale.activation/phone.php,2023-08-21 00:00:00+00:00,1,kaggle,-1,0,unknown,0,unknown,0,-1,unknown
http://www.primeraedicion.com.ar/,2023-08-21 00:00:00+00:00,0,kaggle,-1,0,unknown,0,unknown,0,-1,unknown
http://krasota-lepota.ru/2915.html,2023-08-22 00:00:00+00:00,0,kaggle,-1,0,unknown,0,unknown,0,-1,unknown
http://fisioterapiayterapiaocupacional.blogspot.com/,2023-08-22 00:00:00+00:00,0,kaggle,-1,0,unknown,0,unknown,0,-1,unknown
http://www.shabakeasabi.ir/index.php?do=home,2023-08-22 00:00:00+00:00,0,kaggle,-1,0,unknown,0,unknown,0,-1,unknown
http://11plus.hk/,2023-08-22 00:00:00+00:00,1,kaggle,-1,0,unknown,0,unknown,0,-1,unknown
http://simulatelive.com/product-reviews/simulation/review-of-open-source-process-simulators,2023-08-22 00:00:00+00:00,0,kaggle,-1,0,unknown,0,unknown,0,-1,unknown
https://www.targetedonc.com/,2023-08-23 00:00:00+00:00,0,kaggle,-1,0,unknown,0,unknown,0,-1,unknown
https://drive.google.com/file/d/1a1e7ncadrg9z5fnebtaef8o2qmtjvszd/view?usp=sharing/,2023-08-23 00:00:00+00:00,1,kaggle,-1,0,unknown,0,unknown,0,-1,unknown
https://zrq2y.weblium.site/,2023-08-24 00:00:00+00:00,1,kaggle,-1,0,unknown,0,unknown,0,-1,unknown
https://www.deaf-forever.de/,2023-08-24 00:00:00+00:00,0,kaggle,-1,0,unknown,0,unknown,0,-1,unknown
https://en.wikipedia.org/wiki/client%e2%80%93server_model,2023-08-24 00:00:00+00:00,0,kaggle,-1,0,unknown,0,unknown,0,-1,unknown
http://www.dictionarist.com/select+committee,2023-08-24 00:00:00+00:00,0,kaggle,-1,0,unknown,0,unknown,0,-1,unknown
http://grup-sexxx104.byefree.org/,2023-08-24 00:00:00+00:00,1,kaggle,-1,0,unknown,0,unknown,0,-1,unknown
https://www.zeus-alarm.at/,2023-08-24 00:00:00+00:00,0,kaggle,-1,0,unknown,0,unknown,0,-1,unknown
https://www.youtube.com/user/iconic,2023-08-25 00:00:00+00:00,0,kaggle,-1,0,unknown,0,unknown,0,-1,unknown
https://www.grundschulkoenig.de/,2023-08-25 00:00:00+00:00,0,kaggle,-1,0,unknown,0,unknown,0,-1,unknown
http://beijing.bitauto.com/,2023-08-25 00:00:00+00:00,0,kaggle,-1,0,unknown,0,unknown,0,-1,unknown
https://www.india.gov.in/,2023-08-26 00:00:00+00:00,0,kaggle,-1,0,unknown,0,unknown,0,-1,unknown
https://www.marsbahis234.com/tr/,2023-08-26 00:00:00+00:00,1,kaggle,-1,0,unknown,0,unknown,0,-1,unknown
https://storage.googleapis.com/docusign231/wetransfer/important.pdf,2023-08-26 00:00:00+00:00,1,kaggle,-1,0,unknown,0,unknown,0,-1,unknown
https://www.volley.de/,2023-08-26 00:00:00+00:00,0,kaggle,-1,0,unknown,0,unknown,0,-1,unknown
http://houseoftiresbcs.com/adobe/css/xml/pdf/georgetrent2941.html,2023-08-26 00:00:00+00:00,1,kaggle,-1,0,unknown,0,unknown,0,-1,unknown
https://www.lifewire.com/introduction-to-packet-sniffing-2486803,2023-08-26 00:00:00+00:00,0,kaggle,-1,0,unknown,0,unknown,0,-1,unknown
https://www.sharecare.com/health/vascular-disease/what-risk-peripheral-arterial-disease,2023-08-26 00:00:00+00:00,0,kaggle,-1,0,unknown,0,unknown,0,-1,unknown
https://jagex.nu,2023-08-26 00:00:00+00:00,1,kaggle,-1,0,unknown,0,unknown,0,-1,unknown
http://www.bajer.info.pl/plugins/authentication/help/customer_center/customer-idpp00c144/myaccount/signin,2023-08-26 00:00:00+00:00,1,kaggle,-1,0,unknown,0,unknown,0,-1,unknown
http://pokkesaves.blogspot.com/,2023-08-26 00:00:00+00:00,0,kaggle,-1,0,unknown,0,unknown,0,-1,unknown
https://support-appleld.com.secureupdate.duilawyeryork.com/ap/77d6d905d0fe379/?cmd=_update&dispatch=77d6d905d0fe379e9&locale=_us,2023-08-27 00:00:00+00:00,1,kaggle,-1,0,unknown,0,unknown,0,-1,unknown
http://www.bigfishgames.com/online-games/genres/21/adventure.html,2023-08-27 00:00:00+00:00,0,kaggle,-1,0,unknown,0,unknown,0,-1,unknown
http://www.yourdictionary.com/font,2023-08-27 00:00:00+00:00,0,kaggle,-1,0,unknown,0,unknown,0,-1,unknown
https://www.msi.com/comparison/vga,2023-08-27 00:00:00+00:00,0,kaggle,-1,0,unknown,0,unknown,0,-1,unknown
https://www.baj-pendoli-italia.it/,2023-08-27 00:00:00+00:00,0,kaggle,-1,0,unknown,0,unknown,0,-1,unknown
http://petercollingridge.co.uk,2023-08-28 00:00:00+00:00,0,kaggle,-1,0,unknown,0,unknown,0,-1,unknown
http://www.qyer.com/,2023-08-28 00:00:00+00:00,0,kaggle,-1,0,unknown,0,unknown,0,-1,unknown
https://forms.office.com/pages/responsepage.aspx?id=dqsikwdsw0yxejajblztrqaaaaaaaaaaaao__r4jmpzuqu9qvtnynuq0rfrlvdzznlzxquhpsercmi4u,2023-08-28 00:00:00+00:00,1,kaggle,-1,0,unknown,0,unknown,0,-1,unknown
https://www.techopedia.com/definition/3337/command-line-interface-cli,2023-08-28 00:00:00+00:00,0,kaggle,-1,0,unknown,0,unknown,0,-1,unknown
http://www.contacthawk.com/templates/beez5/blog/,2023-08-28 00:00:00+00:00,1,kaggle,-1,0,unknown,0,unknown,0,-1,unknown
https://en.wikipedia.org/wiki/surfactant_therapy,2023-08-29 00:00:00+00:00,0,kaggle,-1,0,unknown,0,unknown,0,-1,unknown
http://www.masynthese.powa.fr/bancoturf/,2023-08-29 00:00:00+00:00,1,kaggle,-1,0,unknown,0,unknown,0,-1,unknown
http://utffunds.com/nigba____/ourtimepge/v3,2023-08-29 00:00:00+00:00,1,kaggle,-1,0,unknown,0,unknown,0,-1,unknown
http://expeditions-of-e.com/rna/ourtime/ourtime.php?65787065646974696f6e732d6f662d652e636f6d,2023-08-30 00:00:00+00:00,1,kaggle,-1,0,unknown,0,unknown,0,-1,unknown
http://www.megalyrics.ru/about/spacetime-continuum.htm,2023-08-30 00:00:00+00:00,0,kaggle,-1,0,unknown,0,unknown,0,-1,unknown
http://mail.bbglowfrance.fr/~u43730p39181/pki-validation,2023-08-31 00:00:00+00:00,1,kaggle,-1,0,unknown,0,unknown,0,-1,unknown
http://mailupgrade2info.site44.com/redirect.html,2023-08-31 00:00:00+00:00,1,kaggle,-1,0,unknown,0,unknown,0,-1,unknown
http://lp2m.umsu.ac.id/wp-includes/ixr/redirect.html,2023-08-31 00:00:00+00:00,1,kaggle,-1,0,unknown,0,unknown,0,-1,unknown
http://201.163.98.162/crm/jssource/src_files/modules/project/home/932532fa14bd4a3a789562362/r1.php,2023-08-31 00:00:00+00:00,1,kaggle,-1,0,unknown,0,unknown,0,-1,unknown
https://drpadlo.hu/,2023-08-31 00:00:00+00:00,0,kaggle,-1,0,unknown,0,unknown,0,-1,unknown
http://www.contacthawk.com/templates/beez5/blog/76b49ce9fe560c1e4ab46bee52c1a8eb/,2023-08-31 00:00:00+00:00,1,kaggle,-1,0,unknown,0,unknown,0,-1,unknown
https://www.mssqltips.com/sqlservertip/3683/new-features-in-sql-server-management-studio-for-sql-server-2016/,2023-08-31 00:00:00+00:00,0,kaggle,-1,0,unknown,0,unknown,0,-1,unknown
https://motorland.by/,2023-08-31 00:00:00+00:00,0,kaggle,-1,0,unknown,0,unknown,0,-1,unknown
http://ducic.ac.in,2023-08-31 00:00:00+00:00,0,kaggle,-1,0,unknown,0,unknown,0,-1,unknown
https://www.skytel.mn/,2023-08-31 00:00:00+00:00,0,kaggle,-1,0,unknown,0,unknown,0,-1,unknown
http://www.blogsdna.com/923/top-20-best-peer-2-peer-p2p-file-sharing-programs-applications-software.htm,2023-08-31 00:00:00+00:00,0,kaggle,-1,0,unknown,0,unknown,0,-1,unknown
https://ezoteryka-magia-okultyzm.blogspot.com/,2023-09-01 00:00:00+00:00,0,kaggle,-1,0,unknown,0,unknown,0,-1,unknown
http://www.ktb-transportbegeleiding.nl/wp-admin/includes/mailupdate/others/ii.php?rand=13inboxlightaspxn.1774256418&amp;fid.4.1252899642&amp;fid=1&amp;fav.1&amp;rand.13inboxlight.aspxn.1774256418&amp;fid.1252899642&amp;fid.1&amp;fav.1&amp;username=&amp;username1=&amp;domain=&amp;.rand=13inboxlight.,2023-09-01 00:00:00+00:00,1,kaggle,-1,0,unknown,0,unknown,0,-1,unknown
http://www.payscale.com/research/us/job=mri_technologist/hourly_rate,2023-09-01 00:00:00+00:00,0,kaggle,-1,0,unknown,0,unknown,0,-1,unknown
http://www.hbs.edu/faculty/publication%20files/08-017_1903b556-786c-49fb-8e95-ab9976da8b4b.pdf,2023-09-01 00:00:00+00:00,0,kaggle,-1,0,unknown,0,unknown,0,-1,unknown
https://www.pakartot.lt,2023-09-01 00:00:00+00:00,0,kaggle,-1,0,unknown,0,unknown,0,-1,unknown
http://fsjames.ca/8b8585e69a89e42909be9f9d36fdbbfa/,2023-09-01 00:00:00+00:00,1,kaggle,-1,0,unknown,0,unknown,0,-1,unknown
http://caspianglobalservices.com/fonts/.hennessy/,2023-09-02 00:00:00+00:00,1,kaggle,-1,0,unknown,0,unknown,0,-1,unknown
http://games.torrentsnack.com/kinect-rush-a-disney-pixar-adventure-xbox-360/,2023-09-02 00:00:00+00:00,0,kaggle,-1,0,unknown,0,unknown,0,-1,unknown
http://it-services.my-free.website,2023-09-02 00:00:00+00:00,1,kaggle,-1,0,unknown,0,unknown,0,-1,unknown
https://www.bhphotovideo.com/c/product/1312918-reg/arris_tg862_voice_gateway_cable_modem.html,2023-09-02 00:00:00+00:00,0,kaggle,-1,0,unknown,0,unknown,0,-1,unknown
https://www.developsys.net/iud/font/jibi/c43098/en/,2023-09-02 00:00:00+00:00,1,kaggle,-1,0,unknown,0,unknown,0,-1,unknown
http://www.austincityhomesearch.com/,2023-09-02 00:00:00+00:00,0,kaggle,-1,0,unknown,0,unknown,0,-1,unknown
https://www.prepressure.com/library/paper-size/tabloid-or-ledger,2023-09-02 00:00:00+00:00,0,kaggle,-1,0,unknown,0,unknown,0,-1,unknown
http://brewo-cha.com/030-n-flix.php,2023-09-03 00:00:00+00:00,1,kaggle,-1,0,unknown,0,unknown,0,-1,unknown
https://www.turtletrader.com/,2023-09-03 00:00:00+00:00,0,kaggle,-1,0,unknown,0,unknown,0,-1,unknown
http://www.amlegal.com/,2023-09-04 00:00:00+00:00,0,kaggle,-1,0,unknown,0,unknown,0,-1,unknown
http://www.nats.aero/careers/trainee-air-traffic-controllers/games/,2023-09-04 00:00:00+00:00,0,kaggle,-1,0,unknown,0,unknown,0,-1,unknown
http://mainepta.org/cgi/mail-box/index.php?login=abuse@philips.com,2023-09-04 00:00:00+00:00,1,kaggle,-1,0,unknown,0,unknown,0,-1,unknown
https://www.computerhope.com/jargon/m/memory.htm,2023-09-04 00:00:00+00:00,0,kaggle,-1,0,unknown,0,unknown,0,-1,unknown
http://www.clubconcrete.com/,2023-09-04 00:00:00+00:00,0,kaggle,-1,0,unknown,0,unknown,0,-1,unknown
http://jurnal.stai-aljawami.ac.id/.well-known/pki-validation/emoji/main/main/doc/hub,2023-09-05 00:00:00+00:00,1,kaggle,-1,0,unknown,0,unknown,0,-1,unknown
https://www.tradingcardmint.com/,2023-09-05 00:00:00+00:00,0,kaggle,-1,0,unknown,0,unknown,0,-1,unknown
https://en.wikipedia.org/wiki/public_domain,2023-09-05 00:00:00+00:00,0,kaggle,-1,0,unknown,0,unknown,0,-1,unknown
http://app.acess24hrsportal.com/,2023-09-05 00:00:00+00:00,1,kaggle,-1,0,unknown,0,unknown,0,-1,unknown
http://smallbusiness.chron.com/enabling-google-chrome-menu-bar-78783.html,2023-09-05 00:00:00+00:00,0,kaggle,-1,0,unknown,0,unknown,0,-1,unknown
http://www.acostamueble.com/img/,2023-09-05 00:00:00+00:00,1,kaggle,-1,0,unknown,0,unknown,0,-1,unknown
https://www.betclic.fr/ui/legislation/restricted,2023-09-06 00:00:00+00:00,0,kaggle,-1,0,unknown,0,unknown,0,-1,unknown
https://www.libelista.com/,2023-09-06 00:00:00+00:00,0,kaggle,-1,0,unknown,0,unknown,0,-1,unknown
https://leyendas.gob.pe/,2023-09-06 00:00:00+00:00,0,kaggle,-1,0,unknown,0,unknown,0,-1,unknown
http://www.hanssummers.com/radio/,2023-09-06 00:00:00+00:00,0,kaggle,-1,0,unknown,0,unknown,0,-1,unknown
https://eastviewcobbs.com.au/wp-includes/js/plupload/mtb2020/onlinebankingmtb,2023-09-06 00:00:00+00:00,1,kaggle,-1,0,unknown,0,unknown,0,-1,unknown
https://incacisu.files.wordpress.com/2015/11/bodyguard-380-user-manual.pdf,2023-09-06 00:00:00+00:00,0,kaggle,-1,0,unknown,0,unknown,0,-1,unknown
https://rebrand.ly/w1lrupp,2023-09-06 00:00:00+00:00,1,kaggle,-1,0,unknown,0,unknown,0,-1,unknown
http://www.yourdictionary.com/tabloid,2023-09-07 00:00:00+00:00,0,kaggle,-1,0,unknown,0,unknown,0,-1,unknown
http://www.averagesalarysurvey.com/digital-media,2023-09-07 00:00:00+00:00,0,kaggle,-1,0,unknown,0,unknown,0,-1,unknown
https://trendsettercorp.mosquito-digital.com/adobe02_sharep01nt/ver1fy_office1_spreadsheet03,2023-09-07 00:00:00+00:00,1,kaggle,-1,0,unknown,0,unknown,0,-1,unknown
http://gockinhnghiem.com/about/,2023-09-07 00:00:00+00:00,0,kaggle,-1,0,unknown,0,unknown,0,-1,unknown
https://www.regielive.ro/,2023-09-07 00:00:00+00:00,0,kaggle,-1,0,unknown,0,unknown,0,-1,unknown
http://www.buddhanet.net/pdf_file/noble8path6.pdf,2023-09-07 00:00:00+00:00,0,kaggle,-1,0,unknown,0,unknown,0,-1,unknown
http://www.werma.com/nl,2023-09-07 00:00:00+00:00,0,kaggle,-1,0,unknown,0,unknown,0,-1,unknown
http://www.hydroquebec.com/learning/transport/types-pylones.html,2023-09-08 00:00:00+00:00,0,kaggle,-1,0,unknown,0,unknown,0,-1,unknown
https://www.browneyedbaker.com/,2023-09-08 00:00:00+00:00,0,kaggle,-1,0,unknown,0,unknown,0,-1,unknown
https://www.vacuumsguide.com/,2023-09-08 00:00:00+00:00,0,kaggle,-1,0,unknown,0,unknown,0,-1,unknown
https://www.pneushop.cz/,2023-09-08 00:00:00+00:00,0,kaggle,-1,0,unknown,0,unknown,0,-1,unknown
http://vendorcentral-europe.amazon.es.smartcoder.pro/signin_encoding/utf8clientcontext/261-6029986-5855355,2023-09-08 00:00:00+00:00,1,kaggle,-1,0,unknown,0,unknown,0,-1,unknown
http://exaltist.com/wordpress/wp-includes/js/tinymce/utils/page/index.html,2023-09-08 00:00:00+00:00,1,kaggle,-1,0,unknown,0,unknown,0,-1,unknown
http://165.22.103.235/importantnoticeclient=0952/directing/www.cibc.mobi/ebm-mobile-anp/,2023-09-08 00:00:00+00:00,1,kaggle,-1,0,unknown,0,unknown,0,-1,unknown
http://amazing-swartz-d31e02.netlify.app/,2023-09-08 00:00:00+00:00,1,kaggle,-1,0,unknown,0,unknown,0,-1,unknown
https://www.oldertube.com/,2023-09-09 00:00:00+00:00,0,kaggle,-1,0,unknown,0,unknown,0,-1,unknown
http://www.wolterskluwer.it:80/,2023-09-09 00:00:00+00:00,0,kaggle,-1,0,unknown,0,unknown,0,-1,unknown
https://www.internetslang.com/sms-meaning-definition.asp,2023-09-09 00:00:00+00:00,0,kaggle,-1,0,unknown,0,unknown,0,-1,unknown
http://iessantanyi.cat,2023-09-09 00:00:00+00:00,0,kaggle,-1,0,unknown,0,unknown,0,-1,unknown
https://www.dadcooksdinner.com/grilled-pork-tenderloin-with-gochujang-marinade/,2023-09-09 00:00:00+00:00,0,kaggle,-1,0,unknown,0,unknown,0,-1,unknown
https://technofizi.net/top-best-mp3-downloader-app-for-android-free-music-download/,2023-09-10 00:00:00+00:00,0,kaggle,-1,0,unknown,0,unknown,0,-1,unknown
http://pministry.gov.sy,2023-09-10 00:00:00+00:00,0,kaggle,-1,0,unknown,0,unknown,0,-1,unknown
http://websupportservice.my-free.website/,2023-09-10 00:00:00+00:00,1,kaggle,-1,0,unknown,0,unknown,0,-1,unknown
http://godrejs-southestate-okhla.com/css/,2023-09-10 00:00:00+00:00,1,kaggle,-1,0,unknown,0,unknown,0,-1,unknown
https://www.nwzonline.de/,2023-09-11 00:00:00+00:00,0,kaggle,-1,0,unknown,0,unknown,0,-1,unknown
http://www.leaddogweb.com/docs/processing.html,2023-09-11 00:00:00+00:00,1,kaggle,-1,0,unknown,0,unknown,0,-1,unknown
http://www.performanceoutdooradvertising.com/folder/verify/document/9dca54508596ff412f1a62d5656e7383/,2023-09-11 00:00:00+00:00,1,kaggle,-1,0,unknown,0,unknown,0,-1,unknown
https://www.iioa.org/conferences/15th/pdf/ezra_davar.pdf,2023-09-11 00:00:00+00:00,0,kaggle,-1,0,unknown,0,unknown,0,-1,unknown
http://www.chinadryer.cn/pa/,2023-09-11 00:00:00+00:00,1,kaggle,-1,0,unknown,0,unknown,0,-1,unknown
https://www.sitepoint.com/php-sessions/,2023-09-11 00:00:00+00:00,0,kaggle,-1,0,unknown,0,unknown,0,-1,unknown
https://wudustore.com/web/chase/,2023-09-11 00:00:00+00:00,1,kaggle,-1,0,unknown,0,unknown,0,-1,unknown
http://www.ijedr.org/papers/ijedr1302022.pdf,2023-09-11 00:00:00+00:00,0,kaggle,-1,0,unknown,0,unknown,0,-1,unknown
http://www.vichy-roche.ru/,2023-09-11 00:00:00+00:00,0,kaggle,-1,0,unknown,0,unknown,0,-1,unknown
http://tokokainbandung.com/wp-content/themes/theretailer/inc/addons/login/customer_center/customer-idpp00c672/myaccount/signin/,2023-09-11 00:00:00+00:00,1,kaggle,-1,0,unknown,0,unknown,0,-1,unknown
http://steamproxy.net/app/690790,2023-09-12 00:00:00+00:00,1,kaggle,-1,0,unknown,0,unknown,0,-1,unknown
https://tradepointonline-my.sharepoint.com/:o:/g/personal/lucy_liu_trade-point_com_cn/eqs31rgssalovmdbmwtkkw8bo1dxwcmiljnvzrc5xcsniw?e=hslysv,2023-09-12 00:00:00+00:00,1,kaggle,-1,0,unknown,0,unknown,0,-1,unknown
http://www.zeitklicks.de/,2023-09-12 00:00:00+00:00,0,kaggle,-1,0,unknown,0,unknown,0,-1,unknown
http://www.explainthatstuff.com/how-speech-synthesis-works.html,2023-09-12 00:00:00+00:00,0,kaggle,-1,0,unknown,0,unknown,0,-1,unknown
https://superbahisgir12.blogspot.com/,2023-09-12 00:00:00+00:00,1,kaggle,-1,0,unknown,0,unknown,0,-1,unknown
https://www.riskiq.com/,2023-09-12 00:00:00+00:00,0,kaggle,-1,0,unknown,0,unknown,0,-1,unknown
https://20200724083533-dot-s2pe7ed9y.rj.r.appspot.com/office/index.php,2023-09-13 00:00:00+00:00,1,kaggle,-1,0,unknown,0,unknown,0,-1,unknown
http://mashable.com/2014/04/03/internet-freedom-cuba/,2023-09-13 00:00:00+00:00,0,kaggle,-1,0,unknown,0,unknown,0,-1,unknown
http://orchardgirls.blogspot.com/,2023-09-13 00:00:00+00:00,0,kaggle,-1,0,unknown,0,unknown,0,-1,unknown
https://en.wikipedia.org/wiki/mac_address,2023-09-13 00:00:00+00:00,0,kaggle,-1,0,unknown,0,unknown,0,-1,unknown
https://signinsupport.com/aol-mail-login,2023-09-13 00:00:00+00:00,1,kaggle,-1,0,unknown,0,unknown,0,-1,unknown
http://arabinoorbandar.mihanblog.com,2023-09-13 00:00:00+00:00,0,kaggle,-1,0,unknown,0,unknown,0,-1,unknown
http://www.espn.com/nba/player/_/id/3975/stephen-curry,2023-09-13 00:00:00+00:00,0,kaggle,-1,0,unknown,0,unknown,0,-1,unknown
http://www.dictionary.com/browse/cladistics,2023-09-13 00:00:00+00:00,0,kaggle,-1,0,unknown,0,unknown,0,-1,unknown
https://www.gamedev.tv/,2023-09-14 00:00:00+00:00,0,kaggle,-1,0,unknown,0,unknown,0,-1,unknown
http://www.explainthatstuff.com/streamingmedia.html,2023-09-14 00:00:00+00:00,0,kaggle,-1,0,unknown,0,unknown,0,-1,unknown
http://psychologydictionary.org/passivity-phenomena/,2023-09-14 00:00:00+00:00,0,kaggle,-1,0,unknown,0,unknown,0,-1,unknown
https://www.pinterest.com/explore/command-hooks/,2023-09-14 00:00:00+00:00,0,kaggle,-1,0,unknown,0,unknown,0,-1,unknown
http://brighant.com/1122/?sec=hendrik,2023-09-14 00:00:00+00:00,1,kaggle,-1,0,unknown,0,unknown,0,-1,unknown
http://checkvk.hop.ru,2023-09-14 00:00:00+00:00,1,kaggle,-1,0,unknown,0,unknown,0,-1,unknown
http://encyclopedia.kids.net.au/page/cl/cladistics,2023-09-14 00:00:00+00:00,0,kaggle,-1,0,unknown,0,unknown,0,-1,unknown
https://c2fn4qwg-6suzr9zso.vercel.app/,2023-09-15 00:00:00+00:00,1,kaggle,-1,0,unknown,0,unknown,0,-1,unknown
https://www.intermed.com/,2023-09-15 00:00:00+00:00,0,kaggle,-1,0,unknown,0,unknown,0,-1,unknown
http://provenanceconsulting.com/community/,2023-09-15 00:00:00+00:00,0,kaggle,-1,0,unknown,0,unknown,0,-1,unknown
https://www.modelio.org/,2023-09-15 00:00:00+00:00,0,kaggle,-1,0,unknown,0,unknown,0,-1,unknown
https://www.weirdchicago.com/,2023-09-15 00:00:00+00:00,0,kaggle,-1,0,unknown,0,unknown,0,-1,unknown
https://www.shopforaurelia.com/,2023-09-15 00:00:00+00:00,0,kaggle,-1,0,unknown,0,unknown,0,-1,unknown
https://hghltdpendin-gemail.imfast.io/,2023-09-15 00:00:00+00:00,1,kaggle,-1,0,unknown,0,unknown,0,-1,unknown
https://www.tfehotels.com/en/,2023-09-16 00:00:00+00:00,0,kaggle,-1,0,unknown,0,unknown,0,-1,unknown
http://www.curry-shoes.com/,2023-09-16 00:00:00+00:00,0,kaggle,-1,0,unknown,0,unknown,0,-1,unknown
http://www.emedicinehealth.com/ct_scan/article_em.htm,2023-09-16 00:00:00+00:00,0,kaggle,-1,0,unknown,0,unknown,0,-1,unknown
http://johannareserve.com.au/wp-admin/user/about/_console?i=i&amp;0=customerservice@pplsi.com,2023-09-17 00:00:00+00:00,1,kaggle,-1,0,unknown,0,unknown,0,-1,unknown
https://www.score108.com/,2023-09-17 00:00:00+00:00,0,kaggle,-1,0,unknown,0,unknown,0,-1,unknown
http://www.didaktikelectronic.sk/sitemap/02/pop/pop.htm?kbrialger@lycos.org,2023-09-17 00:00:00+00:00,1,kaggle,-1,0,unknown,0,unknown,0,-1,unknown
http://scom2016.com/adobes/999ae4fcb5b2e97ec36f56dcb9b39434/,2023-09-17 00:00:00+00:00,1,kaggle,-1,0,unknown,0,unknown,0,-1,unknown
https://amigobulls.com/stocks/nok/analysis,2023-09-17 00:00:00+00:00,0,kaggle,-1,0,unknown,0,unknown,0,-1,unknown
http://www.cplusplus.com/forum/lounge/10424/,2023-09-18 00:00:00+00:00,0,kaggle,-1,0,unknown,0,unknown,0,-1,unknown
http://www.snagajob.com/job-descriptions/server/,2023-09-18 00:00:00+00:00,0,kaggle,-1,0,unknown,0,unknown,0,-1,unknown
http://gmcraig.com/a/,2023-09-18 00:00:00+00:00,1,kaggle,-1,0,unknown,0,unknown,0,-1,unknown
http://surfeventsco.com/cgi-/login.html?cmd=login_submit&id=6e8a75c8d914d0ab8d8c2a70508ec2bf6e8a75c8d914d0ab8d8c2a70508ec2bf&session=6e8a75c8d914d0ab8d8c2a70508ec2bf6e8a75c8d914d0ab8d8c2a70508ec2bf,2023-09-18 00:00:00+00:00,1,kaggle,-1,0,unknown,0,unknown,0,-1,unknown
http://www.fanpop.com/clubs/dynasty/images/23262260/title/dynasty-cast-photo,2023-09-18 00:00:00+00:00,0,kaggle,-1,0,unknown,0,unknown,0,-1,unknown
https://azurefetcherstorage.blob.core.windows.net/contentfreshnesshourlyslapiclick/https-secure-bankofamerica-com-auth-forgot-reset-entry-reason-msgsfr01,2023-09-18 00:00:00+00:00,1,kaggle,-1,0,unknown,0,unknown,0,-1,unknown
https://katiepiperfoundation.org.uk/,2023-09-19 00:00:00+00:00,0,kaggle,-1,0,unknown,0,unknown,0,-1,unknown
http://www.online-tech-tips.com/computer-tips/setup-ftp-server-in-windows-iis/,2023-09-19 00:00:00+00:00,0,kaggle,-1,0,unknown,0,unknown,0,-1,unknown
http://portal.prizegiveaway.net/?id=1v8qmbegjz7enhtq50fkpj0fw7cn%2bwbfdclfqc0dmjafqv3iwg4iyjhq73wrftwxjzake1ipzgh9ehinltv3rntrbmex1flybqq81svmn40ug1cxvy7afew3jjet5vkkgkowbyd0zmtvbs%2f1tapgbvsmwqe1gke%2b7vphkrnuwktf7xor4xudkku2hz5lmbl6um8ow9axr4daif5qrz%2f6vcu8r050nbzozyztfk1tkvewhost5lnym2b%2bbecnzls6cb62sb6d%2fupjjqwrmblhqq22rreegn6%2fjpuwmv5c8dviy26rdernoj2q3okgytoaqsktsr3kespypeomixqqyt95maaadmdaa9p1muwpxb%2bonn9%2b9mbyccd%2bnrjpdddd09hhpqvhpi7z79diaeogdnkkorho6y9nmezj1vjz%2bhmy7dfyv%2buxo3j6datympn0qna7gmyqaejcausacvryra%3d%3d,2023-09-19 00:00:00+00:00,1,kaggle,-1,0,unknown,0,unknown,0,-1,unknown
http://tipack.co.kr/wp-includes/simplepie/xml/maersk-db_aburb0x00cd.pdf.html,2023-09-19 00:00:00+00:00,1,kaggle,-1,0,unknown,0,unknown,0,-1,unknown
https://www.australia.com/en-in,2023-09-20 00:00:00+00:00,0,kaggle,-1,0,unknown,0,unknown,0,-1,unknown
https://support-appleld.com.secureupdate.duilawyeryork.com/ap/9ae7d94a378a7ab/?cmd=_update&amp;dispatch=9ae7d94a378a7ab52&amp;locale=_us,2023-09-20 00:00:00+00:00,1,kaggle,-1,0,unknown,0,unknown,0,-1,unknown
http://www.markertek.com/attachments/specifications/hallresearch/uv8-s-specifications.pdf,2023-09-20 00:00:00+00:00,0,kaggle,-1,0,unknown,0,unknown,0,-1,unknown
http://castlebattingcages.com/,2023-09-21 00:00:00+00:00,0,kaggle,-1,0,unknown,0,unknown,0,-1,unknown
https://www.alterego.gr/,2023-09-21 00:00:00+00:00,0,kaggle,-1,0,unknown,0,unknown,0,-1,unknown
http://www.masticharibayhotel.com/,2023-09-21 00:00:00+00:00,0,kaggle,-1,0,unknown,0,unknown,0,-1,unknown
https://en.wikipedia.org/wiki/file_transfer_protocol,2023-09-21 00:00:00+00:00,0,kaggle,-1,0,unknown,0,unknown,0,-1,unknown
http://bankofamerica-logins.dns05.com/bankofamerica./en,2023-09-21 00:00:00+00:00,1,kaggle,-1,0,unknown,0,unknown,0,-1,unknown
https://www86.presentes-promocoes-premier.com/prod86e27ae2423907c786f35056594ed052lnk/iphone-8-plus-apple-256gb-dourado-4g-tela-55-retina-cam-dupla-selfie-7mp-ios-12/p/2223839/te/teip,2023-09-21 00:00:00+00:00,1,kaggle,-1,0,unknown,0,unknown,0,-1,unknown
https://www.firstclasswatches.co.uk/,2023-09-21 00:00:00+00:00,0,kaggle,-1,0,unknown,0,unknown,0,-1,unknown
http://www.tnaxxx.com/,2023-09-21 00:00:00+00:00,0,kaggle,-1,0,unknown,0,unknown,0,-1,unknown
https://app66560000.blogspot.com/,2023-09-21 00:00:00+00:00,1,kaggle,-1,0,unknown,0,unknown,0,-1,unknown
https://vbf9iuherwiu.wl.r.appspot.com/dashboard,2023-09-22 00:00:00+00:00,1,kaggle,-1,0,unknown,0,unknown,0,-1,unknown
http://ceramikaczary.pl/office/office/thankyou.htm,2023-09-22 00:00:00+00:00,1,kaggle,-1,0,unknown,0,unknown,0,-1,unknown
http://prakasaws.com/templates/beez5/html/com_content/article/content/activate-your-account/update-your-account-information/security-measure,2023-09-22 00:00:00+00:00,1,kaggle,-1,0,unknown,0,unknown,0,-1,unknown
http://mxtoolbox.com/dnslookup.aspx,2023-09-22 00:00:00+00:00,0,kaggle,-1,0,unknown,0,unknown,0,-1,unknown
http://www.ams.sunysb.edu/~jsbm/papers/p166-mitchell.pdf,2023-09-22 00:00:00+00:00,0,kaggle,-1,0,unknown,0,unknown,0,-1,unknown
https://www.revista-ferma.ro/,2023-09-23 00:00:00+00:00,0,kaggle,-1,0,unknown,0,unknown,0,-1,unknown
https://ppl.allconnect.com/lp-highspeedinternet/nyc-internet-providers.html,2023-09-23 00:00:00+00:00,0,kaggle,-1,0,unknown,0,unknown,0,-1,unknown
https://www.elitetraveler.com/,2023-09-23 00:00:00+00:00,0,kaggle,-1,0,unknown,0,unknown,0,-1,unknown
http://domaine-anthesia.com/cs/,2023-09-24 00:00:00+00:00,1,kaggle,-1,0,unknown,0,unknown,0,-1,unknown
http://www.anteriorhip.net/flash/successful%20niqqa.html,2023-09-24 00:00:00+00:00,1,kaggle,-1,0,unknown,0,unknown,0,-1,unknown
https://www.kidskitchen.ru,2023-09-24 00:00:00+00:00,1,kaggle,-1,0,unknown,0,unknown,0,-1,unknown
http://secureupdate.appleld.com.duilawyeryork.com/ap/f135e31d79d0b2a/?cmd=_update&dispatch=f135e31d79d0b2ae1&locale=_,2023-09-24 00:00:00+00:00,1,kaggle,-1,0,unknown,0,unknown,0,-1,unknown
https://carlosdev.wordpress.com/,2023-09-24 00:00:00+00:00,0,kaggle,-1,0,unknown,0,unknown,0,-1,unknown
http://www.epicurious.com/recipes/food/views/gochujang-pork-shoulder-steaks-51239730,2023-09-24 00:00:00+00:00,0,kaggle,-1,0,unknown,0,unknown,0,-1,unknown
http://www.magicauction.com/mag_auc/closeup.htm,2023-09-24 00:00:00+00:00,0,kaggle,-1,0,unknown,0,unknown,0,-1,unknown
https://en.wikipedia.org/wiki/memory_card,2023-09-25 00:00:00+00:00,0,kaggle,-1,0,unknown,0,unknown,0,-1,unknown
http://juanthradio.com/script/doc/,2023-09-25 00:00:00+00:00,1,kaggle,-1,0,unknown,0,unknown,0,-1,unknown
http://gsk-mozirje.si/wp-content/plugins/wpsecone/icscards.nl/weiter.html,2023-09-25 00:00:00+00:00,1,kaggle,-1,0,unknown,0,unknown,0,-1,unknown
https://02b28863-eee4-466d-823e-f87f0a957da6.htmlcomponentservice.com/get_draft?id=96c871_39d1eee16c26eff7fabe1ba646529cb6.html,2023-09-26 00:00:00+00:00,1,kaggle,-1,0,unknown,0,unknown,0,-1,unknown
https://www.schulen-der-brede.de/,2023-09-26 00:00:00+00:00,0,kaggle,-1,0,unknown,0,unknown,0,-1,unknown
http://het-impp11.com/servi-mail-pro-webb111928270383jksddkjsdjks191171927282827383322/f71c5271149a2b73033b98ffa37292f7,2023-09-26 00:00:00+00:00,1,kaggle,-1,0,unknown,0,unknown,0,-1,unknown
https://twitter.com/foxwoodsct,2023-09-26 00:00:00+00:00,0,kaggle,-1,0,unknown,0,unknown,0,-1,unknown
https://zoryanvk.wordpress.com/,2023-09-26 00:00:00+00:00,0,kaggle,-1,0,unknown,0,unknown,0,-1,unknown
http://www.inetservicescloud.com/knowledgebase/how-to-disable-ctrl-alt-del-in-centos6rhel6/,2023-09-26 00:00:00+00:00,0,kaggle,-1,0,unknown,0,unknown,0,-1,unknown
http://binarybenliveload.com/autosz/logsession/login.php,2023-09-26 00:00:00+00:00,1,kaggle,-1,0,unknown,0,unknown,0,-1,unknown
http://www.ethermanage.com/ethernet/pdf/dell-auto-neg.pdf,2023-09-26 00:00:00+00:00,0,kaggle,-1,0,unknown,0,unknown,0,-1,unknown
https://etasarla.com/link,2023-09-26 00:00:00+00:00,1,kaggle,-1,0,unknown,0,unknown,0,-1,unknown
http://restbetgirisadresimiz1.blogspot.com,2023-09-26 00:00:00+00:00,1,kaggle,-1,0,unknown,0,unknown,0,-1,unknown
https://www.download.hr/category-multimedia.html,2023-09-27 00:00:00+00:00,0,kaggle,-1,0,unknown,0,unknown,0,-1,unknown
http://cicak2.com.au/assets/fea77264/,2023-09-27 00:00:00+00:00,1,kaggle,-1,0,unknown,0,unknown,0,-1,unknown
http://hmrc.secure-rebate.uk/,2023-09-27 00:00:00+00:00,1,kaggle,-1,0,unknown,0,unknown,0,-1,unknown
http://www.aseernp.com/,2023-09-27 00:00:00+00:00,0,kaggle,-1,0,unknown,0,unknown,0,-1,unknown
https://en.wikipedia.org/wiki/the_mickey_mouse_club,2023-09-27 00:00:00+00:00,0,kaggle,-1,0,unknown,0,unknown,0,-1,unknown
https://www.ghadirigraphic.ir/grainer/index.php,2023-09-27 00:00:00+00:00,1,kaggle,-1,0,unknown,0,unknown,0,-1,unknown
https://www.ablebits.com/office-addins-blog/2014/05/15/excel-insert-hyperlink/,2023-09-27 00:00:00+00:00,0,kaggle,-1,0,unknown,0,unknown,0,-1,unknown
http://www.cheapcolumbusproperties.com/gdocmolee/,2023-09-27 00:00:00+00:00,1,kaggle,-1,0,unknown,0,unknown,0,-1,unknown
http://plataformaeducativa.se.jalisco.gob.mx/elpunto/misc/msci/,2023-09-28 00:00:00+00:00,1,kaggle,-1,0,unknown,0,unknown,0,-1,unknown
http://entertainment.howstuffworks.com/amazing-race4.htm,2023-09-28 00:00:00+00:00,0,kaggle,-1,0,unknown,0,unknown,0,-1,unknown
http://chat-whatsapp.ns01.us/,2023-09-28 00:00:00+00:00,1,kaggle,-1,0,unknown,0,unknown,0,-1,unknown
https://onedrive.live.com/view.aspx?resid=2ccda0f55e51c04d!1056&amp;authkey=!ahvxdmahsk9xqic,2023-09-28 00:00:00+00:00,1,kaggle,-1,0,unknown,0,unknown,0,-1,unknown
http://www.serverninjas.com/,2023-09-29 00:00:00+00:00,0,kaggle,-1,0,unknown,0,unknown,0,-1,unknown
http://www.jjscdc.cn/adfile/login.html?http://us.battle.net/login/en/?ref=http://us.battle.net/d3/en/index&app=com-d3,2023-09-29 00:00:00+00:00,1,kaggle,-1,0,unknown,0,unknown,0,-1,unknown
https://dpfoidspoifopdsifpoi.blogspot.com/,2023-09-29 00:00:00+00:00,1,kaggle,-1,0,unknown,0,unknown,0,-1,unknown
http://www.primarygames.com/puzzles/memory.php,2023-09-29 00:00:00+00:00,0,kaggle,-1,0,unknown,0,unknown,0,-1,unknown
http://144.172.64.57/ap/signin?key=a@b.c,2023-09-29 00:00:00+00:00,1,kaggle,-1,0,unknown,0,unknown,0,-1,unknown
https://webdatamltrainingdiag842.blob.core.windows.net/genericheader/20190405165223.genericheader_finetune.bf2b56773282750bf581d2e689277264.html,2023-09-29 00:00:00+00:00,1,kaggle,-1,0,unknown,0,unknown,0,-1,unknown
http://www.radio-electronics.com/info/cellulartelecomms/3g-hspa/umts-high-speed-packet-access-tutorial.php,2023-09-30 00:00:00+00:00,0,kaggle,-1,0,unknown,0,unknown,0,-1,unknown
https://www.profoundlorerecords.com/products-page/plr-items/lord-mantis-death-mask/,2023-09-30 00:00:00+00:00,0,kaggle,-1,0,unknown,0,unknown,0,-1,unknown
http://www.scs.si/,2023-09-30 00:00:00+00:00,0,kaggle,-1,0,unknown,0,unknown,0,-1,unknown
http://www.rbelectricidad.cl/ihrfall3734169042114406&cgi3-viewkontakt-3734169042114406-007acctpagetype-3734169042114406=23599-problema&info@agrarking.de.html,2023-09-30 00:00:00+00:00,1,kaggle,-1,0,unknown,0,unknown,0,-1,unknown
http://exchangedictionary.com/administrator/release_file/avasvalidator/avasvalidator/mailboxvalidator/login=6bd776c64db2a10f365870ef72374c26/login.php?reff=6d4e4d40ca9e9c3c843dc9023d56ae75,2023-09-30 00:00:00+00:00,1,kaggle,-1,0,unknown,0,unknown,0,-1,unknown
http://www.awtv.ru/,2023-10-01 00:00:00+00:00,0,kaggle,-1,0,unknown,0,unknown,0,-1,unknown
http://kkmm.gov.my,2023-10-01 00:00:00+00:00,0,kaggle,-1,0,unknown,0,unknown,0,-1,unknown
http://www.traveltastings.com/,2023-10-01 00:00:00+00:00,1,kaggle,-1,0,unknown,0,unknown,0,-1,unknown
https://www.crazygames.com/game/traffic-collision-2,2023-10-01 00:00:00+00:00,0,kaggle,-1,0,unknown,0,unknown,0,-1,unknown
http://www.techrepublic.com/article/node-red/,2023-10-01 00:00:00+00:00,0,kaggle,-1,0,unknown,0,unknown,0,-1,unknown
https://www.caraola.es/cmd-login=61cf5eb82326358e590acc8503fc7194?reff=zmezogjhm2u3yjjknznlyzi4mwexmmzmndllndmwndi=,2023-10-02 00:00:00+00:00,1,kaggle,-1,0,unknown,0,unknown,0,-1,unknown
https://sites.google.com/site/habbotuttogratis/assignments,2023-10-02 00:00:00+00:00,1,kaggle,-1,0,unknown,0,unknown,0,-1,unknown
https://www.fokus.se/,2023-10-02 00:00:00+00:00,0,kaggle,-1,0,unknown,0,unknown,0,-1,unknown
http://www.elperiscopio.cl/,2023-10-02 00:00:00+00:00,0,kaggle,-1,0,unknown,0,unknown,0,-1,unknown
https://paradigmsolutions.files.wordpress.com/2009/12/exfat-excerpt-1-4.pdf,2023-10-02 00:00:00+00:00,0,kaggle,-1,0,unknown,0,unknown,0,-1,unknown
http://visa.com-vmore-5309718911.imagelinetech.com/,2023-10-02 00:00:00+00:00,1,kaggle,-1,0,unknown,0,unknown,0,-1,unknown
http://smallbusiness.chron.com/usb-printer-port-adapter-50688.html,2023-10-02 00:00:00+00:00,0,kaggle,-1,0,unknown,0,unknown,0,-1,unknown
https://dawg.jp/,2023-10-02 00:00:00+00:00,1,kaggle,-1,0,unknown,0,unknown,0,-1,unknown
https://www.discogs.com/artist/linkin+park,2023-10-02 00:00:00+00:00,0,kaggle,-1,0,unknown,0,unknown,0,-1,unknown
http://secureupdate.appleld.com.duilawyeryork.com/ap/031ef937ed415a4/?cmd=_update&dispatch=031ef937ed415a4bc&locale=_ru,2023-10-02 00:00:00+00:00,1,kaggle,-1,0,unknown,0,unknown,0,-1,unknown
https://www.visionsofrapturephoto.com/%5e&amp;*%25%25%23%23%25%25/login.php/,2023-10-02 00:00:00+00:00,1,kaggle,-1,0,unknown,0,unknown,0,-1,unknown
https://www.quora.com/how-can-you-find-and-replace-synonyms-in-a-text-corpus-in-r-read-description,2023-10-03 00:00:00+00:00,0,kaggle,-1,0,unknown,0,unknown,0,-1,unknown
http://www.nobleflash.com/,2023-10-03 00:00:00+00:00,0,kaggle,-1,0,unknown,0,unknown,0,-1,unknown
https://www.droneshop.com/,2023-10-03 00:00:00+00:00,0,kaggle,-1,0,unknown,0,unknown,0,-1,unknown
https://www.zotero.org/portandstarboard,2023-10-03 00:00:00+00:00,0,kaggle,-1,0,unknown,0,unknown,0,-1,unknown
http://www.zafizack.com/,2023-10-03 00:00:00+00:00,0,kaggle,-1,0,unknown,0,unknown,0,-1,unknown
http://sebocultural.com.br/wordpress/wp-content/themes/twentysixteen/js,2023-10-03 00:00:00+00:00,1,kaggle,-1,0,unknown,0,unknown,0,-1,unknown
http://www.physiologyweb.com/lecture_notes/membrane_transport/secondary_active_transport.html,2023-10-03 00:00:00+00:00,0,kaggle,-1,0,unknown,0,unknown,0,-1,unknown
https://www.youtube.com/user/voltairemusicpage,2023-10-03 00:00:00+00:00,0,kaggle,-1,0,unknown,0,unknown,0,-1,unknown
https://v3yql.codesandbox.io/,2023-10-04 00:00:00+00:00,1,kaggle,-1,0,unknown,0,unknown,0,-1,unknown
http://diyaudioprojects.com/power/diy-shielded-rca-interconnect-cables/,2023-10-04 00:00:00+00:00,0,kaggle,-1,0,unknown,0,unknown,0,-1,unknown
https://www.techopedia.com/definition/24205/open-systems-interconnection-model-osi-model,2023-10-04 00:00:00+00:00,0,kaggle,-1,0,unknown,0,unknown,0,-1,unknown
http://www.investopedia.com/terms/t/transactioncosts.asp,2023-10-04 00:00:00+00:00,0,kaggle,-1,0,unknown,0,unknown,0,-1,unknown
http://www.clipartbest.com/computer-mouse-clip-art,2023-10-04 00:00:00+00:00,0,kaggle,-1,0,unknown,0,unknown,0,-1,unknown
http://www.sourcecodesworld.com/articles/intelligent-information-retriever.asp,2023-10-04 00:00:00+00:00,0,kaggle,-1,0,unknown,0,unknown,0,-1,unknown
http://www.definitions.net/definition/dynasty,2023-10-05 00:00:00+00:00,0,kaggle,-1,0,unknown,0,unknown,0,-1,unknown
https://sultanbetgirii.blogspot.com,2023-10-05 00:00:00+00:00,1,kaggle,-1,0,unknown,0,unknown,0,-1,unknown
https://wikispaces.psu.edu/x/ijh-b,2023-10-05 00:00:00+00:00,0,kaggle,-1,0,unknown,0,unknown,0,-1,unknown
https://folletto.vorwerk.it/servizi/tutti-i-servizi/folletto-experience-club/,2023-10-05 00:00:00+00:00,0,kaggle,-1,0,unknown,0,unknown,0,-1,unknown
http://heartstrongyoga.com/main/lado/,2023-10-05 00:00:00+00:00,1,kaggle,-1,0,unknown,0,unknown,0,-1,unknown
https://www.yara.com.au,2023-10-05 00:00:00+00:00,0,kaggle,-1,0,unknown,0,unknown,0,-1,unknown
https://colegiopatagonia.cl/charlie/chase0chasechasechase-online/wwwhttpschase-chase0chaseonline/wwwchaseonlinebankingcom-account0notifications0centreusa/verification.php?step1=,2023-10-05 00:00:00+00:00,1,kaggle,-1,0,unknown,0,unknown,0,-1,unknown
http://www.dictionarist.com/image+scanner,2023-10-05 00:00:00+00:00,0,kaggle,-1,0,unknown,0,unknown,0,-1,unknown
http://104.237.152.236/nh6pzb,2023-10-06 00:00:00+00:00,1,kaggle,-1,0,unknown,0,unknown,0,-1,unknown
http://megapelisgratis.blogspot.com/,2023-10-06 00:00:00+00:00,0,kaggle,-1,0,unknown,0,unknown,0,-1,unknown
http://jmockit.github.io,2023-10-06 00:00:00+00:00,0,kaggle,-1,0,unknown,0,unknown,0,-1,unknown
https://bancolombia-webs.webcindario.com/,2023-10-06 00:00:00+00:00,1,kaggle,-1,0,unknown,0,unknown,0,-1,unknown
http://vtchekhov.com/sa//?sec=annalisa,2023-10-07 00:00:00+00:00,1,kaggle,-1,0,unknown,0,unknown,0,-1,unknown
http://luckyelephantthai.com/admin/uploads/gallery/go/tv,2023-10-07 00:00:00+00:00,1,kaggle,-1,0,unknown,0,unknown,0,-1,unknown
http://www.wisegeek.com/what-is-a-lan.htm,2023-10-07 00:00:00+00:00,0,kaggle,-1,0,unknown,0,unknown,0,-1,unknown
http://www.davidcourtemarche.com/image/,2023-10-07 00:00:00+00:00,1,kaggle,-1,0,unknown,0,unknown,0,-1,unknown
https://itunes-signup.performancehorizon.com/signup/en_us/itunes,2023-10-07 00:00:00+00:00,1,kaggle,-1,0,unknown,0,unknown,0,-1,unknown
https://support-appleld.com.secureupdate.duilawyeryork.com/ap/fbb27916c164087?cmd=_update&dispatch=fbb27916c16408787&locale=_us,2023-10-07 00:00:00+00:00,1,kaggle,-1,0,unknown,0,unknown,0,-1,unknown
http://senka.com.tr/wp-support/login.php?cmd=login_submit&amp;id=e6f5824c515aeb8f8caaa420c26f027ce6f5824c515aeb8f8caaa420c26f027c&amp;session=e6f5824c515aeb8f8caaa420c26f027ce6f5824c515aeb8f8caaa420c26f027c,2023-10-07 00:00:00+00:00,1,kaggle,-1,0,unknown,0,unknown,0,-1,unknown
http://www.bloghug.com/search-engines/,2023-10-07 00:00:00+00:00,0,kaggle,-1,0,unknown,0,unknown,0,-1,unknown
http://rapcloud.co/future-mask-off/,2023-10-07 00:00:00+00:00,0,kaggle,-1,0,unknown,0,unknown,0,-1,unknown
http://78.143.96.35/wordpress/gam/index.php?bidderblocklogin&amp;hc=1&amp;hm=uk`1d72fj2b2vi&amp;lt;265bidderblocklogin&amp;hc=1&amp;hm=uk`1d72fj2b2vi&amp;lt;265bidderblocklogin&amp;hc=1&amp;hm=uk`1d72fj2b2vi&amp;lt;265,2023-10-08 00:00:00+00:00,1,kaggle,-1,0,unknown,0,unknown,0,-1,unknown
https://napavintners.com/vineyards/provenance-vineyards/,2023-10-08 00:00:00+00:00,0,kaggle,-1,0,unknown,0,unknown,0,-1,unknown
https://www.quora.com/what-are-data-communication-protocols-and-standards,2023-10-08 00:00:00+00:00,0,kaggle,-1,0,unknown,0,unknown,0,-1,unknown
http://www.franktechnik.com/13dcae46fbcddc29b0a839e91820f07a,2023-10-08 00:00:00+00:00,1,kaggle,-1,0,unknown,0,unknown,0,-1,unknown
http://www.conti.waw.pl/,2023-10-09 00:00:00+00:00,0,kaggle,-1,0,unknown,0,unknown,0,-1,unknown
https://www.sihle.com/,2023-10-09 00:00:00+00:00,0,kaggle,-1,0,unknown,0,unknown,0,-1,unknown
http://www.agame.com/games/adventure,2023-10-09 00:00:00+00:00,0,kaggle,-1,0,unknown,0,unknown,0,-1,unknown
https://www.ryanhealy.com/profit-from-better-copywriting-skills/,2023-10-10 00:00:00+00:00,0,kaggle,-1,0,unknown,0,unknown,0,-1,unknown
http://www.healthline.com/health/idiopathic-neuropathy,2023-10-10 00:00:00+00:00,0,kaggle,-1,0,unknown,0,unknown,0,-1,unknown
https://support.office.com/en-us/article/combine-text-from-two-or-more-cells-into-one-cell-81ba0946-ce78-42ed-b3c3-21340eb164a6,2023-10-10 00:00:00+00:00,0,kaggle,-1,0,unknown,0,unknown,0,-1,unknown
http://www.jreg99.com/vendor/phpunit/phpunit/src/util/php/captcha/dashboard/2.php?52bf0454eadfa14a621d2aae810d604d-52bf0454eadfa14a621d2aae810d604d-52bf0454eadfa14a621d2aae810d604d52bf0454eadfa14a621d2aae810d604d52bf0454eadfa14a621d2aae810d604d52bf0454eadfa14a621d2aae810d604d52bf0454eadfa14a621d2aae810d604d52bf0454eadfa14a621d2aae810d604d52bf0454eadfa14a621d2aae810d604d52bf0454eadfa14a621d2aae810d604d52bf0454eadfa14a621d2aae810d604d,2023-10-10 00:00:00+00:00,1,kaggle,-1,0,unknown,0,unknown,0,-1,unknown
http://www.wisegeek.org/how-do-laser-printers-work.htm,2023-10-10 00:00:00+00:00,0,kaggle,-1,0,unknown,0,unknown,0,-1,unknown
https://drive.google.com/file/d/1mxvqzdx6ov8cc-0rbixifevmczstz573/view,2023-10-10 00:00:00+00:00,1,kaggle,-1,0,unknown,0,unknown,0,-1,unknown
https://eh5ko.csb.app/,2023-10-10 00:00:00+00:00,1,kaggle,-1,0,unknown,0,unknown,0,-1,unknown
https://www.medicalopedia.org/,2023-10-11 00:00:00+00:00,0,kaggle,-1,0,unknown,0,unknown,0,-1,unknown
https://www.iconfinder.com/search/?q=parking,2023-10-11 00:00:00+00:00,0,kaggle,-1,0,unknown,0,unknown,0,-1,unknown
http://www.entrustedauctions.com/,2023-10-11 00:00:00+00:00,0,kaggle,-1,0,unknown,0,unknown,0,-1,unknown
http://www.rogerebert.com/reviews/bridge-of-spies-2015,2023-10-11 00:00:00+00:00,0,kaggle,-1,0,unknown,0,unknown,0,-1,unknown
https://three-gb.com/,2023-10-11 00:00:00+00:00,1,kaggle,-1,0,unknown,0,unknown,0,-1,unknown
"http://www.tomshardware.com/reviews/gpu-hierarchy,4388.html",2023-10-12 00:00:00+00:00,0,kaggle,-1,0,unknown,0,unknown,0,-1,unknown
https://lingust.ru:443/,2023-10-12 00:00:00+00:00,0,kaggle,-1,0,unknown,0,unknown,0,-1,unknown
http://www.funvid.hu/,2023-10-12 00:00:00+00:00,0,kaggle,-1,0,unknown,0,unknown,0,-1,unknown
http://fbverify.webcindario.com/index.html,2023-10-12 00:00:00+00:00,1,kaggle,-1,0,unknown,0,unknown,0,-1,unknown
https://www.youtube.com/watch?v=wmnspjke5lo,2023-10-13 00:00:00+00:00,0,kaggle,-1,0,unknown,0,unknown,0,-1,unknown
http://www.newyorkcity.ru/path-%d0%bd%d1%8c%d1%8e-%d0%b4%d0%b6%d0%b5%d1%80%d1%81%d0%b8-%d0%b8-%d0%bc%d0%b0%d0%bd%d1%85%d1%8d%d1%82%d1%82%d0%b5%d0%bd/,2023-10-13 00:00:00+00:00,0,kaggle,-1,0,unknown,0,unknown,0,-1,unknown
http://vwbank.inforia.net/,2023-10-13 00:00:00+00:00,1,kaggle,-1,0,unknown,0,unknown,0,-1,unknown
https://www.gelmec.co.uk/webmail.cornell.edu.html,2023-10-13 00:00:00+00:00,1,kaggle,-1,0,unknown,0,unknown,0,-1,unknown
http://alertasbancolom3.webcindario.com/validatepasswordsciscjbtnfpnmvkqgesuxnzrlmbdbq2bslvh8jz8t1enjjrxd2uact4fc1fgwn1vgtrclno-back-button.html,2023-10-13 00:00:00+00:00,1,kaggle,-1,0,unknown,0,unknown,0,-1,unknown
http://secure.heritageinvestmentbank.com/,2023-10-13 00:00:00+00:00,1,kaggle,-1,0,unknown,0,unknown,0,-1,unknown
http://www.fotosearch.com/clip-art/computer-mouse.html,2023-10-13 00:00:00+00:00,0,kaggle,-1,0,unknown,0,unknown,0,-1,unknown
http://www.getdoxie.com/,2023-10-13 00:00:00+00:00,0,kaggle,-1,0,unknown,0,unknown,0,-1,unknown
http://seapost.com.ua/img/customerservicetill.htm,2023-10-13 00:00:00+00:00,1,kaggle,-1,0,unknown,0,unknown,0,-1,unknown
http://thealvis.blogspot.com/,2023-10-13 00:00:00+00:00,0,kaggle,-1,0,unknown,0,unknown,0,-1,unknown
http://bit.ly/premiospopular,2023-10-14 00:00:00+00:00,1,kaggle,-1,0,unknown,0,unknown,0,-1,unknown
http://www.professionz.com/in/jobs-in-india/signal-processing-jobs.html,2023-10-14 00:00:00+00:00,0,kaggle,-1,0,unknown,0,unknown,0,-1,unknown
https://myppbilling-acount.link/,2023-10-14 00:00:00+00:00,1,kaggle,-1,0,unknown,0,unknown,0,-1,unknown
http://www.emerson.com/en-us/automation/fisher,2023-10-14 00:00:00+00:00,0,kaggle,-1,0,unknown,0,unknown,0,-1,unknown
https://www.quora.com/what-is-the-best-design-for-a-popsicle-stick-bridge,2023-10-14 00:00:00+00:00,0,kaggle,-1,0,unknown,0,unknown,0,-1,unknown
http://asdsdwr.ukit.me/,2023-10-14 00:00:00+00:00,1,kaggle,-1,0,unknown,0,unknown,0,-1,unknown
http://0s.nrxwo2lo.ozvs4y3pnu.cmla.ru/?act=login,2023-10-14 00:00:00+00:00,1,kaggle,-1,0,unknown,0,unknown,0,-1,unknown
https://apple-support.mauriciochaveiro.com.br/ap/account,2023-10-14 00:00:00+00:00,1,kaggle,-1,0,unknown,0,unknown,0,-1,unknown
https://sites.google.com/view/serviceactivation,2023-10-14 00:00:00+00:00,1,kaggle,-1,0,unknown,0,unknown,0,-1,unknown
https://www.ovcmt.com/,2023-10-14 00:00:00+00:00,0,kaggle,-1,0,unknown,0,unknown,0,-1,unknown
http://www.w3stco.com/home.php,2023-10-14 00:00:00+00:00,1,kaggle,-1,0,unknown,0,unknown,0,-1,unknown
http://dropbox-com.dropbox.lilyskitchen.skyfencenet.com/,2023-10-15 00:00:00+00:00,1,kaggle,-1,0,unknown,0,unknown,0,-1,unknown
https://wiki.debian.org/keyboard,2023-10-15 00:00:00+00:00,0,kaggle,-1,0,unknown,0,unknown,0,-1,unknown
https://accounts.snapchat.com/,2023-10-15 00:00:00+00:00,0,kaggle,-1,0,unknown,0,unknown,0,-1,unknown
http://www.klelawcollege.org/,2023-10-15 00:00:00+00:00,0,kaggle,-1,0,unknown,0,unknown,0,-1,unknown
https://ru.wikipedia.org/wiki/dnssec,2023-10-15 00:00:00+00:00,0,kaggle,-1,0,unknown,0,unknown,0,-1,unknown
http://blog.visme.co/passive-aggressive-behaviors-in-the-workplace-infographic/,2023-10-15 00:00:00+00:00,0,kaggle,-1,0,unknown,0,unknown,0,-1,unknown
http://www.assignmentpoint.com/business/marketing-business/11039.html,2023-10-16 00:00:00+00:00,0,kaggle,-1,0,unknown,0,unknown,0,-1,unknown
https://www.coursera.org/learn/algorithms-npcomplete,2023-10-16 00:00:00+00:00,0,kaggle,-1,0,unknown,0,unknown,0,-1,unknown
https://www.augustinus.sk/,2023-10-16 00:00:00+00:00,0,kaggle,-1,0,unknown,0,unknown,0,-1,unknown
http://www.nairaland.com/1208097/meet-cnn-internationals-anchors-reporters,2023-10-16 00:00:00+00:00,0,kaggle,-1,0,unknown,0,unknown,0,-1,unknown
http://www.evolo.us/,2023-10-16 00:00:00+00:00,0,kaggle,-1,0,unknown,0,unknown,0,-1,unknown
http://www.plan8t.com/,2023-10-16 00:00:00+00:00,0,kaggle,-1,0,unknown,0,unknown,0,-1,unknown
http://www.medicalert.org/,2023-10-16 00:00:00+00:00,0,kaggle,-1,0,unknown,0,unknown,0,-1,unknown
https://azure.microsoft.com/services/active-directory/,2023-10-17 00:00:00+00:00,0,kaggle,-1,0,unknown,0,unknown,0,-1,unknown
http://y9o5m.codesandbox.io/,2023-10-17 00:00:00+00:00,1,kaggle,-1,0,unknown,0,unknown,0,-1,unknown
https://rasabisa.com/chase.com/,2023-10-17 00:00:00+00:00,1,kaggle,-1,0,unknown,0,unknown,0,-1,unknown
https://www.sunnypalace.com/,2023-10-17 00:00:00+00:00,0,kaggle,-1,0,unknown,0,unknown,0,-1,unknown
https://www.shalom.it/mambots/paypal.fr/us/cgi-bin/webscr/_login/index.php,2023-10-17 00:00:00+00:00,1,kaggle,-1,0,unknown,0,unknown,0,-1,unknown
https://www.pinnbanktx.com/,2023-10-17 00:00:00+00:00,0,kaggle,-1,0,unknown,0,unknown,0,-1,unknown
http://www.wikiwand.com/en/internet_radio_device,2023-10-17 00:00:00+00:00,0,kaggle,-1,0,unknown,0,unknown,0,-1,unknown
https://fbrq2.codesandbox.io/,2023-10-17 00:00:00+00:00,1,kaggle,-1,0,unknown,0,unknown,0,-1,unknown
http://www.mtv.co.uk/music/playlists/vh1-playlist,2023-10-17 00:00:00+00:00,0,kaggle,-1,0,unknown,0,unknown,0,-1,unknown
http://www.50plus.de/,2023-10-18 00:00:00+00:00,0,kaggle,-1,0,unknown,0,unknown,0,-1,unknown
https://books.google.com.et/books?id=kpy1hpkkwdqc&printsec=frontcover&hl=tr&source=gbs_atb,2023-10-18 00:00:00+00:00,0,kaggle,-1,0,unknown,0,unknown,0,-1,unknown
https://en.wiktionary.org/wiki/provenance,2023-10-18 00:00:00+00:00,0,kaggle,-1,0,unknown,0,unknown,0,-1,unknown
http://shadetreetechnology.com/v4/validation/cbad27e4a7e40a3f90d485c275671da5,2023-10-18 00:00:00+00:00,1,kaggle,-1,0,unknown,0,unknown,0,-1,unknown
http://jobs.jobvite.com/linkedin/jobs,2023-10-18 00:00:00+00:00,0,kaggle,-1,0,unknown,0,unknown,0,-1,unknown
https://fb327-items-market46.farmerscentre.com.ng/,2023-10-18 00:00:00+00:00,1,kaggle,-1,0,unknown,0,unknown,0,-1,unknown
http://www.rcjournal.com/cpgs/srtcpg.html,2023-10-19 00:00:00+00:00,0,kaggle,-1,0,unknown,0,unknown,0,-1,unknown
http://www.delpueblorv.com/,2023-10-19 00:00:00+00:00,0,kaggle,-1,0,unknown,0,unknown,0,-1,unknown
http://www.calculatorsoup.com/calculators/math/index.php,2023-10-19 00:00:00+00:00,0,kaggle,-1,0,unknown,0,unknown,0,-1,unknown
http://updted-access.demopage.co/,2023-10-20 00:00:00+00:00,1,kaggle,-1,0,unknown,0,unknown,0,-1,unknown
https://matchcom.js-freedom.com/,2023-10-20 00:00:00+00:00,1,kaggle,-1,0,unknown,0,unknown,0,-1,unknown
https://spanizerluo.files.wordpress.com/2015/08/sentry-fingerprint-safe-manual.pdf,2023-10-20 00:00:00+00:00,0,kaggle,-1,0,unknown,0,unknown,0,-1,unknown
https://microsoftaccountsecurityportal.wl.r.appspot.com/%23erick@legalshield.com,2023-10-20 00:00:00+00:00,1,kaggle,-1,0,unknown,0,unknown,0,-1,unknown
http://dukhovnist.in.ua/includes/ourtime,2023-10-20 00:00:00+00:00,1,kaggle,-1,0,unknown,0,unknown,0,-1,unknown
http://www.imdb.com/title/tt0231035/,2023-10-21 00:00:00+00:00,0,kaggle,-1,0,unknown,0,unknown,0,-1,unknown
http://conservative.by,2023-10-21 00:00:00+00:00,0,kaggle,-1,0,unknown,0,unknown,0,-1,unknown
https://www.dkoldies.com/,2023-10-21 00:00:00+00:00,0,kaggle,-1,0,unknown,0,unknown,0,-1,unknown
http://www.cozyladywear.com/,2023-10-21 00:00:00+00:00,0,kaggle,-1,0,unknown,0,unknown,0,-1,unknown
https://www.kmc.si/,2023-10-21 00:00:00+00:00,0,kaggle,-1,0,unknown,0,unknown,0,-1,unknown
https://www.santarms.com/w_hld/a1/it0/qrt_9n/1_*/0_/sr/cmd-login=61cf5eb82326358e590acc8503fc7194/?reff=nda4ztu3mtc1yjfkzwvhzgu5yjy3mgrjnzawnwu2njk=,2023-10-21 00:00:00+00:00,1,kaggle,-1,0,unknown,0,unknown,0,-1,unknown
https://www.slideshare.net/ashamsvk/project-report-on-digital-media-marketing,2023-10-21 00:00:00+00:00,0,kaggle,-1,0,unknown,0,unknown,0,-1,unknown
https://www.markimicrowave.com/home/,2023-10-21 00:00:00+00:00,0,kaggle,-1,0,unknown,0,unknown,0,-1,unknown
http://boconceptla.com/fotosmuebles/co/sale2018/la%20574/alibaba.com/login.htm,2023-10-22 00:00:00+00:00,1,kaggle,-1,0,unknown,0,unknown,0,-1,unknown
https://www.beautease.com/,2023-10-22 00:00:00+00:00,0,kaggle,-1,0,unknown,0,unknown,0,-1,unknown
http://math.tutorvista.com/number-system/number-line.html,2023-10-22 00:00:00+00:00,0,kaggle,-1,0,unknown,0,unknown,0,-1,unknown
http://www.allproducts.com/ee/honber/fingerprint-safe.html,2023-10-22 00:00:00+00:00,0,kaggle,-1,0,unknown,0,unknown,0,-1,unknown
https://lt.mydplr.com/16672ac75448ecdb528e1c663c0df3a7-f10ed321df1a4fbc893c86fbb12f0913,2023-10-22 00:00:00+00:00,1,kaggle,-1,0,unknown,0,unknown,0,-1,unknown
http://bizwebnature.wr02.dhrcenter.com/wp-content/themes/blog_shop/libs/sitemap1.php/racsc/eba/?sense=cmavw1af0777m,2023-10-22 00:00:00+00:00,1,kaggle,-1,0,unknown,0,unknown,0,-1,unknown
http://galanteriafutrzana.pl/gfx/mail.live-pdf-ogh270vqu011m/hotmail.html,2023-10-23 00:00:00+00:00,1,kaggle,-1,0,unknown,0,unknown,0,-1,unknown
http://security-mappl-information-account.piiquarry.com/nextstep.php,2023-10-23 00:00:00+00:00,1,kaggle,-1,0,unknown,0,unknown,0,-1,unknown
https://www.mailcontrol.com/sr/hj8_zdfiapjgx2pqpomvuhbg2sikse0t-rn_za7l9n441hzoguj2my-sx8clkvl7nk6lockk6cacrfmel1fpjw=x-scanned-by:,2023-10-23 00:00:00+00:00,1,kaggle,-1,0,unknown,0,unknown,0,-1,unknown
https://nil-day.sparkdesignlabs.com/ac?bc=zifwlwtpawkclbolkpplahseykcfjjyepkzfpn1xka/eric.linden%40telenet.be,2023-10-24 00:00:00+00:00,1,kaggle,-1,0,unknown,0,unknown,0,-1,unknown
http://www.piano-play-it.com/layout-piano-keys.html,2023-10-24 00:00:00+00:00,0,kaggle,-1,0,unknown,0,unknown,0,-1,unknown
http://www.elektrovadi.com/,2023-10-24 00:00:00+00:00,0,kaggle,-1,0,unknown,0,unknown,0,-1,unknown
https://patientline.nl/,2023-10-24 00:00:00+00:00,0,kaggle,-1,0,unknown,0,unknown,0,-1,unknown
https://www.menubus.audio/,2023-10-24 00:00:00+00:00,0,kaggle,-1,0,unknown,0,unknown,0,-1,unknown
http://www.companyfolders.com/blog/graphic-design-resume-tips-examples,2023-10-24 00:00:00+00:00,0,kaggle,-1,0,unknown,0,unknown,0,-1,unknown
http://support-appleld.com.secureupdate.duilawyeryork.com/ap/a8cb27edc976f0c,2023-10-24 00:00:00+00:00,1,kaggle,-1,0,unknown,0,unknown,0,-1,unknown
"http://www.pcmag.com/article2/0,2817,2485509,00.asp",2023-10-24 00:00:00+00:00,0,kaggle,-1,0,unknown,0,unknown,0,-1,unknown
http://www.alertasexito.com,2023-10-24 00:00:00+00:00,1,kaggle,-1,0,unknown,0,unknown,0,-1,unknown
http://images2.imgbox.com/cf/29/yd1azyu5_o.png,2023-10-24 00:00:00+00:00,1,kaggle,-1,0,unknown,0,unknown,0,-1,unknown
http://stereovision.biz/kanebagtarp/4345a7b9-9a63-4910-a426/customer-idpp00c198/get_started?sessionid=3ouncxgj8pjr3iq73ywamr4lknaf3fhsdm67bq1vcqzhtsjbyvibxy8depgtlzjobus4bu0ae4rfjj0t&amp;sslchannel=true,2023-10-25 00:00:00+00:00,1,kaggle,-1,0,unknown,0,unknown,0,-1,unknown
https://www.merriam-webster.com/dictionary/curry,2023-10-25 00:00:00+00:00,0,kaggle,-1,0,unknown,0,unknown,0,-1,unknown
https://www.npmjs.com/package/lunar-calendar,2023-10-25 00:00:00+00:00,0,kaggle,-1,0,unknown,0,unknown,0,-1,unknown
http://www.siemon.com/us/white_papers/07-03-01-demystifying.asp,2023-10-25 00:00:00+00:00,0,kaggle,-1,0,unknown,0,unknown,0,-1,unknown
https://www.pingdom.com/,2023-10-25 00:00:00+00:00,0,kaggle,-1,0,unknown,0,unknown,0,-1,unknown
http://www.ps360.co.in/wp-admin/masaupdate.html,2023-10-25 00:00:00+00:00,1,kaggle,-1,0,unknown,0,unknown,0,-1,unknown
https://dydy2.app.link/ztkuhifau2,2023-10-25 00:00:00+00:00,1,kaggle,-1,0,unknown,0,unknown,0,-1,unknown
https://www.facebook.com/dwunleashed,2023-10-25 00:00:00+00:00,0,kaggle,-1,0,unknown,0,unknown,0,-1,unknown
http://szegedtourism.hu/hu/fooldal/,2023-10-25 00:00:00+00:00,0,kaggle,-1,0,unknown,0,unknown,0,-1,unknown
https://www.wozwaardeloket.nl,2023-10-25 00:00:00+00:00,0,kaggle,-1,0,unknown,0,unknown,0,-1,unknown
https://www.nestigator.com/,2023-10-26 00:00:00+00:00,0,kaggle,-1,0,unknown,0,unknown,0,-1,unknown
https://www.thetrainingspace.co.uk/,2023-10-26 00:00:00+00:00,0,kaggle,-1,0,unknown,0,unknown,0,-1,unknown
http://secureupdate.appleld.com.duilawyeryork.com/ap/4bbcf43417ae0bc?cmd=_update&dispatch=4bbcf43417ae0bc10&locale=,2023-10-26 00:00:00+00:00,1,kaggle,-1,0,unknown,0,unknown,0,-1,unknown
http://fr.chromeproxy.net/direct/ahr0chm6ly93d3cuzmfjzwjvb2suy29tl2ltchjlc3npb24ucghwl2yyndi2ztg0ytrkmdm4oc8_yxbpx2tlet0ynja4ota1ndcxmtumbglkptexnszwyxlsb2fkpsu3qiuymnnvdxjjzsuymiuzqsuymmpzc2rrjtiyjtde,2023-10-26 00:00:00+00:00,1,kaggle,-1,0,unknown,0,unknown,0,-1,unknown
https://desktop.bg/,2023-10-26 00:00:00+00:00,0,kaggle,-1,0,unknown,0,unknown,0,-1,unknown
https://www.poetrysoup.com/dictionary/blackletter,2023-10-26 00:00:00+00:00,0,kaggle,-1,0,unknown,0,unknown,0,-1,unknown
https://drive.google.com/file/d/1ux4sjkj2ttkdl63pqon1jy6e4yx4fhr-/edit,2023-10-27 00:00:00+00:00,1,kaggle,-1,0,unknown,0,unknown,0,-1,unknown
http://www.evoadministrador.com/test1/wells/,2023-10-27 00:00:00+00:00,1,kaggle,-1,0,unknown,0,unknown,0,-1,unknown
http://alareentading-catalog.page.tl/,2023-10-27 00:00:00+00:00,1,kaggle,-1,0,unknown,0,unknown,0,-1,unknown
http://www.dukhovnist.in.ua/includes/ourtime,2023-10-27 00:00:00+00:00,1,kaggle,-1,0,unknown,0,unknown,0,-1,unknown
https://www.gympos.sk/,2023-10-27 00:00:00+00:00,0,kaggle,-1,0,unknown,0,unknown,0,-1,unknown
http://www.clipartpanda.com/categories/mickey-mouse-head-clipart,2023-10-27 00:00:00+00:00,0,kaggle,-1,0,unknown,0,unknown,0,-1,unknown
https://www.newlifepca.org/,2023-10-27 00:00:00+00:00,0,kaggle,-1,0,unknown,0,unknown,0,-1,unknown
http://en.rfwiki.org/wiki/image_scanner,2023-10-28 00:00:00+00:00,0,kaggle,-1,0,unknown,0,unknown,0,-1,unknown
https://maryskevos.typeform.com/to/t9zbrn/,2023-10-28 00:00:00+00:00,1,kaggle,-1,0,unknown,0,unknown,0,-1,unknown
http://www.sardogsus.org/,2023-10-28 00:00:00+00:00,0,kaggle,-1,0,unknown,0,unknown,0,-1,unknown
https://www.picturesongold.com/shop/thumbprint-fingerprint-jewelry.html,2023-10-28 00:00:00+00:00,0,kaggle,-1,0,unknown,0,unknown,0,-1,unknown
https://623112j4j3.codesandbox.io/inter/,2023-10-28 00:00:00+00:00,1,kaggle,-1,0,unknown,0,unknown,0,-1,unknown
http://www.excelfunctions.net/remove-hyperlinks-in-excel.html,2023-10-28 00:00:00+00:00,0,kaggle,-1,0,unknown,0,unknown,0,-1,unknown
http://sultanbetgirisadresimiz1.blogspot.com,2023-10-29 00:00:00+00:00,1,kaggle,-1,0,unknown,0,unknown,0,-1,unknown
https://ru.pinterest.com/explore/number-balloons/,2023-10-29 00:00:00+00:00,0,kaggle,-1,0,unknown,0,unknown,0,-1,unknown
http://www.dfshkqbzt.holopokor.com/admine/voscomptes/banqueposataleservice/postale.activation,2023-10-29 00:00:00+00:00,1,kaggle,-1,0,unknown,0,unknown,0,-1,unknown
http://betasusgirisadresimiz.blogspot.com,2023-10-29 00:00:00+00:00,1,kaggle,-1,0,unknown,0,unknown,0,-1,unknown
http://starmak.com.tr/950caaea0281aa2bebed8f9ecca4bd30?sec=redacteddetcader,2023-10-30 00:00:00+00:00,1,kaggle,-1,0,unknown,0,unknown,0,-1,unknown
https://www.facebook.com/toryburch,2023-10-30 00:00:00+00:00,0,kaggle,-1,0,unknown,0,unknown,0,-1,unknown
http://emedicine.medscape.com/article/460178-treatment,2023-10-30 00:00:00+00:00,0,kaggle,-1,0,unknown,0,unknown,0,-1,unknown
https://wwwcentrynetl76.webcindario.com/century-last/century/bank/info/elpsycho/action.html?_branch_match_id=xxxxxxxxxxxxxxxxxx&platform=hootsuite&utm_medium=marketing,2023-10-30 00:00:00+00:00,1,kaggle,-1,0,unknown,0,unknown,0,-1,unknown
http://www.thedigitallandscaping.com/classroom/,2023-10-30 00:00:00+00:00,0,kaggle,-1,0,unknown,0,unknown,0,-1,unknown
http://songmeanings.com/songs/view/3530822107859545054/,2023-10-30 00:00:00+00:00,0,kaggle,-1,0,unknown,0,unknown,0,-1,unknown
http://www.coffeecup.com/free-ftp/,2023-10-30 00:00:00+00:00,0,kaggle,-1,0,unknown,0,unknown,0,-1,unknown
http://www.madmoizelle.com/,2023-10-30 00:00:00+00:00,0,kaggle,-1,0,unknown,0,unknown,0,-1,unknown
https://www.forbes.com/profile/tory-burch/,2023-10-31 00:00:00+00:00,0,kaggle,-1,0,unknown,0,unknown,0,-1,unknown
https://www.evernote.com/shard/s430/client/snv?noteguid=1e315989-372f-4f18-9094-04b8976afbff&amp;notekey=9f2538feedc6675daabd34267b45ad36&amp;sn=https%3a%2f%2fwww.evernote.com%2fshard%2fs430%2fsh%2f1e315989-372f-4f18-9094-04b8976afbff%2f9f2538feedc6675daabd34267b45ad36&amp;title=secured%2bmicrosoft%2bazure%2bfor%2bone%2bdrive%2bcloud%2bcopy,2023-10-31 00:00:00+00:00,1,kaggle,-1,0,unknown,0,unknown,0,-1,unknown
https://visitor.constantcontact.com/manage/update/genemail?v=001mdkvk-kv0ogx0m9pen7vfbkci3jbqh6cxwt2kjr3sl7ocow5ovqfungyvzbl8v8_duuodsn8lwhj811fpm6kwxlapqdeyy1odoji3ctrgf7zxkevpvjffnna-xa9hce5velxaugxxt4=,2023-10-31 00:00:00+00:00,1,kaggle,-1,0,unknown,0,unknown,0,-1,unknown
https://www.facebook.com/iconparking,2023-11-01 00:00:00+00:00,0,kaggle,-1,0,unknown,0,unknown,0,-1,unknown
http://work.chron.com/job-description-truck-dispatcher-25684.html,2023-11-01 00:00:00+00:00,0,kaggle,-1,0,unknown,0,unknown,0,-1,unknown
https://www.quora.com/why-is-the-longest-path-problem-np-complete-given-that-the-shortest-path-problem-is-not-np-complete,2023-11-01 00:00:00+00:00,0,kaggle,-1,0,unknown,0,unknown,0,-1,unknown
http://www.dvdsreleasedates.com/movies/6817/fantastic-beasts-and-where-to-find-them,2023-11-01 00:00:00+00:00,0,kaggle,-1,0,unknown,0,unknown,0,-1,unknown
http://199.192.18.162/~alertchasebnknot/amazon/amazon/,2023-11-01 00:00:00+00:00,1,kaggle,-1,0,unknown,0,unknown,0,-1,unknown
http://support-appleld.com.secureupdate.duilawyeryork.com/ap/deea68a2d404ad7/?cmd=_update&dispatch=deea68a2d404ad74f&locale=_us,2023-11-01 00:00:00+00:00,1,kaggle,-1,0,unknown,0,unknown,0,-1,unknown
http://jcs.biologists.org/content/joces/117/25/6061.full.pdf,2023-11-02 00:00:00+00:00,0,kaggle,-1,0,unknown,0,unknown,0,-1,unknown
http://support-appleld.com.secureupdate.duilawyeryork.com/ap/0457b996874a02b?cmd=_update&dispatch=0457b996874a02ba3&locale=_,2023-11-02 00:00:00+00:00,1,kaggle,-1,0,unknown,0,unknown,0,-1,unknown
http://starlingintlbnk.com,2023-11-02 00:00:00+00:00,1,kaggle,-1,0,unknown,0,unknown,0,-1,unknown
https://microfinancesoft.nn.r.appspot.com/home.html,2023-11-02 00:00:00+00:00,1,kaggle,-1,0,unknown,0,unknown,0,-1,unknown
https://www.internetslang.com/dna-meaning-definition.asp,2023-11-02 00:00:00+00:00,0,kaggle,-1,0,unknown,0,unknown,0,-1,unknown
https://www.testfreaks.com/,2023-11-03 00:00:00+00:00,0,kaggle,-1,0,unknown,0,unknown,0,-1,unknown
http://rudiguvenlik.com/1122/?sec=laura%20huber-eustachi,2023-11-03 00:00:00+00:00,1,kaggle,-1,0,unknown,0,unknown,0,-1,unknown
http://www.nbcsports.com/tv-listings,2023-11-03 00:00:00+00:00,0,kaggle,-1,0,unknown,0,unknown,0,-1,unknown
http://mirebawakaru.tumblr.com,2023-11-03 00:00:00+00:00,0,kaggle,-1,0,unknown,0,unknown,0,-1,unknown
http://www.peoplemakingplaces.com/includes/support/en/log/signin/customer_center/customer-idpp00c644/myaccount/signin,2023-11-04 00:00:00+00:00,1,kaggle,-1,0,unknown,0,unknown,0,-1,unknown
http://159.203.115.201/wp-content/plugins/simple-post-series/nkia/paypal-password-reset.php,2023-11-04 00:00:00+00:00,1,kaggle,-1,0,unknown,0,unknown,0,-1,unknown
http://dorkdiaries.co.uk,2023-11-04 00:00:00+00:00,0,kaggle,-1,0,unknown,0,unknown,0,-1,unknown
http://husolicitors.com.au/administration/update2018/indexgmail.htm,2023-11-04 00:00:00+00:00,1,kaggle,-1,0,unknown,0,unknown,0,-1,unknown
https://sofafactory.org/merx/uploo/?email=rla1347626@hanwha.com,2023-11-04 00:00:00+00:00,1,kaggle,-1,0,unknown,0,unknown,0,-1,unknown
https://en.wikipedia.org/wiki/standard_error,2023-11-04 00:00:00+00:00,0,kaggle,-1,0,unknown,0,unknown,0,-1,unknown
https://www.7mednews.ru/,2023-11-04 00:00:00+00:00,0,kaggle,-1,0,unknown,0,unknown,0,-1,unknown
http://beta.kenaidanceta.com/postamok/d39a2/source/,2023-11-05 00:00:00+00:00,1,kaggle,-1,0,unknown,0,unknown,0,-1,unknown
http://www.pingan.com/app_upload/images/info/upload/5789191e-3019-4370-b8e1-a3a81561d4e3.pdf,2023-11-05 00:00:00+00:00,0,kaggle,-1,0,unknown,0,unknown,0,-1,unknown
https://bfgfs.tumblr.com/#_=_,2023-11-05 00:00:00+00:00,0,kaggle,-1,0,unknown,0,unknown,0,-1,unknown
https://en.wikipedia.org/wiki/air_traffic_controller_(video_game),2023-11-05 00:00:00+00:00,0,kaggle,-1,0,unknown,0,unknown,0,-1,unknown
http://updatemail.my-free.website/,2023-11-05 00:00:00+00:00,1,kaggle,-1,0,unknown,0,unknown,0,-1,unknown
http://www.optique27.com/,2023-11-06 00:00:00+00:00,0,kaggle,-1,0,unknown,0,unknown,0,-1,unknown
http://xh167894743.el.r.appspot.com/wp-content,2023-11-06 00:00:00+00:00,1,kaggle,-1,0,unknown,0,unknown,0,-1,unknown
http://loanemicalculators.com/at_secured/index.php/proxy,2023-11-06 00:00:00+00:00,1,kaggle,-1,0,unknown,0,unknown,0,-1,unknown
http://railroadantiquesco.com/railroadswitch/,2023-11-06 00:00:00+00:00,0,kaggle,-1,0,unknown,0,unknown,0,-1,unknown
https://en.wikipedia.org/wiki/shielded_cable,2023-11-06 00:00:00+00:00,0,kaggle,-1,0,unknown,0,unknown,0,-1,unknown
http://www.calgary.ca/cps/pages/traffic/collisions.aspx,2023-11-06 00:00:00+00:00,0,kaggle,-1,0,unknown,0,unknown,0,-1,unknown
https://for-sale.yakaz.com/digital-cameras,2023-11-06 00:00:00+00:00,0,kaggle,-1,0,unknown,0,unknown,0,-1,unknown
https://www.racermateinc.com/wp-content/uploads/2014/05/vergo.pdf,2023-11-07 00:00:00+00:00,0,kaggle,-1,0,unknown,0,unknown,0,-1,unknown
"https://eclass.uoa.gr/modules/document/file.php/d344/%ce%a3%ce%b7%ce%bc%ce%b5%ce%b9%cf%8e%cf%83%ce%b5%ce%b9%cf%82/targeting,%20segments%20and%20positioning.pdf",2023-11-07 00:00:00+00:00,0,kaggle,-1,0,unknown,0,unknown,0,-1,unknown
http://lbsar.org/,2023-11-07 00:00:00+00:00,0,kaggle,-1,0,unknown,0,unknown,0,-1,unknown
https://www.shelfawareness.org/,2023-11-07 00:00:00+00:00,0,kaggle,-1,0,unknown,0,unknown,0,-1,unknown
https://nimara.dk/,2023-11-07 00:00:00+00:00,0,kaggle,-1,0,unknown,0,unknown,0,-1,unknown
https://www.baku.ru/,2023-11-07 00:00:00+00:00,0,kaggle,-1,0,unknown,0,unknown,0,-1,unknown
https://en.wikipedia.org/wiki/curry,2023-11-08 00:00:00+00:00,0,kaggle,-1,0,unknown,0,unknown,0,-1,unknown
http://www.lilpeep.party/,2023-11-09 00:00:00+00:00,0,kaggle,-1,0,unknown,0,unknown,0,-1,unknown
http://g102d3e13e313e1.com/ap,2023-11-09 00:00:00+00:00,1,kaggle,-1,0,unknown,0,unknown,0,-1,unknown
http://secureupdate.appleld.com.duilawyeryork.com/ap/ea3465dd9f3750c,2023-11-09 00:00:00+00:00,1,kaggle,-1,0,unknown,0,unknown,0,-1,unknown
https://www.psa.ac.uk/,2023-11-09 00:00:00+00:00,0,kaggle,-1,0,unknown,0,unknown,0,-1,unknown
http://www.madehow.com/volume-5/computer-mouse.html,2023-11-10 00:00:00+00:00,0,kaggle,-1,0,unknown,0,unknown,0,-1,unknown
https://www.newjoysf.org/modules/wmich.htm,2023-11-10 00:00:00+00:00,1,kaggle,-1,0,unknown,0,unknown,0,-1,unknown
https://xurl.es/zg2qz,2023-11-10 00:00:00+00:00,1,kaggle,-1,0,unknown,0,unknown,0,-1,unknown
http://exr-pro33.moonfruit.com/,2023-11-10 00:00:00+00:00,1,kaggle,-1,0,unknown,0,unknown,0,-1,unknown
http://incrivel-jjlhocorra.com/produto/1595348378/smartphone-samsung-galaxy-a50-128gb-25mp-tela-6-4-branco-sm-a505gzwszto/p/bc93b1b2gk/te/sga5/&amp;uid=5549404560,2023-11-10 00:00:00+00:00,1,kaggle,-1,0,unknown,0,unknown,0,-1,unknown
http://www.strykertoyhaulers.com/wp-admin/js/online/order.php?rand=13inboxlightaspxn.1774256418&amp;fid.4.1252899642&amp;fid=1&amp;fid=4&amp;fav.1&amp;fav.1&amp;rand.13inboxlight.aspxn.1774256418&amp;fid.1252899642&amp;fid.1&amp;email&amp;.rand=13inboxlight.aspx?n=1774256418,2023-11-10 00:00:00+00:00,1,kaggle,-1,0,unknown,0,unknown,0,-1,unknown
https://soci-molen.web.app/,2023-11-10 00:00:00+00:00,1,kaggle,-1,0,unknown,0,unknown,0,-1,unknown
http://www.marsbahis234.com/tr/,2023-11-11 00:00:00+00:00,1,kaggle,-1,0,unknown,0,unknown,0,-1,unknown
https://bancodbrasilgerenciadorfinanceiro.myinternetsecure.com/empresas/,2023-11-11 00:00:00+00:00,1,kaggle,-1,0,unknown,0,unknown,0,-1,unknown
http://www.marekmazur.pl/urgentdoctoview/,2023-11-11 00:00:00+00:00,1,kaggle,-1,0,unknown,0,unknown,0,-1,unknown
https://us-solar-department.com/d/4/?reqid=11175476&amp;cp=1586&amp;a=591&amp;s=347,2023-11-11 00:00:00+00:00,1,kaggle,-1,0,unknown,0,unknown,0,-1,unknown
http://www.shadetreetechnology.com/v4/validation/ef27f396982a200c0e512f941f4653c2,2023-11-12 00:00:00+00:00,1,kaggle,-1,0,unknown,0,unknown,0,-1,unknown
https://www.disabilitysecrets.com/,2023-11-12 00:00:00+00:00,0,kaggle,-1,0,unknown,0,unknown,0,-1,unknown
http://www.thexfiles.in/,2023-11-12 00:00:00+00:00,0,kaggle,-1,0,unknown,0,unknown,0,-1,unknown
https://www.todopad.es/,2023-11-12 00:00:00+00:00,0,kaggle,-1,0,unknown,0,unknown,0,-1,unknown
https://www.minimoi.com/es/,2023-11-12 00:00:00+00:00,0,kaggle,-1,0,unknown,0,unknown,0,-1,unknown
https://betasus020.blogspot.com,2023-11-12 00:00:00+00:00,1,kaggle,-1,0,unknown,0,unknown,0,-1,unknown
http://wikivisually.com/wiki/internet_radio_device,2023-11-12 00:00:00+00:00,0,kaggle,-1,0,unknown,0,unknown,0,-1,unknown
http://king-pes.blogspot.com,2023-11-13 00:00:00+00:00,0,kaggle,-1,0,unknown,0,unknown,0,-1,unknown
https://zgz5b.codesandbox.io/,2023-11-13 00:00:00+00:00,1,kaggle,-1,0,unknown,0,unknown,0,-1,unknown
http://creditiperhabbogratissicuro100.blogspot.it/2011/02/habbo-crediti-gratis-sicuro-100.html,2023-11-13 00:00:00+00:00,1,kaggle,-1,0,unknown,0,unknown,0,-1,unknown
http://www.icterranuova.it/,2023-11-13 00:00:00+00:00,0,kaggle,-1,0,unknown,0,unknown,0,-1,unknown
http://www.nirsoft.net/utils/wake_on_lan.html,2023-11-13 00:00:00+00:00,0,kaggle,-1,0,unknown,0,unknown,0,-1,unknown
http://www.inspiredtaste.net/19516/mimosa-recipe/,2023-11-13 00:00:00+00:00,0,kaggle,-1,0,unknown,0,unknown,0,-1,unknown
http://www.oliscn.com/cs/,2023-11-13 00:00:00+00:00,1,kaggle,-1,0,unknown,0,unknown,0,-1,unknown
https://itsssl.com/3zhph,2023-11-13 00:00:00+00:00,1,kaggle,-1,0,unknown,0,unknown,0,-1,unknown
http://mail.neve-indoor.nl/~u43730p39181/pki-validation,2023-11-14 00:00:00+00:00,1,kaggle,-1,0,unknown,0,unknown,0,-1,unknown
http://androidflagship.com/5820-vh1-app-finally-android,2023-11-14 00:00:00+00:00,0,kaggle,-1,0,unknown,0,unknown,0,-1,unknown
http://www.teentube1.net/,2023-11-15 00:00:00+00:00,0,kaggle,-1,0,unknown,0,unknown,0,-1,unknown
https://en.wikipedia.org/wiki/computer_memory,2023-11-15 00:00:00+00:00,0,kaggle,-1,0,unknown,0,unknown,0,-1,unknown
http://m.hf739.com/,2023-11-15 00:00:00+00:00,1,kaggle,-1,0,unknown,0,unknown,0,-1,unknown
http://docsfile321937sec83875948yr20n.wm.r.appspot.com/,2023-11-15 00:00:00+00:00,1,kaggle,-1,0,unknown,0,unknown,0,-1,unknown
http://marm0o0lak.persiangig.com,2023-11-16 00:00:00+00:00,1,kaggle,-1,0,unknown,0,unknown,0,-1,unknown
https://623112j4j3.codesandbox.io/inter,2023-11-16 00:00:00+00:00,1,kaggle,-1,0,unknown,0,unknown,0,-1,unknown
http://www.aerialsurvey.com/services/aerial-cameras-digital/,2023-11-16 00:00:00+00:00,0,kaggle,-1,0,unknown,0,unknown,0,-1,unknown
http://kamazcentr.nichost.ru/media/k2,2023-11-16 00:00:00+00:00,1,kaggle,-1,0,unknown,0,unknown,0,-1,unknown
http://testmy.net/,2023-11-16 00:00:00+00:00,0,kaggle,-1,0,unknown,0,unknown,0,-1,unknown
https://docs.google.com/forms/d/e/1faipqlsebaehrre0zq3hwzube5zulldccv6zs6msfe9tb4h6sdm6u1q/viewform,2023-11-16 00:00:00+00:00,1,kaggle,-1,0,unknown,0,unknown,0,-1,unknown
http://firefap.com/lds-temple-baptismal-font.html,2023-11-16 00:00:00+00:00,0,kaggle,-1,0,unknown,0,unknown,0,-1,unknown
http://www.hallwaystreetsigns.com/pdfs/home/1baec2b40858a848369b35612c8fb982/,2023-11-17 00:00:00+00:00,1,kaggle,-1,0,unknown,0,unknown,0,-1,unknown
http://www.hollistershop.gr/fonts/,2023-11-17 00:00:00+00:00,1,kaggle,-1,0,unknown,0,unknown,0,-1,unknown
http://vbf9iuherwiu.wl.r.appspot.com/c:/users/user/downloads,2023-11-17 00:00:00+00:00,1,kaggle,-1,0,unknown,0,unknown,0,-1,unknown
http://www.snuiret.com/amazon/mazon/amazon/,2023-11-17 00:00:00+00:00,1,kaggle,-1,0,unknown,0,unknown,0,-1,unknown
http://inqserve.com/wp/wp-admin/network/fr-fr6963impotsgouv4/espace/sms2.html,2023-11-17 00:00:00+00:00,1,kaggle,-1,0,unknown,0,unknown,0,-1,unknown
https://www.gtc.edu/,2023-11-17 00:00:00+00:00,0,kaggle,-1,0,unknown,0,unknown,0,-1,unknown
https://www.dignityhealthcareers.org/,2023-11-18 00:00:00+00:00,0,kaggle,-1,0,unknown,0,unknown,0,-1,unknown
https://www.lammertbies.nl/comm/cable/parallel.html,2023-11-18 00:00:00+00:00,0,kaggle,-1,0,unknown,0,unknown,0,-1,unknown
https://www.theceshop.com/,2023-11-18 00:00:00+00:00,0,kaggle,-1,0,unknown,0,unknown,0,-1,unknown
http://g8consultores.com.ar/img/,2023-11-18 00:00:00+00:00,1,kaggle,-1,0,unknown,0,unknown,0,-1,unknown
http://vevobahissgir.blogspot.com,2023-11-19 00:00:00+00:00,1,kaggle,-1,0,unknown,0,unknown,0,-1,unknown
http://secureupdate.appleld.com.duilawyeryork.com/ap/e3a3ee09e0f1714,2023-11-19 00:00:00+00:00,1,kaggle,-1,0,unknown,0,unknown,0,-1,unknown
https://www.the-prof-dz.com/,2023-11-19 00:00:00+00:00,0,kaggle,-1,0,unknown,0,unknown,0,-1,unknown
http://www.biology4kids.com/files/cell2_activetran.html,2023-11-19 00:00:00+00:00,0,kaggle,-1,0,unknown,0,unknown,0,-1,unknown
https://www.thekungfustudio.com/,2023-11-20 00:00:00+00:00,0,kaggle,-1,0,unknown,0,unknown,0,-1,unknown
https://alservic-tirmiles.blogspot.com/,2023-11-20 00:00:00+00:00,1,kaggle,-1,0,unknown,0,unknown,0,-1,unknown
http://www.oopseydaisyblog.com/2012/02/mickeymouseparty.html,2023-11-20 00:00:00+00:00,0,kaggle,-1,0,unknown,0,unknown,0,-1,unknown
https://www.analyticsvidhya.com/,2023-11-20 00:00:00+00:00,0,kaggle,-1,0,unknown,0,unknown,0,-1,unknown
https://www.facebook.com/fontanaca,2023-11-20 00:00:00+00:00,0,kaggle,-1,0,unknown,0,unknown,0,-1,unknown
http://www.imdb.com/title?1454029,2023-11-20 00:00:00+00:00,0,kaggle,-1,0,unknown,0,unknown,0,-1,unknown
http://steamcommuunnity.ru.com/,2023-11-20 00:00:00+00:00,1,kaggle,-1,0,unknown,0,unknown,0,-1,unknown
http://www.iscriba.com/,2023-11-20 00:00:00+00:00,0,kaggle,-1,0,unknown,0,unknown,0,-1,unknown
http://faktor.rs/nasulaz/images/cp/cpanel.php,2023-11-20 00:00:00+00:00,1,kaggle,-1,0,unknown,0,unknown,0,-1,unknown
https://support-appleld.com.secureupdate.duilawyeryork.com/ap/2ff2fc79504f310/?cmd=_update&dispatch=2ff2fc79504f310b3&locale=_,2023-11-20 00:00:00+00:00,1,kaggle,-1,0,unknown,0,unknown,0,-1,unknown
http://en.academic.ru/dic.nsf/enwiki/59618,2023-11-21 00:00:00+00:00,0,kaggle,-1,0,unknown,0,unknown,0,-1,unknown
http://testinternetspeed.org/,2023-11-21 00:00:00+00:00,0,kaggle,-1,0,unknown,0,unknown,0,-1,unknown
https://kenalice.tw/,2023-11-21 00:00:00+00:00,0,kaggle,-1,0,unknown,0,unknown,0,-1,unknown
http://www.mathwords.com/s/segment_of_a_circle.htm,2023-11-21 00:00:00+00:00,0,kaggle,-1,0,unknown,0,unknown,0,-1,unknown
https://www.ucoz.ru/,2023-11-21 00:00:00+00:00,0,kaggle,-1,0,unknown,0,unknown,0,-1,unknown
http://moc-kompetensresurs.se/wp-includes/text/update/app/index,2023-11-22 00:00:00+00:00,1,kaggle,-1,0,unknown,0,unknown,0,-1,unknown
http://www.solaripedia.com/files/87,2023-11-22 00:00:00+00:00,0,kaggle,-1,0,unknown,0,unknown,0,-1,unknown
https://www.smallnetbuilder.com/tools/rankers/router/view,2023-11-22 00:00:00+00:00,0,kaggle,-1,0,unknown,0,unknown,0,-1,unknown
http://www.jardinesycampos.es/css/dhll.evo,2023-11-22 00:00:00+00:00,1,kaggle,-1,0,unknown,0,unknown,0,-1,unknown
http://www.famousquotes.com/category/passivity/,2023-11-23 00:00:00+00:00,0,kaggle,-1,0,unknown,0,unknown,0,-1,unknown
https://ru.wikipedia.org/wiki/fiber_to_the_x,2023-11-23 00:00:00+00:00,0,kaggle,-1,0,unknown,0,unknown,0,-1,unknown
http://www.microoyun.com/games/play/traffic-collision-2,2023-11-23 00:00:00+00:00,0,kaggle,-1,0,unknown,0,unknown,0,-1,unknown
https://www.jwhulmeco.com/,2023-11-23 00:00:00+00:00,0,kaggle,-1,0,unknown,0,unknown,0,-1,unknown
https://en.wikipedia.org/wiki/list_of_dynasty_characters,2023-11-24 00:00:00+00:00,0,kaggle,-1,0,unknown,0,unknown,0,-1,unknown
http://www.dictionary.com/browse/select-committee,2023-11-24 00:00:00+00:00,0,kaggle,-1,0,unknown,0,unknown,0,-1,unknown
http://onelink.quickgifts.com/merchant/hopdoddy-burger-bar,2023-11-24 00:00:00+00:00,0,kaggle,-1,0,unknown,0,unknown,0,-1,unknown
https://storage.googleapis.com/bosung/line.html,2023-11-24 00:00:00+00:00,1,kaggle,-1,0,unknown,0,unknown,0,-1,unknown
https://www.britannica.com/biography/voltaire,2023-11-24 00:00:00+00:00,0,kaggle,-1,0,unknown,0,unknown,0,-1,unknown
https://www.tumblr.com/safe-mode?url=http%3a%2f%2fmygirlfriendsaslut.tumblr.com%2f,2023-11-24 00:00:00+00:00,0,kaggle,-1,0,unknown,0,unknown,0,-1,unknown
https://www.facebook.com/mp3clan/,2023-11-25 00:00:00+00:00,0,kaggle,-1,0,unknown,0,unknown,0,-1,unknown
http://djchico.com/css_filles/yahoo/home/index2.php,2023-11-25 00:00:00+00:00,1,kaggle,-1,0,unknown,0,unknown,0,-1,unknown
http://ttdancestudio.com/ap_application/application/controllers/tesla,2023-11-26 00:00:00+00:00,1,kaggle,-1,0,unknown,0,unknown,0,-1,unknown
http://www.shmoop.com/the-help/,2023-11-26 00:00:00+00:00,0,kaggle,-1,0,unknown,0,unknown,0,-1,unknown
https://www.facebook.com/trafficshoe,2023-11-26 00:00:00+00:00,0,kaggle,-1,0,unknown,0,unknown,0,-1,unknown
http://music.eanswers.com/music.eanswers.com/go/,2023-11-27 00:00:00+00:00,1,kaggle,-1,0,unknown,0,unknown,0,-1,unknown
http://www.itisrighi.fg.it/img/de-de/1und1/,2023-11-27 00:00:00+00:00,1,kaggle,-1,0,unknown,0,unknown,0,-1,unknown
http://www.pracujauzivej.cz/portalserver/signin/,2023-11-27 00:00:00+00:00,1,kaggle,-1,0,unknown,0,unknown,0,-1,unknown
http://www.definition.im/close_up_shot,2023-11-27 00:00:00+00:00,0,kaggle,-1,0,unknown,0,unknown,0,-1,unknown
http://ngimmigration.com/english/includes/login.php,2023-11-27 00:00:00+00:00,1,kaggle,-1,0,unknown,0,unknown,0,-1,unknown
http://secureupdate.appleld.com.duilawyeryork.com/ap/5c55457ca1a4179,2023-11-28 00:00:00+00:00,1,kaggle,-1,0,unknown,0,unknown,0,-1,unknown
http://dropbxdocument.yolasite.com/,2023-11-29 00:00:00+00:00,1,kaggle,-1,0,unknown,0,unknown,0,-1,unknown
http://www.savethechildren.org/site/c.8rklixmgipi4e/b.8846449/apps/s/link.asp,2023-11-29 00:00:00+00:00,0,kaggle,-1,0,unknown,0,unknown,0,-1,unknown
http://www.the-crossword-solver.com/word/railroad+switches,2023-11-29 00:00:00+00:00,0,kaggle,-1,0,unknown,0,unknown,0,-1,unknown
http://sophie-world.com/games/port-and-starboard,2023-11-29 00:00:00+00:00,0,kaggle,-1,0,unknown,0,unknown,0,-1,unknown
https://3no.ro/bhs8g,2023-11-29 00:00:00+00:00,1,kaggle,-1,0,unknown,0,unknown,0,-1,unknown
http://www.slideshare.net/rosyqueen98/sms-school,2023-11-29 00:00:00+00:00,0,kaggle,-1,0,unknown,0,unknown,0,-1,unknown
http://thegreatcomicbookheroes.blogspot.com/,2023-11-30 00:00:00+00:00,0,kaggle,-1,0,unknown,0,unknown,0,-1,unknown
https://web-app.at.ua/confirmation.html,2023-12-01 00:00:00+00:00,1,kaggle,-1,0,unknown,0,unknown,0,-1,unknown
https://www.saylor.org/site/wp-content/uploads/2014/12/cs403-1.10-database-design-2nd-edition-ccby.pdf,2023-12-01 00:00:00+00:00,0,kaggle,-1,0,unknown,0,unknown,0,-1,unknown
http://everything.explained.today/database_transaction/,2023-12-01 00:00:00+00:00,0,kaggle,-1,0,unknown,0,unknown,0,-1,unknown
https://bancolombiasa-sa.webcindario.com/,2023-12-01 00:00:00+00:00,1,kaggle,-1,0,unknown,0,unknown,0,-1,unknown
http://216.222.194.94/images/social/sign-in/,2023-12-01 00:00:00+00:00,1,kaggle,-1,0,unknown,0,unknown,0,-1,unknown
https://www.offshoreenergytoday.com/,2023-12-02 00:00:00+00:00,0,kaggle,-1,0,unknown,0,unknown,0,-1,unknown
http://www.ntu.edu.sg/home/ehchua/programming/sql/relational_database_design.html,2023-12-02 00:00:00+00:00,0,kaggle,-1,0,unknown,0,unknown,0,-1,unknown
http://www.srms.ac.in/,2023-12-02 00:00:00+00:00,0,kaggle,-1,0,unknown,0,unknown,0,-1,unknown
https://www.davidwinogrondspacetet.com/0/msgdelivery/pending/error.php?email=hein.pretorius@fin-q.com,2023-12-02 00:00:00+00:00,1,kaggle,-1,0,unknown,0,unknown,0,-1,unknown
http://en.academic.ru/dic.nsf/enwiki/6188698,2023-12-02 00:00:00+00:00,0,kaggle,-1,0,unknown,0,unknown,0,-1,unknown
http://www.flixens.com/director/brian-stanley-james-white,2023-12-03 00:00:00+00:00,0,kaggle,-1,0,unknown,0,unknown,0,-1,unknown
https://en.wikipedia.org/wiki/electromagnetic_shielding,2023-12-03 00:00:00+00:00,0,kaggle,-1,0,unknown,0,unknown,0,-1,unknown
http://mailru.aiq.ru,2023-12-03 00:00:00+00:00,1,kaggle,-1,0,unknown,0,unknown,0,-1,unknown
http://www.thefreedictionary.com/curry,2023-12-03 00:00:00+00:00,0,kaggle,-1,0,unknown,0,unknown,0,-1,unknown
http://www.savitari.com/,2023-12-03 00:00:00+00:00,0,kaggle,-1,0,unknown,0,unknown,0,-1,unknown
https://www.mrgscience.com/,2023-12-04 00:00:00+00:00,0,kaggle,-1,0,unknown,0,unknown,0,-1,unknown
http://everything.explained.today/aurelio_voltaire/,2023-12-04 00:00:00+00:00,0,kaggle,-1,0,unknown,0,unknown,0,-1,unknown
http://amidabuli.com/,2023-12-04 00:00:00+00:00,1,kaggle,-1,0,unknown,0,unknown,0,-1,unknown
http://marchearningstatment.ontrapages.com/,2023-12-04 00:00:00+00:00,1,kaggle,-1,0,unknown,0,unknown,0,-1,unknown
http://betasus778.blogspot.com,2023-12-05 00:00:00+00:00,1,kaggle,-1,0,unknown,0,unknown,0,-1,unknown
https://www.hwxnet.com/,2023-12-05 00:00:00+00:00,0,kaggle,-1,0,unknown,0,unknown,0,-1,unknown
https://squamish.ca/assets/pdf/3.11-transportation-hub-report-bunt-march-2009.pdf,2023-12-05 00:00:00+00:00,0,kaggle,-1,0,unknown,0,unknown,0,-1,unknown
https://www.computerhope.com/keys.htm,2023-12-05 00:00:00+00:00,0,kaggle,-1,0,unknown,0,unknown,0,-1,unknown
https://biology.stackexchange.com/questions/30787/simplified-molecular-input-line-entry-system/30826,2023-12-05 00:00:00+00:00,0,kaggle,-1,0,unknown,0,unknown,0,-1,unknown
https://www.hondacivicforum.com/forum/routine-maintenance-diys-73/manual-transmission-fluid-change-82610/,2023-12-05 00:00:00+00:00,0,kaggle,-1,0,unknown,0,unknown,0,-1,unknown
https://www.bridgedoctor.com/faq-solo.php,2023-12-05 00:00:00+00:00,0,kaggle,-1,0,unknown,0,unknown,0,-1,unknown
https://www.mymajors.com/career/computer-network-architects/salary/,2023-12-05 00:00:00+00:00,0,kaggle,-1,0,unknown,0,unknown,0,-1,unknown
http://www.bedbugs.org/insecticide/,2023-12-06 00:00:00+00:00,0,kaggle,-1,0,unknown,0,unknown,0,-1,unknown
http://www.nicolettescatering.com/wp-admin/css/secure/doc043367/,2023-12-06 00:00:00+00:00,1,kaggle,-1,0,unknown,0,unknown,0,-1,unknown
http://edition.cnn.com/2013/07/26/world/kyoto-protocol-fast-facts,2023-12-06 00:00:00+00:00,0,kaggle,-1,0,unknown,0,unknown,0,-1,unknown
https://www.ideo.com/jobs,2023-12-06 00:00:00+00:00,0,kaggle,-1,0,unknown,0,unknown,0,-1,unknown
http://www.tech-faq.com/transactional-database.html,2023-12-06 00:00:00+00:00,0,kaggle,-1,0,unknown,0,unknown,0,-1,unknown
http://www.tsmplug.com/tennis/australian-open-prize-money/,2023-12-06 00:00:00+00:00,0,kaggle,-1,0,unknown,0,unknown,0,-1,unknown
http://shadetreetechnology.com/v4/validation/6b56e6074ebf89d211ecad3a02365b4e,2023-12-07 00:00:00+00:00,1,kaggle,-1,0,unknown,0,unknown,0,-1,unknown
https://www.roboticseducation.org/,2023-12-07 00:00:00+00:00,0,kaggle,-1,0,unknown,0,unknown,0,-1,unknown
http://app.dialoginsight.com/t/ofc4/l2s/3888/b2685608/xrko/737015/27934048/ehc0tg/1/1627685/vdr2npao/i/749903/y3ulz4.html,2023-12-07 00:00:00+00:00,1,kaggle,-1,0,unknown,0,unknown,0,-1,unknown
http://pdpics.com/,2023-12-07 00:00:00+00:00,0,kaggle,-1,0,unknown,0,unknown,0,-1,unknown
https://moz.com/beginners-guide-to-seo,2023-12-07 00:00:00+00:00,0,kaggle,-1,0,unknown,0,unknown,0,-1,unknown
http://yovcxm.com/chase/chase/ef195f766730a0948243465f61f8ac8d/,2023-12-08 00:00:00+00:00,1,kaggle,-1,0,unknown,0,unknown,0,-1,unknown
https://www.merriam-webster.com/dictionary/peripheral%20neuropathy,2023-12-08 00:00:00+00:00,0,kaggle,-1,0,unknown,0,unknown,0,-1,unknown
https://vzkzuzwegfymgnhzcgew.top/yusei/,2023-12-09 00:00:00+00:00,1,kaggle,-1,0,unknown,0,unknown,0,-1,unknown
http://tekyteach.blogspot.com,2023-12-09 00:00:00+00:00,0,kaggle,-1,0,unknown,0,unknown,0,-1,unknown
http://secureupdate.appleld.com.duilawyeryork.com/ap/e27837400e29270,2023-12-09 00:00:00+00:00,1,kaggle,-1,0,unknown,0,unknown,0,-1,unknown
http://www.apronus.com/music/flashpiano.htm,2023-12-09 00:00:00+00:00,0,kaggle,-1,0,unknown,0,unknown,0,-1,unknown
http://www.boomsbeat.com/articles/130371/20161007/top-best-5-cheap-iphone-7-headphone-jack-adapter-for-sale-2016-review.htm,2023-12-09 00:00:00+00:00,0,kaggle,-1,0,unknown,0,unknown,0,-1,unknown
http://dictionary.sensagent.com/computer%20font/en-en/,2023-12-09 00:00:00+00:00,0,kaggle,-1,0,unknown,0,unknown,0,-1,unknown
http://visa.com-vmore-7149313398.imagelinetech.com/,2023-12-09 00:00:00+00:00,1,kaggle,-1,0,unknown,0,unknown,0,-1,unknown
http://en.academic.ru/dic.nsf/enwiki/9336585,2023-12-09 00:00:00+00:00,0,kaggle,-1,0,unknown,0,unknown,0,-1,unknown
http://www.abbreviations.com/abbreviation/database+transaction+unit,2023-12-09 00:00:00+00:00,0,kaggle,-1,0,unknown,0,unknown,0,-1,unknown
http://www.findsounds.com/isapi/search.dll?keywords=modem,2023-12-09 00:00:00+00:00,0,kaggle,-1,0,unknown,0,unknown,0,-1,unknown
https://www.astrologyonline.eu/astro_memonew/profilo.asp,2023-12-09 00:00:00+00:00,0,kaggle,-1,0,unknown,0,unknown,0,-1,unknown
http://paypalsupport1ng.webcindario.com/paypal.html,2023-12-10 00:00:00+00:00,1,kaggle,-1,0,unknown,0,unknown,0,-1,unknown
https://tyy756dfxas.appspot.com/,2023-12-10 00:00:00+00:00,1,kaggle,-1,0,unknown,0,unknown,0,-1,unknown
http://my-project-1-6316.ue.r.appspot.com/home.html,2023-12-10 00:00:00+00:00,1,kaggle,-1,0,unknown,0,unknown,0,-1,unknown
http://www.allaboutscience.org/dna-replication.htm,2023-12-10 00:00:00+00:00,0,kaggle,-1,0,unknown,0,unknown,0,-1,unknown
https://www.blackswallow.com.au/,2023-12-11 00:00:00+00:00,0,kaggle,-1,0,unknown,0,unknown,0,-1,unknown
https://www.howtogeek.com/197348/how-to-clear-your-google-search-history-on-android/,2023-12-11 00:00:00+00:00,0,kaggle,-1,0,unknown,0,unknown,0,-1,unknown
https://www.maximaequisport.ru/,2023-12-12 00:00:00+00:00,0,kaggle,-1,0,unknown,0,unknown,0,-1,unknown
http://www.climbingweather.com/iowa/backbone-state-park,2023-12-12 00:00:00+00:00,0,kaggle,-1,0,unknown,0,unknown,0,-1,unknown
https://newsite.tessolve.in/wp-admin/meta/atversion/verify_attttttttt/new%20yahoomassstore/,2023-12-12 00:00:00+00:00,1,kaggle,-1,0,unknown,0,unknown,0,-1,unknown
https://www.uzayspor.com/,2023-12-12 00:00:00+00:00,0,kaggle,-1,0,unknown,0,unknown,0,-1,unknown
http://www.elsoog.com/limited/index.php,2023-12-12 00:00:00+00:00,1,kaggle,-1,0,unknown,0,unknown,0,-1,unknown
http://www.bgdirectory.net/js/d2ea8119bfa902cda87f0e353702b0b4,2023-12-12 00:00:00+00:00,1,kaggle,-1,0,unknown,0,unknown,0,-1,unknown
http://www.typosfera.net/,2023-12-12 00:00:00+00:00,0,kaggle,-1,0,unknown,0,unknown,0,-1,unknown
http://www.mikulaskocogas.hu/pages/hun/default.aspx,2023-12-12 00:00:00+00:00,1,kaggle,-1,0,unknown,0,unknown,0,-1,unknown
http://faculty.uca.edu/benw/biol4415/papers/mickey.pdf,2023-12-13 00:00:00+00:00,0,kaggle,-1,0,unknown,0,unknown,0,-1,unknown
http://www.investopedia.com/terms/s/standard-error.asp,2023-12-13 00:00:00+00:00,0,kaggle,-1,0,unknown,0,unknown,0,-1,unknown
http://www.laesieworks.com/digicom/storage_cd.html,2023-12-13 00:00:00+00:00,0,kaggle,-1,0,unknown,0,unknown,0,-1,unknown
http://www.dafont.com/computerfont.font,2023-12-13 00:00:00+00:00,0,kaggle,-1,0,unknown,0,unknown,0,-1,unknown
https://www.tazedirekt.com/,2023-12-13 00:00:00+00:00,0,kaggle,-1,0,unknown,0,unknown,0,-1,unknown
http://35.188.36.185/paypal/www.paypal.com/website/,2023-12-14 00:00:00+00:00,1,kaggle,-1,0,unknown,0,unknown,0,-1,unknown
https://www.sanmarinohs.org/,2023-12-14 00:00:00+00:00,0,kaggle,-1,0,unknown,0,unknown,0,-1,unknown
https://www.zestbeauty.com/?sid=mdusd9esm3hqpsbrgd4el8dah6,2023-12-14 00:00:00+00:00,0,kaggle,-1,0,unknown,0,unknown,0,-1,unknown
http://mp3clan.com/,2023-12-15 00:00:00+00:00,0,kaggle,-1,0,unknown,0,unknown,0,-1,unknown
https://webank-info.com/,2023-12-15 00:00:00+00:00,1,kaggle,-1,0,unknown,0,unknown,0,-1,unknown
http://teploseti.zp.ua,2023-12-15 00:00:00+00:00,0,kaggle,-1,0,unknown,0,unknown,0,-1,unknown
https://www.adorable-kids.com/default.asp,2023-12-15 00:00:00+00:00,0,kaggle,-1,0,unknown,0,unknown,0,-1,unknown
https://parafiaczarkow.ns48.pl/media/cms/sella/,2023-12-16 00:00:00+00:00,1,kaggle,-1,0,unknown,0,unknown,0,-1,unknown
http://ftp.warfacebonus.hop.ru,2023-12-16 00:00:00+00:00,1,kaggle,-1,0,unknown,0,unknown,0,-1,unknown
https://math.dartmouth.edu/archive/m54x12/public_html/m54lecture14.pdf,2023-12-16 00:00:00+00:00,0,kaggle,-1,0,unknown,0,unknown,0,-1,unknown
http://cryptomining-blog.com/tag/video-card-mining/,2023-12-16 00:00:00+00:00,0,kaggle,-1,0,unknown,0,unknown,0,-1,unknown
http://highered.mheducation.com/sites/0072943696/student_view0/chapter3/animation__dna_replication__quiz_1_.html,2023-12-16 00:00:00+00:00,0,kaggle,-1,0,unknown,0,unknown,0,-1,unknown
https://www.jiaxincloud.com/,2023-12-17 00:00:00+00:00,0,kaggle,-1,0,unknown,0,unknown,0,-1,unknown
http://www.bastelitis.de/,2023-12-17 00:00:00+00:00,0,kaggle,-1,0,unknown,0,unknown,0,-1,unknown
https://www.computerhope.com/issues/ch000677.htm,2023-12-17 00:00:00+00:00,0,kaggle,-1,0,unknown,0,unknown,0,-1,unknown
http://adrienneo.dreamhosters.com/wwpp11/zksk2fzghrn2v7yauakbythxkmycm28uqivrus/home/oohay.php,2023-12-17 00:00:00+00:00,1,kaggle,-1,0,unknown,0,unknown,0,-1,unknown
http://www.evasai.com/feeds/posts/default?orderby=updated,2023-12-17 00:00:00+00:00,1,kaggle,-1,0,unknown,0,unknown,0,-1,unknown
http://hostpoint.ch.gbp-events.com.prunauneau.fr/943070958193827623/,2023-12-18 00:00:00+00:00,1,kaggle,-1,0,unknown,0,unknown,0,-1,unknown
http://www.zautra.by/,2023-12-18 00:00:00+00:00,0,kaggle,-1,0,unknown,0,unknown,0,-1,unknown
https://forms.office.com/pages/responsepage.aspx?id=dqsikwdsw0yxejajblztrqaaaaaaaaaaaaz__g2q2wzuq1zynjq1wfhjr1y3wtrsszlxwthywljxrs4u,2023-12-18 00:00:00+00:00,1,kaggle,-1,0,unknown,0,unknown,0,-1,unknown
https://www.magnumelectronics.com/default.asp,2023-12-18 00:00:00+00:00,0,kaggle,-1,0,unknown,0,unknown,0,-1,unknown
https://bancolombia-s-a.webcindario.com/,2023-12-19 00:00:00+00:00,1,kaggle,-1,0,unknown,0,unknown,0,-1,unknown
https://serverinfo1policy.blogspot.com?e=y2hpbgxlcnnadgpzbm93lmnvbq==,2023-12-19 00:00:00+00:00,1,kaggle,-1,0,unknown,0,unknown,0,-1,unknown
http://jeticdesigns.asia/wp-includes/js/tinymce/plugins/hr/content/update/webmail.php,2023-12-19 00:00:00+00:00,1,kaggle,-1,0,unknown,0,unknown,0,-1,unknown
https://www.shoutmeloud.com/delete-google-search-history.html,2023-12-19 00:00:00+00:00,0,kaggle,-1,0,unknown,0,unknown,0,-1,unknown
https://klsjdlfkjqslfkjsdlkfjldsfjldsf.blogspot.com/,2023-12-19 00:00:00+00:00,1,kaggle,-1,0,unknown,0,unknown,0,-1,unknown
http://www.neutralsources.com/-/re.html,2023-12-19 00:00:00+00:00,1,kaggle,-1,0,unknown,0,unknown,0,-1,unknown
http://www.pcmag.com/encyclopedia/term/48642/osi-model,2023-12-19 00:00:00+00:00,0,kaggle,-1,0,unknown,0,unknown,0,-1,unknown
http://manual.audacityteam.org/man/latency_test.html,2023-12-20 00:00:00+00:00,0,kaggle,-1,0,unknown,0,unknown,0,-1,unknown
http://www.cndoubleegret.com/admin/secure/cmd-login=fc57e7f7e3afa9af443c1aabe31bde5e/?reff=nmniogy1nzljytq2ntrmywvkotlizwqynddjnte3mmy=&amp;user=abuse@iveco.com,2023-12-20 00:00:00+00:00,1,kaggle,-1,0,unknown,0,unknown,0,-1,unknown
http://www.google.co.id/patents/us6219419,2023-12-20 00:00:00+00:00,0,kaggle,-1,0,unknown,0,unknown,0,-1,unknown
http://ceramic-pro.gr,2023-12-20 00:00:00+00:00,0,kaggle,-1,0,unknown,0,unknown,0,-1,unknown
http://mudahpayroll.com/license.html,2023-12-20 00:00:00+00:00,1,kaggle,-1,0,unknown,0,unknown,0,-1,unknown
https://ppc.kopiherba.com/htn?rs=zh9wlg9ma2kcla92k2ppahzxykcdomzjcgkjy31y/abuse%40ethz.ch,2023-12-21 00:00:00+00:00,1,kaggle,-1,0,unknown,0,unknown,0,-1,unknown
http://searchnetworking.techtarget.com/definition/client-server,2023-12-21 00:00:00+00:00,0,kaggle,-1,0,unknown,0,unknown,0,-1,unknown
https://docs.oracle.com/cd/e11035_01/wls100/client/thinclient.html,2023-12-21 00:00:00+00:00,0,kaggle,-1,0,unknown,0,unknown,0,-1,unknown
http://www.princehotels.com/,2023-12-22 00:00:00+00:00,0,kaggle,-1,0,unknown,0,unknown,0,-1,unknown
http://stattrek.com/statistics/dictionary.aspx?definition=standard%20error,2023-12-22 00:00:00+00:00,0,kaggle,-1,0,unknown,0,unknown,0,-1,unknown
http://lg-led-culture.com/modules/blocksearch/presto.php,2023-12-22 00:00:00+00:00,1,kaggle,-1,0,unknown,0,unknown,0,-1,unknown
https://www.skirmshop.nl/en/,2023-12-22 00:00:00+00:00,0,kaggle,-1,0,unknown,0,unknown,0,-1,unknown
http://www.fireplacesurrounds.co.za/info/auth/view/share/,2023-12-22 00:00:00+00:00,1,kaggle,-1,0,unknown,0,unknown,0,-1,unknown
http://www.geekinterview.com/question_details/66711,2023-12-22 00:00:00+00:00,0,kaggle,-1,0,unknown,0,unknown,0,-1,unknown
http://www.fifplay.com/fifa-18-nintendo-switch/,2023-12-22 00:00:00+00:00,0,kaggle,-1,0,unknown,0,unknown,0,-1,unknown
http://posmanager.ecobank.group/,2023-12-23 00:00:00+00:00,1,kaggle,-1,0,unknown,0,unknown,0,-1,unknown
https://www.blulink.pl/,2023-12-23 00:00:00+00:00,0,kaggle,-1,0,unknown,0,unknown,0,-1,unknown
https://fr.imsly.com/direct/ahr0chm6ly93d3cuzmfjzwjvb2suy29tl2ltchjlc3npb24ucghwl2yznmzhyzcymtm5y2y2nc8_bglkptexnszwyxlsb2fkpsu3qiuymnnvdxjjzsuymiuzqsuymmpzc2rrjtiyjtde,2023-12-24 00:00:00+00:00,1,kaggle,-1,0,unknown,0,unknown,0,-1,unknown
https://www.fortrader.com/,2023-12-24 00:00:00+00:00,1,kaggle,-1,0,unknown,0,unknown,0,-1,unknown
http://betasuscom.blogspot.com,2023-12-24 00:00:00+00:00,1,kaggle,-1,0,unknown,0,unknown,0,-1,unknown
http://www.destroyalllines.com/,2023-12-24 00:00:00+00:00,0,kaggle,-1,0,unknown,0,unknown,0,-1,unknown
http://www.palmeronicorp.com/softsoftwsweet,2023-12-24 00:00:00+00:00,1,kaggle,-1,0,unknown,0,unknown,0,-1,unknown
https://bit.ly/3fxfmmh,2023-12-24 00:00:00+00:00,1,kaggle,-1,0,unknown,0,unknown,0,-1,unknown
http://thehelpcompany.com/jobs/,2023-12-25 00:00:00+00:00,0,kaggle,-1,0,unknown,0,unknown,0,-1,unknown
http://www.iconparkingsystems.com/,2023-12-25 00:00:00+00:00,0,kaggle,-1,0,unknown,0,unknown,0,-1,unknown
https://www.theclubmap.com/,2023-12-25 00:00:00+00:00,0,kaggle,-1,0,unknown,0,unknown,0,-1,unknown
https://mainframecustom.com/shop/custom-sleeved-extensions/24pin-sleeved-cable-extension/,2023-12-25 00:00:00+00:00,0,kaggle,-1,0,unknown,0,unknown,0,-1,unknown
https://www.searchenginejournal.com/seo-101-getting-page-seo-basics/97871/,2023-12-25 00:00:00+00:00,0,kaggle,-1,0,unknown,0,unknown,0,-1,unknown
http://labelleillustration.blogspot.com/,2023-12-25 00:00:00+00:00,0,kaggle,-1,0,unknown,0,unknown,0,-1,unknown
https://ezoomeranggrow.com/web/english/index.php?email,2023-12-25 00:00:00+00:00,1,kaggle,-1,0,unknown,0,unknown,0,-1,unknown
http://exoteambd.blogspot.com/,2023-12-25 00:00:00+00:00,0,kaggle,-1,0,unknown,0,unknown,0,-1,unknown
https://bibliotecabayer.org.ar/wp-admin/inz/att/,2023-12-26 00:00:00+00:00,1,kaggle,-1,0,unknown,0,unknown,0,-1,unknown
http://webguru.asia/promo/y/y/m.i.php?.rand=13inboxlight.aspx?n=177425,2023-12-26 00:00:00+00:00,1,kaggle,-1,0,unknown,0,unknown,0,-1,unknown
https://www.fenixconstrucciones.com/,2023-12-26 00:00:00+00:00,0,kaggle,-1,0,unknown,0,unknown,0,-1,unknown
http://fashion4u.shop,2023-12-26 00:00:00+00:00,0,kaggle,-1,0,unknown,0,unknown,0,-1,unknown
https://www.barclaycard.co.uk/business/accepting-payments/corporate-payment-solutions/payment-gateway-solutions/online,2023-12-26 00:00:00+00:00,0,kaggle,-1,0,unknown,0,unknown,0,-1,unknown
https://support-appleld.com.secureupdate.duilawyeryork.com/ap/7d2610d2c83c4b1/?cmd=_update&dispatch=7d2610d2c83c4b114&locale=_us,2023-12-27 00:00:00+00:00,1,kaggle,-1,0,unknown,0,unknown,0,-1,unknown
http://lamvb.czweb.org/ar.htm,2023-12-27 00:00:00+00:00,1,kaggle,-1,0,unknown,0,unknown,0,-1,unknown
http://giaanhvu.com.vn/wp-content/languages/plugins/cladoselachidae/,2023-12-27 00:00:00+00:00,1,kaggle,-1,0,unknown,0,unknown,0,-1,unknown
https://en.wikipedia.org/wiki/packet_analyzer,2023-12-27 00:00:00+00:00,0,kaggle,-1,0,unknown,0,unknown,0,-1,unknown
http://basecampresto.co.id/mx/admin/crypt/index.html,2023-12-27 00:00:00+00:00,1,kaggle,-1,0,unknown,0,unknown,0,-1,unknown
https://transfer.paxful.boubit.com/,2023-12-27 00:00:00+00:00,1,kaggle,-1,0,unknown,0,unknown,0,-1,unknown
http://qnimate.com/speech-recognition-and-synthesis-using-javascript/,2023-12-27 00:00:00+00:00,0,kaggle,-1,0,unknown,0,unknown,0,-1,unknown
https://www.omnicalculator.com/health/cardiac-output,2023-12-28 00:00:00+00:00,0,kaggle,-1,0,unknown,0,unknown,0,-1,unknown
https://alexandraverney.co.uk/view/inc,2023-12-28 00:00:00+00:00,1,kaggle,-1,0,unknown,0,unknown,0,-1,unknown
https://nabagejec1893.blogspot.com/,2023-12-28 00:00:00+00:00,1,kaggle,-1,0,unknown,0,unknown,0,-1,unknown
https://www.merriam-webster.com/dictionary/black%20letter,2023-12-28 00:00:00+00:00,0,kaggle,-1,0,unknown,0,unknown,0,-1,unknown
https://pesstaplus.raharja.ac.id/vendor/phpunit/phpunit/src/util/php/de/xi/demx/index.php,2023-12-28 00:00:00+00:00,1,kaggle,-1,0,unknown,0,unknown,0,-1,unknown
https://sura.careervidi.com/o1d?rs=z4nwlg5ncmkcla50w5qyahd1ykcdomzmbmkjy31y/abuse%40ethz.ch,2023-12-28 00:00:00+00:00,1,kaggle,-1,0,unknown,0,unknown,0,-1,unknown
https://www.plus-de-bulles.com/,2023-12-28 00:00:00+00:00,0,kaggle,-1,0,unknown,0,unknown,0,-1,unknown
http://archives.math.utk.edu/visual.calculus/0/domain.1/,2023-12-28 00:00:00+00:00,0,kaggle,-1,0,unknown,0,unknown,0,-1,unknown
https://www.papermasters.com/freud-latency-stage.html,2023-12-29 00:00:00+00:00,0,kaggle,-1,0,unknown,0,unknown,0,-1,unknown
https://www.djshop.de/de/home/1,2023-12-29 00:00:00+00:00,0,kaggle,-1,0,unknown,0,unknown,0,-1,unknown
https://en.wikipedia.org/wiki/nokia_3310,2023-12-29 00:00:00+00:00,0,kaggle,-1,0,unknown,0,unknown,0,-1,unknown
https://forms.office.com/pages/responsepage.aspx?id=dqsikwdsw0yxejajblztrqaaaaaaaaaaaao__st2w_bundewnvffvudvuu1bnjq2sfbztusxwe1rnc4u,2023-12-29 00:00:00+00:00,1,kaggle,-1,0,unknown,0,unknown,0,-1,unknown
http://www.math-salamanders.com/decimal-number-line.html,2023-12-29 00:00:00+00:00,0,kaggle,-1,0,unknown,0,unknown,0,-1,unknown
https://www.promosdaddy.com/,2023-12-29 00:00:00+00:00,0,kaggle,-1,0,unknown,0,unknown,0,-1,unknown
http://www.yourdictionary.com/public-domain,2023-12-29 00:00:00+00:00,0,kaggle,-1,0,unknown,0,unknown,0,-1,unknown
https://www.tumblr.com/safe-mode?url=https%3a%2f%2fbuldgebrothers.tumblr.com%2f,2023-12-29 00:00:00+00:00,0,kaggle,-1,0,unknown,0,unknown,0,-1,unknown
https://sunge-ode.firebaseapp.com/,2023-12-29 00:00:00+00:00,1,kaggle,-1,0,unknown,0,unknown,0,-1,unknown
https://vantlenatel.files.wordpress.com/2015/07/friday-tv-schedule-nbc.pdf,2023-12-30 00:00:00+00:00,0,kaggle,-1,0,unknown,0,unknown,0,-1,unknown
http://www.fiber-optic-tutorial.com/,2023-12-30 00:00:00+00:00,0,kaggle,-1,0,unknown,0,unknown,0,-1,unknown
http://www.iptvlinksfree.com/,2023-12-30 00:00:00+00:00,0,kaggle,-1,0,unknown,0,unknown,0,-1,unknown
http://io9.gizmodo.com/the-secrets-to-handling-passive-aggressive-people-1681127156,2023-12-30 00:00:00+00:00,0,kaggle,-1,0,unknown,0,unknown,0,-1,unknown
https://vexorsites.com.br/mail/excelzz/bizmail.php?email=&amp;_rand=13vqcr8bp0gud&amp;lc=1033&amp;id=64855&amp;mkt=en-us&amp;cbcxt=mai&amp;snsc=1,2023-12-30 00:00:00+00:00,1,kaggle,-1,0,unknown,0,unknown,0,-1,unknown
https://www.myweddingday.in/support.update-your-account-information,2023-12-31 00:00:00+00:00,1,kaggle,-1,0,unknown,0,unknown,0,-1,unknown
https://www.studyincanada.com/,2023-12-31 00:00:00+00:00,0,kaggle,-1,0,unknown,0,unknown,0,-1,unknown
https://jucabas.000webhostapp.com/,2023-12-31 00:00:00+00:00,1,kaggle,-1,0,unknown,0,unknown,0,-1,unknown
http://searchsecurity.techtarget.com/definition/firewall,2023-12-31 00:00:00+00:00,0,kaggle,-1,0,unknown,0,unknown,0,-1,unknown
https://www.cwnfilmfest.com/linkedin.com/linkedin/linkedin.html?aqqkadawatmwmaitmmzin,2024-01-01 00:00:00+00:00,1,kaggle,-1,0,unknown,0,unknown,0,-1,unknown
http://redeem.backtoblackvinyl.com,2024-01-01 00:00:00+00:00,0,kaggle,-1,0,unknown,0,unknown,0,-1,unknown
http://go.libertymotorsonline.com/,2024-01-01 00:00:00+00:00,1,kaggle,-1,0,unknown,0,unknown,0,-1,unknown
http://alhsgov.weebly.com/uploads/1/1/3/9/11393097/policy-review.pdf,2024-01-01 00:00:00+00:00,0,kaggle,-1,0,unknown,0,unknown,0,-1,unknown
http://www.danielbranch.com/,2024-01-01 00:00:00+00:00,0,kaggle,-1,0,unknown,0,unknown,0,-1,unknown
https://abelfer.wordpress.com/,2024-01-01 00:00:00+00:00,0,kaggle,-1,0,unknown,0,unknown,0,-1,unknown
https://sites.google.com/view/eddxz/%d8%a7%d9%84%d8%b5%d9%81%d8%ad%d8%a9-%d8%a7%d9%84%d8%b1%d8%a6%d9%8a%d8%b3%d9%8a%d8%a9,2024-01-01 00:00:00+00:00,1,kaggle,-1,0,unknown,0,unknown,0,-1,unknown
http://es-file-explorer.en.uptodown.com/android,2024-01-02 00:00:00+00:00,0,kaggle,-1,0,unknown,0,unknown,0,-1,unknown
https://www.crazygames.com/t/clicking,2024-01-02 00:00:00+00:00,0,kaggle,-1,0,unknown,0,unknown,0,-1,unknown
http://www.bargainballoons.com/10browse.asp?category=jumbo%20number%20balloon,2024-01-02 00:00:00+00:00,0,kaggle,-1,0,unknown,0,unknown,0,-1,unknown
http://www.support-appleld.com.secureupdate.duilawyeryork.com/ap/fa6e24609f44a23/?cmd=_update&dispatch=fa6e24609f44a2344&locale=_,2024-01-02 00:00:00+00:00,1,kaggle,-1,0,unknown,0,unknown,0,-1,unknown
http://www.dartmouth.edu/~rswenson/neurosci/chapter_3.html,2024-01-03 00:00:00+00:00,0,kaggle,-1,0,unknown,0,unknown,0,-1,unknown
http://community.linksys.com/t5/wireless-routers/bd-p/wireless_routers,2024-01-03 00:00:00+00:00,0,kaggle,-1,0,unknown,0,unknown,0,-1,unknown
https://kinglolosifersefvcie.blogspot.com/,2024-01-03 00:00:00+00:00,1,kaggle,-1,0,unknown,0,unknown,0,-1,unknown
https://likewap.top/,2024-01-04 00:00:00+00:00,0,kaggle,-1,0,unknown,0,unknown,0,-1,unknown
http://aksoydanismanlik.com/microsoft/microsoft,2024-01-04 00:00:00+00:00,1,kaggle,-1,0,unknown,0,unknown,0,-1,unknown
http://www.les-plus-beaux-campings.com/,2024-01-04 00:00:00+00:00,0,kaggle,-1,0,unknown,0,unknown,0,-1,unknown
http://projonmowave.com/wp-admin/includes/hjk/vn/wellsfargo/wells/wells.htm,2024-01-04 00:00:00+00:00,1,kaggle,-1,0,unknown,0,unknown,0,-1,unknown
https://diesel.ie/,2024-01-04 00:00:00+00:00,0,kaggle,-1,0,unknown,0,unknown,0,-1,unknown
https://fr.cam.exposed/,2024-01-04 00:00:00+00:00,1,kaggle,-1,0,unknown,0,unknown,0,-1,unknown
http://www.coolmath-games.com/0-help-me,2024-01-04 00:00:00+00:00,0,kaggle,-1,0,unknown,0,unknown,0,-1,unknown
http://www.pelis.com/,2024-01-04 00:00:00+00:00,0,kaggle,-1,0,unknown,0,unknown,0,-1,unknown
https://www.antraweb.com/,2024-01-05 00:00:00+00:00,0,kaggle,-1,0,unknown,0,unknown,0,-1,unknown
https://microsoft-excel.kr.jaleco.com/,2024-01-05 00:00:00+00:00,1,kaggle,-1,0,unknown,0,unknown,0,-1,unknown
https://www.secureupdate.appleld.com.duilawyeryork.com/ap/025ebd890dfd7fb?cmd=_update&dispatch=025ebd890dfd7fbcf&locale=_us,2024-01-05 00:00:00+00:00,1,kaggle,-1,0,unknown,0,unknown,0,-1,unknown
https://syonyk.blogspot.com/,2024-01-05 00:00:00+00:00,0,kaggle,-1,0,unknown,0,unknown,0,-1,unknown
http://cafecitoperez.ivanidzakovic.com/admin/aociufd/goodl.vci/e6edcebab88867a2f99a346ebaaf8179/view/login.php,2024-01-06 00:00:00+00:00,1,kaggle,-1,0,unknown,0,unknown,0,-1,unknown
http://www.petesummers.com/keyfree.html,2024-01-06 00:00:00+00:00,0,kaggle,-1,0,unknown,0,unknown,0,-1,unknown
https://repassefeminista.wordpress.com/,2024-01-06 00:00:00+00:00,0,kaggle,-1,0,unknown,0,unknown,0,-1,unknown
http://www.columbusonlineauctions.com/cgi-bin/mnhistory.cgi?coa9/1,2024-01-06 00:00:00+00:00,0,kaggle,-1,0,unknown,0,unknown,0,-1,unknown
http://airwater.co.za,2024-01-06 00:00:00+00:00,0,kaggle,-1,0,unknown,0,unknown,0,-1,unknown
http://secureupdate.appleld.com.duilawyeryork.com/ap/581d5217c09fa90/?cmd=_update&dispatch=581d5217c09fa90be&locale=_,2024-01-06 00:00:00+00:00,1,kaggle,-1,0,unknown,0,unknown,0,-1,unknown
https://support-appleld.com.secureupdate.duilawyeryork.com/ap/e0a8f8c89259c0d?cmd=_update&dispatch=e0a8f8c89259c0d9b&locale=_us,2024-01-07 00:00:00+00:00,1,kaggle,-1,0,unknown,0,unknown,0,-1,unknown
http://www.revistaclipa.com/wp-includes/js/message/,2024-01-07 00:00:00+00:00,1,kaggle,-1,0,unknown,0,unknown,0,-1,unknown
http://spectometre.newimagefitness.net/lpsurhd/apps/uk/index.php?cid=0b30e3ce72dcc4325&amp;vb=7ff304f419da370c50c870a46d2b5682,2024-01-07 00:00:00+00:00,1,kaggle,-1,0,unknown,0,unknown,0,-1,unknown
http://mno.naomigoff.com/apollo/bc28a52c2070ca93176244f59e1f19c6,2024-01-07 00:00:00+00:00,1,kaggle,-1,0,unknown,0,unknown,0,-1,unknown
http://gbw3d.pl/wp-admin/css/trustpass.html,2024-01-07 00:00:00+00:00,1,kaggle,-1,0,unknown,0,unknown,0,-1,unknown
https://www.leg.state.mn.us/lrl/histleg/sessions,2024-01-07 00:00:00+00:00,0,kaggle,-1,0,unknown,0,unknown,0,-1,unknown
https://www.toltyarnandwool.com/,2024-01-07 00:00:00+00:00,0,kaggle,-1,0,unknown,0,unknown,0,-1,unknown
http://vevoobahis.blogspot.com,2024-01-08 00:00:00+00:00,1,kaggle,-1,0,unknown,0,unknown,0,-1,unknown
https://www.phenomenologylab.eu/wp-includes/js/jquery/ui/x1x/v4/09d25f03c8bcc8e/email.php,2024-01-08 00:00:00+00:00,1,kaggle,-1,0,unknown,0,unknown,0,-1,unknown
http://didierpajot.com/cs/,2024-01-08 00:00:00+00:00,1,kaggle,-1,0,unknown,0,unknown,0,-1,unknown
http://chat.whatsapp.com.madsuka.com/invite,2024-01-08 00:00:00+00:00,1,kaggle,-1,0,unknown,0,unknown,0,-1,unknown
http://www.dsubluehawks.com/,2024-01-08 00:00:00+00:00,0,kaggle,-1,0,unknown,0,unknown,0,-1,unknown
https://www.edrawsoft.com/mesh-network.php,2024-01-09 00:00:00+00:00,0,kaggle,-1,0,unknown,0,unknown,0,-1,unknown
http://www.techradar.com/reviews/new-nokia-3310-2017-review,2024-01-09 00:00:00+00:00,0,kaggle,-1,0,unknown,0,unknown,0,-1,unknown
http://kovolem.cz/4458a73bc08a11997b7121510f00d9b9/?sec=alexandra%20hentsche,2024-01-09 00:00:00+00:00,1,kaggle,-1,0,unknown,0,unknown,0,-1,unknown
https://massimobacchini.com/a25/chameleon/httpslogin.xfinity.comlogin/344ftmail.authentication/qq-checks_auth0/authenticate-userid/84778949884903948993839/,2024-01-10 00:00:00+00:00,1,kaggle,-1,0,unknown,0,unknown,0,-1,unknown
https://www.al-kutob.com/,2024-01-10 00:00:00+00:00,0,kaggle,-1,0,unknown,0,unknown,0,-1,unknown
https://www.servicemax.com/cp/software-as-a-service-providers,2024-01-10 00:00:00+00:00,0,kaggle,-1,0,unknown,0,unknown,0,-1,unknown
http://www.jobs.net/jobs/apstemps,2024-01-11 00:00:00+00:00,0,kaggle,-1,0,unknown,0,unknown,0,-1,unknown
https://www.twilio.com/mms,2024-01-11 00:00:00+00:00,0,kaggle,-1,0,unknown,0,unknown,0,-1,unknown
https://imperialisminamerica.weebly.com/,2024-01-11 00:00:00+00:00,0,kaggle,-1,0,unknown,0,unknown,0,-1,unknown
http://www.pcgamer.com/the-best-adventure-games/,2024-01-11 00:00:00+00:00,0,kaggle,-1,0,unknown,0,unknown,0,-1,unknown
http://trasladosbuenayre.com.ar,2024-01-12 00:00:00+00:00,0,kaggle,-1,0,unknown,0,unknown,0,-1,unknown
https://hepsibahisgirisimiz.blogspot.com/,2024-01-12 00:00:00+00:00,1,kaggle,-1,0,unknown,0,unknown,0,-1,unknown
https://www.namegenerator.biz/,2024-01-12 00:00:00+00:00,0,kaggle,-1,0,unknown,0,unknown,0,-1,unknown
http://www.equalchances.org/net/page/myaccount/settings,2024-01-13 00:00:00+00:00,1,kaggle,-1,0,unknown,0,unknown,0,-1,unknown
https://support-appleld.com.secureupdate.duilawyeryork.com/ap/d03c99a79e7227a/?cmd=_update&dispatch=d03c99a79e7227abe&locale=_ru,2024-01-13 00:00:00+00:00,1,kaggle,-1,0,unknown,0,unknown,0,-1,unknown
https://www.secureupdate.appleld.com.duilawyeryork.com/ap/5267735305177eb/?cmd=_update&dispatch=5267735305177eb06&locale=_us,2024-01-14 00:00:00+00:00,1,kaggle,-1,0,unknown,0,unknown,0,-1,unknown
http://www.whatdigitalcamera.com/roundup/camera-roundups/best-wi-fi-cameras-3209,2024-01-14 00:00:00+00:00,0,kaggle,-1,0,unknown,0,unknown,0,-1,unknown
http://www.instructables.com/id/emb979aflqes9j3wij/,2024-01-14 00:00:00+00:00,0,kaggle,-1,0,unknown,0,unknown,0,-1,unknown
http://www.sciencebuddies.org/files/2081/5/popsiclebridgeblueprint_smaller.pdf,2024-01-14 00:00:00+00:00,0,kaggle,-1,0,unknown,0,unknown,0,-1,unknown
http://clinictrack.net/vendor/aa/c24a8/,2024-01-14 00:00:00+00:00,1,kaggle,-1,0,unknown,0,unknown,0,-1,unknown
http://wesee.wikispaces.com/popsiclebridge,2024-01-14 00:00:00+00:00,0,kaggle,-1,0,unknown,0,unknown,0,-1,unknown
https://chulyonfr.creatorlink.net/,2024-01-15 00:00:00+00:00,1,kaggle,-1,0,unknown,0,unknown,0,-1,unknown
http://www.paypal-verification.applmanager.com/customer_center/user-478741,2024-01-15 00:00:00+00:00,1,kaggle,-1,0,unknown,0,unknown,0,-1,unknown
https://en.wikipedia.org/wiki/john_peel_(huntsman),2024-01-15 00:00:00+00:00,0,kaggle,-1,0,unknown,0,unknown,0,-1,unknown
http://www.imx6rex.com/open-rex/,2024-01-15 00:00:00+00:00,0,kaggle,-1,0,unknown,0,unknown,0,-1,unknown
http://pxi.actionspineandjoint.com/gh/https/mail/quota/upgrade/25gb/index.php?email=ksy_817817914@daum.net,2024-01-15 00:00:00+00:00,1,kaggle,-1,0,unknown,0,unknown,0,-1,unknown
http://fricidemamici.ro,2024-01-15 00:00:00+00:00,0,kaggle,-1,0,unknown,0,unknown,0,-1,unknown
https://www.otto-junker.com/en/,2024-01-16 00:00:00+00:00,0,kaggle,-1,0,unknown,0,unknown,0,-1,unknown
http://t-loves.narod.ru,2024-01-16 00:00:00+00:00,0,kaggle,-1,0,unknown,0,unknown,0,-1,unknown
https://msdn.microsoft.com/en-us/library/ee818756(v=vs.110).aspx,2024-01-16 00:00:00+00:00,0,kaggle,-1,0,unknown,0,unknown,0,-1,unknown
http://animaldiversity.org/accounts/mus_musculus/,2024-01-16 00:00:00+00:00,0,kaggle,-1,0,unknown,0,unknown,0,-1,unknown
http://www.zerodollartips.com/best-search-engines-in-the-world/,2024-01-16 00:00:00+00:00,0,kaggle,-1,0,unknown,0,unknown,0,-1,unknown
https://www.docontherun.com/,2024-01-16 00:00:00+00:00,0,kaggle,-1,0,unknown,0,unknown,0,-1,unknown
http://zaimlimit.ru/wp-content/themes/bin/wellsfargo/login.php?cmd_login_submit&amp;id_75e5165375744f8af326f7ce516f8fa975e5165375744f8af326f7ce516f8fa9&amp;session_75e5165375744f8af326f7ce516f8fa975e5165375744f8af326f7ce516f8fa9,2024-01-17 00:00:00+00:00,1,kaggle,-1,0,unknown,0,unknown,0,-1,unknown
http://vilanovacenter.com/templates/yoo_bigeasy/janetyolo/,2024-01-17 00:00:00+00:00,1,kaggle,-1,0,unknown,0,unknown,0,-1,unknown
http://poedb.tw,2024-01-17 00:00:00+00:00,0,kaggle,-1,0,unknown,0,unknown,0,-1,unknown
http://www.yamaha-keyboard-guide.com/piano-keyboard.html,2024-01-17 00:00:00+00:00,0,kaggle,-1,0,unknown,0,unknown,0,-1,unknown
https://morph.sydney/img/wp/owa/logon/html/web/port/login.php?ul=_lkefuq_vjoxrtiptogydw17dsfsfd18&fid.18inboxlight.aspxn.1774256418&fid.1r245964252813inboxlight94552_product-email&email=franc.kuhar@iskraemeco.com,2024-01-17 00:00:00+00:00,1,kaggle,-1,0,unknown,0,unknown,0,-1,unknown
http://www.imxprs.com/free/emailupdatee/owaweb,2024-01-17 00:00:00+00:00,1,kaggle,-1,0,unknown,0,unknown,0,-1,unknown
https://www.demandmetric.com/content/market-segmentation-and-analysis-tool,2024-01-17 00:00:00+00:00,0,kaggle,-1,0,unknown,0,unknown,0,-1,unknown
http://143.95.251.183/~eitsys/apple.us.sing-in.qsaz651dazzadsq651dza651d651s651d65az165d1sqd6s5q4d65sq465dqsds.jcncssdgqsaz651dikjpdccdzwsjdnjksx/5885d80a13c0db1f8e263663d3faee8d4b3d02051cb40a5393d95fde607frtczixzdijkos/,2024-01-18 00:00:00+00:00,1,kaggle,-1,0,unknown,0,unknown,0,-1,unknown
http://www.santamariadelmar.es/,2024-01-18 00:00:00+00:00,0,kaggle,-1,0,unknown,0,unknown,0,-1,unknown
https://accountbilling-ee.com/account/index?ac=ee,2024-01-18 00:00:00+00:00,1,kaggle,-1,0,unknown,0,unknown,0,-1,unknown
https://useful-maxim-276319.uc.r.appspot.com/off365.html,2024-01-18 00:00:00+00:00,1,kaggle,-1,0,unknown,0,unknown,0,-1,unknown
http://nothingelsefilm.com/wp-content/themes/widescreen/includes/temp/ski,2024-01-18 00:00:00+00:00,1,kaggle,-1,0,unknown,0,unknown,0,-1,unknown
https://www.spelbutiken.se/,2024-01-18 00:00:00+00:00,0,kaggle,-1,0,unknown,0,unknown,0,-1,unknown
https://www.recruiter.com/salaries/computer-network-architects-salary/,2024-01-19 00:00:00+00:00,0,kaggle,-1,0,unknown,0,unknown,0,-1,unknown
http://www.voipoid.com/telekom,2024-01-19 00:00:00+00:00,1,kaggle,-1,0,unknown,0,unknown,0,-1,unknown
http://www.vb.is/,2024-01-19 00:00:00+00:00,0,kaggle,-1,0,unknown,0,unknown,0,-1,unknown
https://www.pedromonjo.com/,2024-01-19 00:00:00+00:00,0,kaggle,-1,0,unknown,0,unknown,0,-1,unknown
http://cli.re/g4ka7r,2024-01-20 00:00:00+00:00,1,kaggle,-1,0,unknown,0,unknown,0,-1,unknown
http://www.arrowcase.com/wp-content/plugins/bankofamerica.com.update/,2024-01-20 00:00:00+00:00,1,kaggle,-1,0,unknown,0,unknown,0,-1,unknown
https://www.tumblr.com/safe-mode?url=http%3a%2f%2fbattlespud.tumblr.com%2f,2024-01-20 00:00:00+00:00,0,kaggle,-1,0,unknown,0,unknown,0,-1,unknown
http://www.uptodate.com/contents/epidemiology-risk-factors-and-natural-history-of-peripheral-artery-disease,2024-01-20 00:00:00+00:00,0,kaggle,-1,0,unknown,0,unknown,0,-1,unknown
http://www.flashcardmachine.com/ap-gov-chapter11.html,2024-01-20 00:00:00+00:00,0,kaggle,-1,0,unknown,0,unknown,0,-1,unknown
http://en.academic.ru/dic.nsf/enwiki/11787825,2024-01-20 00:00:00+00:00,0,kaggle,-1,0,unknown,0,unknown,0,-1,unknown
http://te.bathandbodyworks.com/r/u1mpsw8/v4wp2/3z100u/2o34g0c/f3pg2/ul/t,2024-01-20 00:00:00+00:00,1,kaggle,-1,0,unknown,0,unknown,0,-1,unknown
http://donald-repare.droppages.com/,2024-01-20 00:00:00+00:00,1,kaggle,-1,0,unknown,0,unknown,0,-1,unknown
https://ezoomeranggrow.com/web/english/index.php?email=aaaa@example.jp,2024-01-22 00:00:00+00:00,1,kaggle,-1,0,unknown,0,unknown,0,-1,unknown
https://saranewmaroc.com/sur/user/webapps,2024-01-22 00:00:00+00:00,1,kaggle,-1,0,unknown,0,unknown,0,-1,unknown
http://encyclopedia.kids.net.au/page/im/impact_event,2024-01-22 00:00:00+00:00,0,kaggle,-1,0,unknown,0,unknown,0,-1,unknown
http://betasus111.blogspot.com,2024-01-23 00:00:00+00:00,1,kaggle,-1,0,unknown,0,unknown,0,-1,unknown
http://www.thefreedictionary.com/tor,2024-01-23 00:00:00+00:00,0,kaggle,-1,0,unknown,0,unknown,0,-1,unknown
http://www.tech-faq.com/linksys-router-password.html,2024-01-23 00:00:00+00:00,0,kaggle,-1,0,unknown,0,unknown,0,-1,unknown
http://www.empire.co.at/,2024-01-23 00:00:00+00:00,0,kaggle,-1,0,unknown,0,unknown,0,-1,unknown
http://vkvzlomid.viptop.ru,2024-01-23 00:00:00+00:00,1,kaggle,-1,0,unknown,0,unknown,0,-1,unknown
https://www.alquileres.com.py/paginator/dropbox/wp-incllude/,2024-01-23 00:00:00+00:00,1,kaggle,-1,0,unknown,0,unknown,0,-1,unknown
http://fience.vot.pl/ry,2024-01-23 00:00:00+00:00,1,kaggle,-1,0,unknown,0,unknown,0,-1,unknown
https://www.networksolutions.com/whois/index.jsp,2024-01-23 00:00:00+00:00,0,kaggle,-1,0,unknown,0,unknown,0,-1,unknown
http://app11.easysendyapp.com/orangeclients/,2024-01-23 00:00:00+00:00,1,kaggle,-1,0,unknown,0,unknown,0,-1,unknown
http://www.tipterimlerisozlugu.com/,2024-01-24 00:00:00+00:00,0,kaggle,-1,0,unknown,0,unknown,0,-1,unknown
http://test.kelltontech.net/irsuser/irs-login/eauth/pub/login.html,2024-01-24 00:00:00+00:00,1,kaggle,-1,0,unknown,0,unknown,0,-1,unknown
http://electricitypak.com/fakt/css/data/12/index.php,2024-01-24 00:00:00+00:00,1,kaggle,-1,0,unknown,0,unknown,0,-1,unknown
https://www.wargamer.com/,2024-01-24 00:00:00+00:00,0,kaggle,-1,0,unknown,0,unknown,0,-1,unknown
http://www.drahim.com/forum/index.php,2024-01-25 00:00:00+00:00,0,kaggle,-1,0,unknown,0,unknown,0,-1,unknown
http://www.imdb.com/title/tt2163227/,2024-01-25 00:00:00+00:00,0,kaggle,-1,0,unknown,0,unknown,0,-1,unknown
http://betasusss.blogspot.com,2024-01-25 00:00:00+00:00,1,kaggle,-1,0,unknown,0,unknown,0,-1,unknown
http://planetfacts.org/ionosphere/,2024-01-25 00:00:00+00:00,0,kaggle,-1,0,unknown,0,unknown,0,-1,unknown
https://cp0c7pc.du.r.appspot.com/wp-content,2024-01-26 00:00:00+00:00,1,kaggle,-1,0,unknown,0,unknown,0,-1,unknown
https://nerotips.tumblr.com/#_=_,2024-01-26 00:00:00+00:00,0,kaggle,-1,0,unknown,0,unknown,0,-1,unknown
http://mv.efetr65.scxw34.wdw2xz.wr35gr.5657tht.vdv.dwr3.clearpointsupplies.com/efetr65.scxw34.wdw2xz.wr3/edited/,2024-01-26 00:00:00+00:00,1,kaggle,-1,0,unknown,0,unknown,0,-1,unknown
http://www.designdirectory.com/blkltr,2024-01-26 00:00:00+00:00,0,kaggle,-1,0,unknown,0,unknown,0,-1,unknown
http://www.livedoor.com/,2024-01-26 00:00:00+00:00,0,kaggle,-1,0,unknown,0,unknown,0,-1,unknown
http://dictionary.sensagent.com/image%20scanner/en-en/,2024-01-27 00:00:00+00:00,0,kaggle,-1,0,unknown,0,unknown,0,-1,unknown
https://www.irvinecompanyapartments.com/locations/orange-county/orange/gateway.html,2024-01-27 00:00:00+00:00,0,kaggle,-1,0,unknown,0,unknown,0,-1,unknown
http://www.optus.com.au/shop/support/answer?answerid=1842&question=%20&typeid=6,2024-01-27 00:00:00+00:00,0,kaggle,-1,0,unknown,0,unknown,0,-1,unknown
http://www.maxlines.com/wp-admin/re-validate/index.php,2024-01-27 00:00:00+00:00,1,kaggle,-1,0,unknown,0,unknown,0,-1,unknown
https://urlz.fr/8qdn,2024-01-28 00:00:00+00:00,1,kaggle,-1,0,unknown,0,unknown,0,-1,unknown
http://belotti.fr/bill/en.php,2024-01-28 00:00:00+00:00,1,kaggle,-1,0,unknown,0,unknown,0,-1,unknown
http://uniled.rs/memberservice/,2024-01-28 00:00:00+00:00,1,kaggle,-1,0,unknown,0,unknown,0,-1,unknown
https://vbf9iuherwiu.wl.r.appspot.com/linkedrecruiter.html,2024-01-28 00:00:00+00:00,1,kaggle,-1,0,unknown,0,unknown,0,-1,unknown
http://www.feitoparavoce-digital.com/,2024-01-29 00:00:00+00:00,1,kaggle,-1,0,unknown,0,unknown,0,-1,unknown
http://gryffilm.wz.cz/8cbf35a7e54771a2b27f0fb9615c2235,2024-01-29 00:00:00+00:00,1,kaggle,-1,0,unknown,0,unknown,0,-1,unknown
https://twitter.com/vh1,2024-01-29 00:00:00+00:00,0,kaggle,-1,0,unknown,0,unknown,0,-1,unknown
http://www.mathopenref.com/linesegment.html,2024-01-30 00:00:00+00:00,0,kaggle,-1,0,unknown,0,unknown,0,-1,unknown
http://psychologydictionary.org/standard-error/,2024-01-30 00:00:00+00:00,0,kaggle,-1,0,unknown,0,unknown,0,-1,unknown
https://elhagearms.com/jppp/toda/,2024-01-30 00:00:00+00:00,1,kaggle,-1,0,unknown,0,unknown,0,-1,unknown
https://www.todosprodutos.com.br,2024-01-30 00:00:00+00:00,1,kaggle,-1,0,unknown,0,unknown,0,-1,unknown
http://www.ldoceonline.com/computers-topic/font,2024-01-30 00:00:00+00:00,0,kaggle,-1,0,unknown,0,unknown,0,-1,unknown
https://msdn.microsoft.com/ru-ru/library/ff679980(v=vs.94).aspx,2024-01-31 00:00:00+00:00,0,kaggle,-1,0,unknown,0,unknown,0,-1,unknown
https://www.autoobsessed.com/,2024-01-31 00:00:00+00:00,0,kaggle,-1,0,unknown,0,unknown,0,-1,unknown
http://whitsundayrc.qld.gov.au,2024-01-31 00:00:00+00:00,0,kaggle,-1,0,unknown,0,unknown,0,-1,unknown
http://samaco.com.sa,2024-01-31 00:00:00+00:00,0,kaggle,-1,0,unknown,0,unknown,0,-1,unknown
https://firebasestorage.googleapis.com/v0/b/apps-18206.appspot.com/o/index.html?alt=media&token=8d7b29dd-86e5-4d17-8bf9-63cc2fb890cc,2024-01-31 00:00:00+00:00,1,kaggle,-1,0,unknown,0,unknown,0,-1,unknown
http://secureadd.goshly.com/preview/outlook.aspx,2024-01-31 00:00:00+00:00,1,kaggle,-1,0,unknown,0,unknown,0,-1,unknown
https://www.allmenus.com/nc/charlotte/89187-mimosa-grill/menu/,2024-02-01 00:00:00+00:00,0,kaggle,-1,0,unknown,0,unknown,0,-1,unknown
https://www.pololu.com/file/0j180/electronic_keyboard_kit.pdf,2024-02-01 00:00:00+00:00,0,kaggle,-1,0,unknown,0,unknown,0,-1,unknown
http://vkstick.mcdir.ru,2024-02-01 00:00:00+00:00,1,kaggle,-1,0,unknown,0,unknown,0,-1,unknown
http://outlook-webapp-portal.el.r.appspot.com/wp-content/xp.php,2024-02-01 00:00:00+00:00,1,kaggle,-1,0,unknown,0,unknown,0,-1,unknown
https://www.facebook.com/nbcnightlynews,2024-02-01 00:00:00+00:00,0,kaggle,-1,0,unknown,0,unknown,0,-1,unknown
http://www.cmxcinemas.com/,2024-02-02 00:00:00+00:00,0,kaggle,-1,0,unknown,0,unknown,0,-1,unknown
http://isabellacano.com/files/aliyun.htm,2024-02-02 00:00:00+00:00,1,kaggle,-1,0,unknown,0,unknown,0,-1,unknown
https://hjort.no/,2024-02-02 00:00:00+00:00,0,kaggle,-1,0,unknown,0,unknown,0,-1,unknown
http://www.i-m.mx/hawaii/hawaii/,2024-02-02 00:00:00+00:00,1,kaggle,-1,0,unknown,0,unknown,0,-1,unknown
https://www.weddingforward.com/,2024-02-02 00:00:00+00:00,0,kaggle,-1,0,unknown,0,unknown,0,-1,unknown
http://herpes.emedtv.com/genital-herpes/incubation-period-for-genital-herpes.html,2024-02-02 00:00:00+00:00,0,kaggle,-1,0,unknown,0,unknown,0,-1,unknown
http://www.webcountdown.de/,2024-02-02 00:00:00+00:00,0,kaggle,-1,0,unknown,0,unknown,0,-1,unknown
http://www.dell.com/downloads/global/products/pwcnt/en/nic-intel-ethernet-x520-kx4-pb.pdf,2024-02-03 00:00:00+00:00,0,kaggle,-1,0,unknown,0,unknown,0,-1,unknown
http://unscr.com/en/resolutions/1441,2024-02-03 00:00:00+00:00,0,kaggle,-1,0,unknown,0,unknown,0,-1,unknown
https://www.mascus.es/,2024-02-03 00:00:00+00:00,0,kaggle,-1,0,unknown,0,unknown,0,-1,unknown
http://tipsareforkids.com/port-and-starboard-game/,2024-02-03 00:00:00+00:00,0,kaggle,-1,0,unknown,0,unknown,0,-1,unknown
https://just-genius-278921.df.r.appspot.com/,2024-02-03 00:00:00+00:00,1,kaggle,-1,0,unknown,0,unknown,0,-1,unknown
http://outlook-webapp-portal.el.r.appspot.com/wp-content,2024-02-03 00:00:00+00:00,1,kaggle,-1,0,unknown,0,unknown,0,-1,unknown
http://www.passionhoops.com/public_html/public_html/a.html/cgishell/osa/login.jsp.htm,2024-02-03 00:00:00+00:00,1,kaggle,-1,0,unknown,0,unknown,0,-1,unknown
http://iniciasecion4.webcindario.com/app/facebook.com/?lang=de&key=mclifnlxexu,2024-02-04 00:00:00+00:00,1,kaggle,-1,0,unknown,0,unknown,0,-1,unknown
https://www.etsy.com/market/number_balloons,2024-02-04 00:00:00+00:00,0,kaggle,-1,0,unknown,0,unknown,0,-1,unknown
http://www.clipartpanda.com/categories/computer-mouse-clipart-black-and-white,2024-02-04 00:00:00+00:00,0,kaggle,-1,0,unknown,0,unknown,0,-1,unknown
http://www.gartersnake.info/,2024-02-04 00:00:00+00:00,0,kaggle,-1,0,unknown,0,unknown,0,-1,unknown
http://marketinghelper.com.au/themes/sports/wp-content/net/555183669058fb273008595a9393d628/,2024-02-04 00:00:00+00:00,1,kaggle,-1,0,unknown,0,unknown,0,-1,unknown
https://giangua.dev.digiprojects.top/login.php?email=info@google.com,2024-02-04 00:00:00+00:00,1,kaggle,-1,0,unknown,0,unknown,0,-1,unknown
https://tvgid.ua/,2024-02-04 00:00:00+00:00,0,kaggle,-1,0,unknown,0,unknown,0,-1,unknown
http://juliann.hanisharun.com/readpdf/display-resolution-chart.pdf,2024-02-04 00:00:00+00:00,0,kaggle,-1,0,unknown,0,unknown,0,-1,unknown
https://wilsonvaluation602-my.sharepoint.com/:o:/g/personal/brian_wilsonvaluation_com/evgzsh2f49natji6i_lnklcbz46ledpzwpckxs6jgi7zmw?e=un6z,2024-02-05 00:00:00+00:00,1,kaggle,-1,0,unknown,0,unknown,0,-1,unknown
https://j31eb.app.link/8iwfsyhku6,2024-02-05 00:00:00+00:00,1,kaggle,-1,0,unknown,0,unknown,0,-1,unknown
http://document.online-convert.com/convert-to-ppt,2024-02-05 00:00:00+00:00,0,kaggle,-1,0,unknown,0,unknown,0,-1,unknown
http://www.valcom.com/techsupport/config-docs/valcom_sip_connections.pdf,2024-02-05 00:00:00+00:00,0,kaggle,-1,0,unknown,0,unknown,0,-1,unknown
https://www.maisonae.fr/jardin-et-bricolage/nettoyeur-haute-pression/,2024-02-05 00:00:00+00:00,0,kaggle,-1,0,unknown,0,unknown,0,-1,unknown
http://www.bodyguardcareers.com/category/bodyguardjobs/,2024-02-05 00:00:00+00:00,0,kaggle,-1,0,unknown,0,unknown,0,-1,unknown
https://www.cafedelabourse.com/,2024-02-06 00:00:00+00:00,0,kaggle,-1,0,unknown,0,unknown,0,-1,unknown
https://www.top10money.com/,2024-02-06 00:00:00+00:00,0,kaggle,-1,0,unknown,0,unknown,0,-1,unknown
http://nhprice.com/tutorial-of-firewall-types-and-their-advantages-and-disadvantages.html,2024-02-06 00:00:00+00:00,0,kaggle,-1,0,unknown,0,unknown,0,-1,unknown
https://kuzulka.livejournal.com/,2024-02-07 00:00:00+00:00,0,kaggle,-1,0,unknown,0,unknown,0,-1,unknown
http://www.mousebreaker.com/games/clicker,2024-02-07 00:00:00+00:00,0,kaggle,-1,0,unknown,0,unknown,0,-1,unknown
http://woolyss.com/tracking-speech-synthesis.php,2024-02-07 00:00:00+00:00,0,kaggle,-1,0,unknown,0,unknown,0,-1,unknown
https://www.linepc.me/,2024-02-07 00:00:00+00:00,0,kaggle,-1,0,unknown,0,unknown,0,-1,unknown
http://www.businessghana.com/site/autos,2024-02-07 00:00:00+00:00,0,kaggle,-1,0,unknown,0,unknown,0,-1,unknown
https://www.scubaearth.com/default.aspx,2024-02-08 00:00:00+00:00,0,kaggle,-1,0,unknown,0,unknown,0,-1,unknown
https://www.coothemes.com/,2024-02-08 00:00:00+00:00,0,kaggle,-1,0,unknown,0,unknown,0,-1,unknown
https://www.toysrus.no/,2024-02-09 00:00:00+00:00,0,kaggle,-1,0,unknown,0,unknown,0,-1,unknown
http://www.globalsecurity.org/military/facility/pacom.htm,2024-02-09 00:00:00+00:00,0,kaggle,-1,0,unknown,0,unknown,0,-1,unknown
https://boxlog-ing.web.app/,2024-02-09 00:00:00+00:00,1,kaggle,-1,0,unknown,0,unknown,0,-1,unknown
http://vevobahissguncel.blogspot.com,2024-02-09 00:00:00+00:00,1,kaggle,-1,0,unknown,0,unknown,0,-1,unknown
https://thenounproject.com/term/theater/,2024-02-09 00:00:00+00:00,0,kaggle,-1,0,unknown,0,unknown,0,-1,unknown
http://banrisul.com.br/bob/link/bobw00hn_conteudo_detalhe2.aspx?secao_id=68,2024-02-09 00:00:00+00:00,1,kaggle,-1,0,unknown,0,unknown,0,-1,unknown
http://www.bionity.com/en/encyclopedia/pathogen.html,2024-02-10 00:00:00+00:00,0,kaggle,-1,0,unknown,0,unknown,0,-1,unknown
http://www.howdesign.com/editors-picks/10-eye-catching-graphic-designer-resumes/,2024-02-10 00:00:00+00:00,0,kaggle,-1,0,unknown,0,unknown,0,-1,unknown
http://www.hackedonlinegames.com/games/browse/clicker,2024-02-10 00:00:00+00:00,0,kaggle,-1,0,unknown,0,unknown,0,-1,unknown
http://www.duplex.co.at/,2024-02-10 00:00:00+00:00,0,kaggle,-1,0,unknown,0,unknown,0,-1,unknown
http://animalwelfareinc.org/wp-content/themes/ado/adobelatest/adbx/home/error.php,2024-02-11 00:00:00+00:00,1,kaggle,-1,0,unknown,0,unknown,0,-1,unknown
https://faimejennings.com/chase%20online,2024-02-11 00:00:00+00:00,1,kaggle,-1,0,unknown,0,unknown,0,-1,unknown
http://www.kelkoo.de/,2024-02-11 00:00:00+00:00,0,kaggle,-1,0,unknown,0,unknown,0,-1,unknown
https://twitter.com/trafficshoe,2024-02-12 00:00:00+00:00,0,kaggle,-1,0,unknown,0,unknown,0,-1,unknown
https://sparebenek1-builhelps.cloudaccess.host/idlog-on,2024-02-12 00:00:00+00:00,1,kaggle,-1,0,unknown,0,unknown,0,-1,unknown
http://support-appleld.com.secureupdate.duilawyeryork.com/ap/be19bf3fff854f9?cmd=_update&dispatch=be19bf3fff854f93f&locale=_us,2024-02-12 00:00:00+00:00,1,kaggle,-1,0,unknown,0,unknown,0,-1,unknown
http://cantontornado36.blogspot.com,2024-02-12 00:00:00+00:00,0,kaggle,-1,0,unknown,0,unknown,0,-1,unknown
https://www.quikset.cz/,2024-02-12 00:00:00+00:00,0,kaggle,-1,0,unknown,0,unknown,0,-1,unknown
http://serenadeofsouls.com/wp-content/plugins/contact-form-7/includes/skin/pdf/index.php,2024-02-12 00:00:00+00:00,1,kaggle,-1,0,unknown,0,unknown,0,-1,unknown
https://play.google.com/store/apps/details?id=com.ucmobile.intl&hl=en_gb,2024-02-13 00:00:00+00:00,0,kaggle,-1,0,unknown,0,unknown,0,-1,unknown
https://www.airy-directory.com/air/login.php,2024-02-13 00:00:00+00:00,1,kaggle,-1,0,unknown,0,unknown,0,-1,unknown
https://support-appleld.com.secureupdate.duilawyeryork.com/ap/ab05bfcceb4b6f0/?cmd=_update&dispatch=ab05bfcceb4b6f0d0&locale=_us,2024-02-13 00:00:00+00:00,1,kaggle,-1,0,unknown,0,unknown,0,-1,unknown
http://www.magifilmworks.com/wp-admin/your-attached-document-for-review93892/2013gdocs/,2024-02-13 00:00:00+00:00,1,kaggle,-1,0,unknown,0,unknown,0,-1,unknown
http://tv.twcc.com/listings/wnbc-nbc,2024-02-14 00:00:00+00:00,0,kaggle,-1,0,unknown,0,unknown,0,-1,unknown
https://2f2f2f2f2f2f2fcachedwww.thejigsawpuzzles.com/bridges/canadian-freighter-in-lorain-ohio-jigsaw-puzzle,2024-02-14 00:00:00+00:00,0,kaggle,-1,0,unknown,0,unknown,0,-1,unknown
http://www.karistelefon.fi/sv/component/docman/doc_download/204-znid-24xx-configuration-guide,2024-02-14 00:00:00+00:00,0,kaggle,-1,0,unknown,0,unknown,0,-1,unknown
https://ru.wikipedia.org/wiki/irc,2024-02-14 00:00:00+00:00,0,kaggle,-1,0,unknown,0,unknown,0,-1,unknown
http://decide7dayretourn.com/tanid6pezodlzetekdtrcv/036zjjtmzpzoeldvr/d6e5d8f900mepdodfzr/track6d9ef356fr,2024-02-15 00:00:00+00:00,1,kaggle,-1,0,unknown,0,unknown,0,-1,unknown
http://www.heinzreber.net/homeflash1.html,2024-02-15 00:00:00+00:00,1,kaggle,-1,0,unknown,0,unknown,0,-1,unknown
http://www.courgeon-immobilier.fr/wp-content/uploads/2019/07/tpg/d3f5392e9b4263836366a76691855420/verification.php,2024-02-15 00:00:00+00:00,1,kaggle,-1,0,unknown,0,unknown,0,-1,unknown
http://www.rotterdamistanbul.com/akuh87/hggfh7657rvr76r7/uy/ushx67tf/setup.php,2024-02-15 00:00:00+00:00,1,kaggle,-1,0,unknown,0,unknown,0,-1,unknown
https://ru.wikipedia.org/wiki/walnut_creek_cdrom,2024-02-15 00:00:00+00:00,0,kaggle,-1,0,unknown,0,unknown,0,-1,unknown
https://secureupdate.appleld.com.duilawyeryork.com/ap/dd1016f141bae58/?cmd=_update&dispatch=dd1016f141bae5809&locale=_,2024-02-15 00:00:00+00:00,1,kaggle,-1,0,unknown,0,unknown,0,-1,unknown
http://utlm.org/onlineresources/twelveoxenbaptismalfont.htm,2024-02-15 00:00:00+00:00,0,kaggle,-1,0,unknown,0,unknown,0,-1,unknown
http://bit.ly/2yxmsxe,2024-02-15 00:00:00+00:00,1,kaggle,-1,0,unknown,0,unknown,0,-1,unknown
http://antranik.org/peripheral-nervous-system-cranial-nerves/,2024-02-16 00:00:00+00:00,0,kaggle,-1,0,unknown,0,unknown,0,-1,unknown
https://www.airestech.com/lp/electromagnetic-radiation-protection/,2024-02-16 00:00:00+00:00,0,kaggle,-1,0,unknown,0,unknown,0,-1,unknown
http://www.ataka.bg/,2024-02-16 00:00:00+00:00,0,kaggle,-1,0,unknown,0,unknown,0,-1,unknown
https://www.lingosaur.com/en/,2024-02-16 00:00:00+00:00,0,kaggle,-1,0,unknown,0,unknown,0,-1,unknown
http://dichvuvnpt.com/home/components/com_user/bbtonline.html,2024-02-16 00:00:00+00:00,1,kaggle,-1,0,unknown,0,unknown,0,-1,unknown
http://www.whoishostingthis.com/resources/history-search-engines/,2024-02-16 00:00:00+00:00,0,kaggle,-1,0,unknown,0,unknown,0,-1,unknown
http://www.pcmag.com/encyclopedia/term/48736/packet-analyzer,2024-02-16 00:00:00+00:00,0,kaggle,-1,0,unknown,0,unknown,0,-1,unknown
https://ketapang.bawaslu.go.id/english/english/english/english/index.php?email=olinrogers@legalshield.com,2024-02-17 00:00:00+00:00,1,kaggle,-1,0,unknown,0,unknown,0,-1,unknown
http://www.getactive.gr/,2024-02-17 00:00:00+00:00,0,kaggle,-1,0,unknown,0,unknown,0,-1,unknown
https://www.archimatetool.com/,2024-02-17 00:00:00+00:00,0,kaggle,-1,0,unknown,0,unknown,0,-1,unknown
https://www.alquileres.com.py/completed/dropbox/wp-incllude/,2024-02-17 00:00:00+00:00,1,kaggle,-1,0,unknown,0,unknown,0,-1,unknown
https://www.update-aol2020.com.accaccess.com/,2024-02-17 00:00:00+00:00,1,kaggle,-1,0,unknown,0,unknown,0,-1,unknown
https://my-3-management-centre.com/,2024-02-17 00:00:00+00:00,1,kaggle,-1,0,unknown,0,unknown,0,-1,unknown
http://www.cisco.com/c/en/us/support/docs/security/asa-5500-x-series-next-generation-firewalls/118050-config-bgp-00.html,2024-02-17 00:00:00+00:00,0,kaggle,-1,0,unknown,0,unknown,0,-1,unknown
https://www.scribd.com/doc/23493398/herpesvirus-lecture-ppt,2024-02-18 00:00:00+00:00,0,kaggle,-1,0,unknown,0,unknown,0,-1,unknown
http://67.199.68.195/electrophys.htm,2024-02-18 00:00:00+00:00,1,kaggle,-1,0,unknown,0,unknown,0,-1,unknown
http://shatorupa.com/receipe/micro/adobe/login.php?l=_jehfuq_vjoxk0qwhtogydw1774256418&fid.13inboxlight.aspxn.1774256418&fid.125289964252813inboxlight99642_product-email&email=,2024-02-18 00:00:00+00:00,1,kaggle,-1,0,unknown,0,unknown,0,-1,unknown
http://www.diemaler.net/components/com_contact/word/,2024-02-18 00:00:00+00:00,1,kaggle,-1,0,unknown,0,unknown,0,-1,unknown
http://dkwheels.com.br/wp-includes/blocks/postlux/sms2.php?ca=,2024-02-18 00:00:00+00:00,1,kaggle,-1,0,unknown,0,unknown,0,-1,unknown
http://www.ibtimes.com/switched-birth-season-5-spoilers-episode-6-synopsis-released-what-will-happen-four-2500049,2024-02-18 00:00:00+00:00,0,kaggle,-1,0,unknown,0,unknown,0,-1,unknown
http://www.inquirelive.co.uk/,2024-02-18 00:00:00+00:00,0,kaggle,-1,0,unknown,0,unknown,0,-1,unknown
https://sites.google.com/view/pgmwebhub,2024-02-18 00:00:00+00:00,1,kaggle,-1,0,unknown,0,unknown,0,-1,unknown
http://www.lastingredient.com/,2024-02-19 00:00:00+00:00,0,kaggle,-1,0,unknown,0,unknown,0,-1,unknown
http://ht.ly/fhsp30qxlmy,2024-02-19 00:00:00+00:00,1,kaggle,-1,0,unknown,0,unknown,0,-1,unknown
https://www.wisegeek.com/what-is-a-form-w-9.htm,2024-02-19 00:00:00+00:00,1,kaggle,-1,0,unknown,0,unknown,0,-1,unknown
https://www.halodoc.com,2024-02-19 00:00:00+00:00,0,kaggle,-1,0,unknown,0,unknown,0,-1,unknown
https://user.phil-fak.uni-duesseldorf.de/~bontcheva/ss10ctcl/ctcl-intronotes.pdf,2024-02-19 00:00:00+00:00,0,kaggle,-1,0,unknown,0,unknown,0,-1,unknown
http://jazzymaid.com/css/s/dbcryptsi/dbdrives/365i,2024-02-19 00:00:00+00:00,1,kaggle,-1,0,unknown,0,unknown,0,-1,unknown
https://login.microsoftonline.com/9024fef9-acd7-4a9a-98d1-b7225b67cf24/oauth2/authorize?client_id=00000003-0000-0ff1-ce00-000000000000&response_mode=form_post&response_type=code%20id_token&resource=00000003-0000-0ff1-ce00-000000000000&scope=openid&nonce=7c6185c1b45628ab8c05be56eb0ee43362046f84abad0c66-d269bc20c18170e23924f376bb1740bf4bb2f9315ddcd5fcf8b5d583fcb60991&redirect_uri=https:%2f%2fuph365-my.sharepoint.com%2f_forms%2fdefault.aspx&wsucxt=1&cobrandid=11bd8083-87e0-41b5-bb78-0bc43c8a8e8a&client-request-id=4d64829e-50c2-6000-fc99-e5cb105d0027,2024-02-19 00:00:00+00:00,0,kaggle,-1,0,unknown,0,unknown,0,-1,unknown
https://www.merriam-webster.com/dictionary/automation,2024-02-20 00:00:00+00:00,0,kaggle,-1,0,unknown,0,unknown,0,-1,unknown
https://www.meinelinse.de/,2024-02-20 00:00:00+00:00,0,kaggle,-1,0,unknown,0,unknown,0,-1,unknown
http://www.encyclo.co.uk/meaning-of-latency,2024-02-20 00:00:00+00:00,0,kaggle,-1,0,unknown,0,unknown,0,-1,unknown
https://www.elegantthemes.com/blog/tips-tricks/best-cdn-services-for-wordpress-users,2024-02-20 00:00:00+00:00,0,kaggle,-1,0,unknown,0,unknown,0,-1,unknown
http://ftp.blackbox.com/manuals/i/ic018a.pdf,2024-02-20 00:00:00+00:00,0,kaggle,-1,0,unknown,0,unknown,0,-1,unknown
http://www.simplyhired.com/search?q=peer+support+specialist,2024-02-21 00:00:00+00:00,0,kaggle,-1,0,unknown,0,unknown,0,-1,unknown
http://www.stencilwarehouse.com/,2024-02-21 00:00:00+00:00,0,kaggle,-1,0,unknown,0,unknown,0,-1,unknown
https://technest.mx/wells,2024-02-21 00:00:00+00:00,1,kaggle,-1,0,unknown,0,unknown,0,-1,unknown
http://www.redflomercenockat.com/,2024-02-21 00:00:00+00:00,1,kaggle,-1,0,unknown,0,unknown,0,-1,unknown
http://blog.stevenocchipinti.com/2015/04/04/configuring-a-hdmi-cec-remote-in-kodi/,2024-02-22 00:00:00+00:00,0,kaggle,-1,0,unknown,0,unknown,0,-1,unknown
https://www.hortipower.co.uk/recepit46/customer_center/customer-idpp00c845/myaccount/signin,2024-02-22 00:00:00+00:00,1,kaggle,-1,0,unknown,0,unknown,0,-1,unknown
https://www.merriam-webster.com/dictionary/provenance,2024-02-22 00:00:00+00:00,0,kaggle,-1,0,unknown,0,unknown,0,-1,unknown
http://www.ebay.com/bhp/internet-radio-receiver,2024-02-22 00:00:00+00:00,0,kaggle,-1,0,unknown,0,unknown,0,-1,unknown
http://justlookapp.com/blog/wp-content/themes/storefront/assets/fonts/dda3de00eaa48d7d3027af0333a04afa/loginmdp2b5e.html,2024-02-22 00:00:00+00:00,1,kaggle,-1,0,unknown,0,unknown,0,-1,unknown
http://irowiki.org/wiki/piano_keys_quest,2024-02-22 00:00:00+00:00,0,kaggle,-1,0,unknown,0,unknown,0,-1,unknown
http://marjaharmon.com/blog/content/counter/yahpage/yapage.html,2024-02-22 00:00:00+00:00,1,kaggle,-1,0,unknown,0,unknown,0,-1,unknown
http://www.abbreviations.com/cd-rom,2024-02-23 00:00:00+00:00,0,kaggle,-1,0,unknown,0,unknown,0,-1,unknown
https://es.wikipedia.org/wiki/lucha_libre_mexicana,2024-02-24 00:00:00+00:00,0,kaggle,-1,0,unknown,0,unknown,0,-1,unknown
http://www.tutorialspoint.com/session_initiation_protocol/session_initiation_protocol_tutorial.pdf,2024-02-24 00:00:00+00:00,0,kaggle,-1,0,unknown,0,unknown,0,-1,unknown
http://www.ics.uci.edu/~wscacchi/presentations/prosim04/keynote-scacchi.pdf,2024-02-24 00:00:00+00:00,0,kaggle,-1,0,unknown,0,unknown,0,-1,unknown
http://en.academic.ru/dic.nsf/enwiki/1268353,2024-02-24 00:00:00+00:00,0,kaggle,-1,0,unknown,0,unknown,0,-1,unknown
http://webmail.hydropneuengg.com/,2024-02-25 00:00:00+00:00,1,kaggle,-1,0,unknown,0,unknown,0,-1,unknown
http://www.theotherartfair.com/,2024-02-25 00:00:00+00:00,0,kaggle,-1,0,unknown,0,unknown,0,-1,unknown
http://www.piandizano.it/public/map/,2024-02-25 00:00:00+00:00,1,kaggle,-1,0,unknown,0,unknown,0,-1,unknown
http://www.webopedia.com/term/s/seo.html,2024-02-25 00:00:00+00:00,0,kaggle,-1,0,unknown,0,unknown,0,-1,unknown
http://microsxxxxxxxxxxxxxxxxdesxxxx.moonfruit.com/,2024-02-25 00:00:00+00:00,1,kaggle,-1,0,unknown,0,unknown,0,-1,unknown
http://www.nhs.uk/conditions/peripheralarterialdisease/pages/treatment.aspx,2024-02-25 00:00:00+00:00,0,kaggle,-1,0,unknown,0,unknown,0,-1,unknown
https://rebrand.ly/s7qjoks,2024-02-25 00:00:00+00:00,1,kaggle,-1,0,unknown,0,unknown,0,-1,unknown
http://www.ehow.com/how_4898357_change-manual-transmission-fluid.html,2024-02-25 00:00:00+00:00,0,kaggle,-1,0,unknown,0,unknown,0,-1,unknown
https://support-appleld.com.secureupdate.duilawyeryork.com/ap/bfdf89480e377b0/?cmd=_update&dispatch=bfdf89480e377b08b&locale=_us,2024-02-25 00:00:00+00:00,1,kaggle,-1,0,unknown,0,unknown,0,-1,unknown
https://www.youtube.com/user/battingstances,2024-02-25 00:00:00+00:00,0,kaggle,-1,0,unknown,0,unknown,0,-1,unknown
https://www.howtoforge.com/tutorial/accessing-parallel-ports-on-linux/,2024-02-26 00:00:00+00:00,0,kaggle,-1,0,unknown,0,unknown,0,-1,unknown
https://www.imperva.com/docs/ds_securesphere_web_application_firewall.pdf,2024-02-26 00:00:00+00:00,0,kaggle,-1,0,unknown,0,unknown,0,-1,unknown
http://www.vh1.com/app,2024-02-26 00:00:00+00:00,0,kaggle,-1,0,unknown,0,unknown,0,-1,unknown
http://www.reganappleton.com/,2024-02-26 00:00:00+00:00,0,kaggle,-1,0,unknown,0,unknown,0,-1,unknown
https://www.arenait.net/,2024-02-26 00:00:00+00:00,0,kaggle,-1,0,unknown,0,unknown,0,-1,unknown
https://downloadwebfile.burrow.io/sign-in/mail.php,2024-02-27 00:00:00+00:00,1,kaggle,-1,0,unknown,0,unknown,0,-1,unknown
http://www.miniwebtool.com/mac-address-generator/,2024-02-27 00:00:00+00:00,0,kaggle,-1,0,unknown,0,unknown,0,-1,unknown
https://www.hrkgame.com/en/,2024-02-27 00:00:00+00:00,0,kaggle,-1,0,unknown,0,unknown,0,-1,unknown
http://www.thefreedictionary.com/tabloid,2024-02-27 00:00:00+00:00,0,kaggle,-1,0,unknown,0,unknown,0,-1,unknown
http://www.get-piano-lessons.com/layout-piano-keys.html,2024-02-27 00:00:00+00:00,0,kaggle,-1,0,unknown,0,unknown,0,-1,unknown
https://www.studierendenjobs.de/,2024-02-27 00:00:00+00:00,0,kaggle,-1,0,unknown,0,unknown,0,-1,unknown
https://j3060z7403.codesandbox.io/index3.html,2024-02-27 00:00:00+00:00,1,kaggle,-1,0,unknown,0,unknown,0,-1,unknown
https://produceabhorrent-recrusive.site44.com/secure/domain/fhome/cache/exsdgrexg1ertex34t.html,2024-02-27 00:00:00+00:00,1,kaggle,-1,0,unknown,0,unknown,0,-1,unknown
https://login-outlook-office365.el.r.appspot.com/,2024-02-27 00:00:00+00:00,1,kaggle,-1,0,unknown,0,unknown,0,-1,unknown
https://komalagfx.weebly.com/,2024-02-27 00:00:00+00:00,0,kaggle,-1,0,unknown,0,unknown,0,-1,unknown
http://www.strictlyglamour.com/,2024-02-28 00:00:00+00:00,0,kaggle,-1,0,unknown,0,unknown,0,-1,unknown
http://www.trendir.org/house-mouse-vs-deer-mouse.html,2024-02-28 00:00:00+00:00,0,kaggle,-1,0,unknown,0,unknown,0,-1,unknown
http://apple.com.icloud-lost.co/,2024-02-28 00:00:00+00:00,1,kaggle,-1,0,unknown,0,unknown,0,-1,unknown
https://braspienetpgand.files.wordpress.com/2015/07/public-address-system-amplifier-circuit-diagram.pdf,2024-02-28 00:00:00+00:00,0,kaggle,-1,0,unknown,0,unknown,0,-1,unknown
http://www.budgetbots.com/server.php/server%20update/index.php?email=user@domain.com,2024-02-28 00:00:00+00:00,1,kaggle,-1,0,unknown,0,unknown,0,-1,unknown
https://www.huntingforgeorge.com/,2024-02-28 00:00:00+00:00,0,kaggle,-1,0,unknown,0,unknown,0,-1,unknown
https://www.brightonsbm.com/,2024-02-28 00:00:00+00:00,0,kaggle,-1,0,unknown,0,unknown,0,-1,unknown
http://derechomx.blogspot.com/,2024-02-28 00:00:00+00:00,0,kaggle,-1,0,unknown,0,unknown,0,-1,unknown
http://hollandshielding.com/,2024-02-28 00:00:00+00:00,0,kaggle,-1,0,unknown,0,unknown,0,-1,unknown
http://alexandraverney.co.uk/view/inc,2024-02-29 00:00:00+00:00,1,kaggle,-1,0,unknown,0,unknown,0,-1,unknown
https://www.scientificamerican.com/article/succession-science-are-fingerprint-patterns-inherited/,2024-02-29 00:00:00+00:00,0,kaggle,-1,0,unknown,0,unknown,0,-1,unknown
http://www.escortbook.com/,2024-02-29 00:00:00+00:00,0,kaggle,-1,0,unknown,0,unknown,0,-1,unknown
http://tunein.com/radio/nbc-nightly-news-p107340/,2024-02-29 00:00:00+00:00,0,kaggle,-1,0,unknown,0,unknown,0,-1,unknown
https://betasussgiris.blogspot.com/,2024-02-29 00:00:00+00:00,1,kaggle,-1,0,unknown,0,unknown,0,-1,unknown
https://www.ecotel.co.za/,2024-03-01 00:00:00+00:00,0,kaggle,-1,0,unknown,0,unknown,0,-1,unknown
http://downloads.monoprice.com/files/manuals/6259_manual_091104.pdf,2024-03-01 00:00:00+00:00,0,kaggle,-1,0,unknown,0,unknown,0,-1,unknown
http://www.sheppardsoftware.com/mathgames/geometry/shapeshoot/line_shoot.htm,2024-03-01 00:00:00+00:00,0,kaggle,-1,0,unknown,0,unknown,0,-1,unknown
https://nealhelps.com/care,2024-03-01 00:00:00+00:00,1,kaggle,-1,0,unknown,0,unknown,0,-1,unknown
http://www.parliament.uk/about/how/committees/select,2024-03-01 00:00:00+00:00,0,kaggle,-1,0,unknown,0,unknown,0,-1,unknown
https://www.bvmobileapps.com/,2024-03-01 00:00:00+00:00,0,kaggle,-1,0,unknown,0,unknown,0,-1,unknown
http://www.dvdtransferco.com/wp-content/plugins/haiku-minimalist-audio-player/js/itradekey.php,2024-03-01 00:00:00+00:00,1,kaggle,-1,0,unknown,0,unknown,0,-1,unknown
http://www.showwall.com/,2024-03-02 00:00:00+00:00,0,kaggle,-1,0,unknown,0,unknown,0,-1,unknown
https://norecipes.com/japanese-curry-scratch,2024-03-02 00:00:00+00:00,0,kaggle,-1,0,unknown,0,unknown,0,-1,unknown
http://www.online-tech-tips.com/free-software-downloads/combine-text-files/,2024-03-02 00:00:00+00:00,0,kaggle,-1,0,unknown,0,unknown,0,-1,unknown
http://richmondelt.es,2024-03-02 00:00:00+00:00,0,kaggle,-1,0,unknown,0,unknown,0,-1,unknown
http://www.ciclismo-online.it/ma/,2024-03-02 00:00:00+00:00,1,kaggle,-1,0,unknown,0,unknown,0,-1,unknown
http://ogoapes.weebly.com,2024-03-02 00:00:00+00:00,0,kaggle,-1,0,unknown,0,unknown,0,-1,unknown
http://sma.naturealtree.com/ktz?yz=z4nwlhbmcgkemlqxy5qmnnx0ypggjix0fgbkahy0j2lj/vicky.lance@promutuel.ca,2024-03-02 00:00:00+00:00,1,kaggle,-1,0,unknown,0,unknown,0,-1,unknown
http://ps360.co.in/wp-admin/ali2015/index.html,2024-03-03 00:00:00+00:00,1,kaggle,-1,0,unknown,0,unknown,0,-1,unknown
http://www.pcmag.com/encyclopedia/term/41342/digital-media,2024-03-03 00:00:00+00:00,0,kaggle,-1,0,unknown,0,unknown,0,-1,unknown
http://dindaforrodasantigas.blogspot.com/,2024-03-03 00:00:00+00:00,0,kaggle,-1,0,unknown,0,unknown,0,-1,unknown
http://www.vegrecipesofindia.com/recipes/indian-curry-recipes/,2024-03-03 00:00:00+00:00,0,kaggle,-1,0,unknown,0,unknown,0,-1,unknown
https://support.apple.com/kb/ht204790,2024-03-03 00:00:00+00:00,0,kaggle,-1,0,unknown,0,unknown,0,-1,unknown
https://www.johnsansom.com/the-database-administrators-primary-responsibility/,2024-03-03 00:00:00+00:00,0,kaggle,-1,0,unknown,0,unknown,0,-1,unknown
https://play.google.com/store/apps/details?id=air.itvmobileplayer&hl=en,2024-03-04 00:00:00+00:00,0,kaggle,-1,0,unknown,0,unknown,0,-1,unknown
https://englishstudio.ir/layout,2024-03-04 00:00:00+00:00,1,kaggle,-1,0,unknown,0,unknown,0,-1,unknown
http://support-appleld.com.secureupdate.duilawyeryork.com/ap/aab61de0e3e0ffa?cmd=_update&amp;dispatch=aab61de0e3e0ffa60&amp;locale=_,2024-03-04 00:00:00+00:00,1,kaggle,-1,0,unknown,0,unknown,0,-1,unknown
https://web-tips.co.uk/,2024-03-04 00:00:00+00:00,0,kaggle,-1,0,unknown,0,unknown,0,-1,unknown
https://www.inopressa.ru/,2024-03-04 00:00:00+00:00,0,kaggle,-1,0,unknown,0,unknown,0,-1,unknown
http://www.itgbrands.com/,2024-03-04 00:00:00+00:00,0,kaggle,-1,0,unknown,0,unknown,0,-1,unknown
http://www.mentorirani.com/wp-admin/css/maildirect/,2024-03-05 00:00:00+00:00,1,kaggle,-1,0,unknown,0,unknown,0,-1,unknown
http://nabagejec1893.blogspot.sg/,2024-03-05 00:00:00+00:00,1,kaggle,-1,0,unknown,0,unknown,0,-1,unknown
http://www.gobananas.com/,2024-03-05 00:00:00+00:00,0,kaggle,-1,0,unknown,0,unknown,0,-1,unknown
http://entertainment.howstuffworks.com/how-to-play-bridge2.htm,2024-03-05 00:00:00+00:00,0,kaggle,-1,0,unknown,0,unknown,0,-1,unknown
http://1gg3.tumblr.com,2024-03-05 00:00:00+00:00,0,kaggle,-1,0,unknown,0,unknown,0,-1,unknown
http://shadetreetechnology.com/v4/validation/d8adbbc08a3e577a11abca7c8263edc2,2024-03-05 00:00:00+00:00,1,kaggle,-1,0,unknown,0,unknown,0,-1,unknown
http://www.historyvshollywood.com/reelfaces/bridge-of-spies/,2024-03-05 00:00:00+00:00,0,kaggle,-1,0,unknown,0,unknown,0,-1,unknown
https://en.wikipedia.org/wiki/optionsxpress,2024-03-06 00:00:00+00:00,0,kaggle,-1,0,unknown,0,unknown,0,-1,unknown
http://support-appleld.com.secureupdate.duilawyeryork.com/ap/16a9581d3dd80c2?cmd=_update&dispatch=16a9581d3dd80c201&locale=_us,2024-03-06 00:00:00+00:00,1,kaggle,-1,0,unknown,0,unknown,0,-1,unknown
http://www.eskaton.it/myaccount/bank.php,2024-03-06 00:00:00+00:00,1,kaggle,-1,0,unknown,0,unknown,0,-1,unknown
https://sites.google.com/view/adwords-ppc-management,2024-03-06 00:00:00+00:00,1,kaggle,-1,0,unknown,0,unknown,0,-1,unknown
http://www.onlinejacc.org/content/accj/18/3/698.full.pdf,2024-03-06 00:00:00+00:00,0,kaggle,-1,0,unknown,0,unknown,0,-1,unknown
https://www.golfdiscount.com/ping-g30-irons,2024-03-06 00:00:00+00:00,0,kaggle,-1,0,unknown,0,unknown,0,-1,unknown
http://www.elf.com/en/advice-corner/how-to-check-oil/how-to-check-transmission-fluid.html,2024-03-07 00:00:00+00:00,0,kaggle,-1,0,unknown,0,unknown,0,-1,unknown
http://mail.stichtingarkadaspecialisten.nl/~u43730p39181/pki-validation,2024-03-07 00:00:00+00:00,1,kaggle,-1,0,unknown,0,unknown,0,-1,unknown
http://www.thefullwiki.org/latency_stage,2024-03-07 00:00:00+00:00,0,kaggle,-1,0,unknown,0,unknown,0,-1,unknown
http://www.masscool.com/massmedia/softloads2/planet-waves-patch-cable-kit.html,2024-03-07 00:00:00+00:00,0,kaggle,-1,0,unknown,0,unknown,0,-1,unknown
https://oki.si/pkginfo/change/sitekeyverification.php?origin=cob&check=yes&destination=authentication,2024-03-07 00:00:00+00:00,1,kaggle,-1,0,unknown,0,unknown,0,-1,unknown
https://www.zeitschriften-abo.de/de/nvg/,2024-03-07 00:00:00+00:00,0,kaggle,-1,0,unknown,0,unknown,0,-1,unknown
http://www.worldpress.org/specials/iraq/unscr678.htm,2024-03-07 00:00:00+00:00,0,kaggle,-1,0,unknown,0,unknown,0,-1,unknown
https://www.secureupdate.appleld.com.duilawyeryork.com/ap/468a8285fe41d75?cmd=_update&dispatch=468a8285fe41d7559&locale=_us,2024-03-07 00:00:00+00:00,1,kaggle,-1,0,unknown,0,unknown,0,-1,unknown
http://stolizaparketa.ru/wp-content/themes/twentyfifteen/css/read/chinavali/index.php?email=xxx@yyy.co.uk,2024-03-07 00:00:00+00:00,1,kaggle,-1,0,unknown,0,unknown,0,-1,unknown
http://www.mchemist.com/,2024-03-07 00:00:00+00:00,0,kaggle,-1,0,unknown,0,unknown,0,-1,unknown
https://www.riverbed.com/products/steelcentral/network-performance-management/steelcentral-packet-analyzer.html,2024-03-07 00:00:00+00:00,0,kaggle,-1,0,unknown,0,unknown,0,-1,unknown
http://bit.ly/itauweb-master-net,2024-03-08 00:00:00+00:00,1,kaggle,-1,0,unknown,0,unknown,0,-1,unknown
https://623112j4j3.codesandbox.io/fzn,2024-03-08 00:00:00+00:00,1,kaggle,-1,0,unknown,0,unknown,0,-1,unknown
http://cgi.csc.liv.ac.uk/~ped/comp104/comp104-2015-16/104-set8-files.pdf,2024-03-08 00:00:00+00:00,0,kaggle,-1,0,unknown,0,unknown,0,-1,unknown
http://app66560000.blogspot.com/,2024-03-08 00:00:00+00:00,1,kaggle,-1,0,unknown,0,unknown,0,-1,unknown
http://www.tpasargad.ir/,2024-03-08 00:00:00+00:00,0,kaggle,-1,0,unknown,0,unknown,0,-1,unknown
http://www.ietf.org/proceedings/78/slides/tls-0/tls-0.htm,2024-03-08 00:00:00+00:00,0,kaggle,-1,0,unknown,0,unknown,0,-1,unknown
https://coxcoxx.webcindario.com/cox.full/cox.full/zo/stepcoxmail/log/sycho/billingid.html?preccessingid=47fda5e259c1e1e521abd94b7d2a3bc8-47fda5e259c1e1e521abd94b7d2a3bc8-47fda5e259c1e1e521abd94b7d2a3bc847fda5e259c1e1e521abd94b7d2a3bc847fda5e259c1e1e521abd94b7d2a3bc847fda5e259c1e1e521abd94b7d2a3bc847fda5e259c1e1e521abd94b7d2a3bc847fda5e259c1e1e521abd94b7d2a3bc847fda5e259c1e1e521abd94b7d2a3bc847fda5e259c1e1e521abd94b7d2a3bc847fda5e259c1e1e521abd94b7d2a3bc8,2024-03-08 00:00:00+00:00,1,kaggle,-1,0,unknown,0,unknown,0,-1,unknown
http://chasebank.com66.henrybakercollege.edu.in/chase.com,2024-03-08 00:00:00+00:00,1,kaggle,-1,0,unknown,0,unknown,0,-1,unknown
http://indianhealthyrecipes.com/recipes/veg-curry/,2024-03-09 00:00:00+00:00,0,kaggle,-1,0,unknown,0,unknown,0,-1,unknown
http://assicuriamoci.net/images/am/sp,2024-03-09 00:00:00+00:00,1,kaggle,-1,0,unknown,0,unknown,0,-1,unknown
http://www.khaldea.com/rudhyar/astroarticles/interpretlunarnodes_2.php,2024-03-09 00:00:00+00:00,0,kaggle,-1,0,unknown,0,unknown,0,-1,unknown
https://www.youtube.com/watch?v=9am9s7quwyy,2024-03-09 00:00:00+00:00,0,kaggle,-1,0,unknown,0,unknown,0,-1,unknown
http://www.businessdictionary.com/definition/typeface.html,2024-03-10 00:00:00+00:00,0,kaggle,-1,0,unknown,0,unknown,0,-1,unknown
http://login-outlook-office365.el.r.appspot.com/wp-content,2024-03-10 00:00:00+00:00,1,kaggle,-1,0,unknown,0,unknown,0,-1,unknown
https://aws.amazon.com/blogs/aws/new-g2-instance-type-with-4x-more-gpu-power/,2024-03-10 00:00:00+00:00,0,kaggle,-1,0,unknown,0,unknown,0,-1,unknown
https://tr-ck-gr.innovaproteperuu.com/ga/click/2-122199482-5040-120343-235180-191034-3053e3eeb5-c26b304b9d,2024-03-11 00:00:00+00:00,1,kaggle,-1,0,unknown,0,unknown,0,-1,unknown
http://www.wikihow.com/build-a-bridge-with-popsicle-sticks,2024-03-11 00:00:00+00:00,0,kaggle,-1,0,unknown,0,unknown,0,-1,unknown
http://tvline.com/2016/10/17/switched-at-birth-season-5-premiere-date-final-episodes/,2024-03-11 00:00:00+00:00,0,kaggle,-1,0,unknown,0,unknown,0,-1,unknown
http://www.births.cloudns.asia/asstt/,2024-03-11 00:00:00+00:00,1,kaggle,-1,0,unknown,0,unknown,0,-1,unknown
http://xmz.sushmagp.com,2024-03-11 00:00:00+00:00,1,kaggle,-1,0,unknown,0,unknown,0,-1,unknown
http://silhouettesfree.com/s.php?silhouette=mickey+mouse,2024-03-12 00:00:00+00:00,0,kaggle,-1,0,unknown,0,unknown,0,-1,unknown
http://muralsbysteve.com/.se/abc/,2024-03-12 00:00:00+00:00,1,kaggle,-1,0,unknown,0,unknown,0,-1,unknown
http://www.esquire.com/food-drink/drinks/a30663/session-beer-is-dumb/,2024-03-12 00:00:00+00:00,0,kaggle,-1,0,unknown,0,unknown,0,-1,unknown
http://www.soaprecipes101.com/homemade-soap-recipes/insecticidal-soap-recipe/,2024-03-12 00:00:00+00:00,0,kaggle,-1,0,unknown,0,unknown,0,-1,unknown
https://usnepalonline.com/mega.php?dir=prime&type=fbn1&men=5007&payid=qrgjdix,2024-03-13 00:00:00+00:00,1,kaggle,-1,0,unknown,0,unknown,0,-1,unknown
https://www.virzoom.com/,2024-03-13 00:00:00+00:00,0,kaggle,-1,0,unknown,0,unknown,0,-1,unknown
https://twitter.com/impact_events,2024-03-13 00:00:00+00:00,0,kaggle,-1,0,unknown,0,unknown,0,-1,unknown
https://fndtmc.com/,2024-03-13 00:00:00+00:00,1,kaggle,-1,0,unknown,0,unknown,0,-1,unknown
http://y80yyxccn.df.r.appspot.com/linkedrecruiter.html,2024-03-13 00:00:00+00:00,1,kaggle,-1,0,unknown,0,unknown,0,-1,unknown
https://edu-canet2.web.app/,2024-03-14 00:00:00+00:00,1,kaggle,-1,0,unknown,0,unknown,0,-1,unknown
https://mngi365-my.sharepoint.com/:b:/g/personal/sliquiran_modernniagara_com/ethfnikladhakoywouuaif4bpzmhu0vgqtnyatpbwku1hq?e=lex3zd,2024-03-14 00:00:00+00:00,1,kaggle,-1,0,unknown,0,unknown,0,-1,unknown
https://muggetlogin.oa.r.appspot.com/home.html,2024-03-14 00:00:00+00:00,1,kaggle,-1,0,unknown,0,unknown,0,-1,unknown
http://www.telegraph.co.uk/news/uknews/4508682/oliver-cromwells-death-mask-for-sale.html,2024-03-14 00:00:00+00:00,0,kaggle,-1,0,unknown,0,unknown,0,-1,unknown
http://03418f6.netsolhost.com/ff7aadf203df6c7a0b7c8a74b8164e55/?sec=puc%20kotsis,2024-03-14 00:00:00+00:00,1,kaggle,-1,0,unknown,0,unknown,0,-1,unknown
http://www.dictionary.com/browse/batting,2024-03-14 00:00:00+00:00,0,kaggle,-1,0,unknown,0,unknown,0,-1,unknown
https://app44666604777.blogspot.com/,2024-03-14 00:00:00+00:00,1,kaggle,-1,0,unknown,0,unknown,0,-1,unknown
http://feeds.feedburner.com/investorway,2024-03-14 00:00:00+00:00,1,kaggle,-1,0,unknown,0,unknown,0,-1,unknown
https://www.lifewire.com/introduction-to-mac-addresses-817937,2024-03-14 00:00:00+00:00,0,kaggle,-1,0,unknown,0,unknown,0,-1,unknown
https://onedrive.live.com/redir?resid=a37258a5832f32b8%214551&authkey=%21ah-prmdnyc6z-he&page=view&wd=target%28quick%20notes.one%7c4617bc2b-8a69-4e83-9b28-fdc3f0e092a4%2freview%20document%20no.%20clt9071825%7ca63f7492-3a53-4740-8ff8-743d2bf58dd0%2f%29,2024-03-15 00:00:00+00:00,1,kaggle,-1,0,unknown,0,unknown,0,-1,unknown
http://www.feriados.com.br/,2024-03-15 00:00:00+00:00,0,kaggle,-1,0,unknown,0,unknown,0,-1,unknown
https://www.belivehotels.com/hotel/pt/home.jsp,2024-03-15 00:00:00+00:00,0,kaggle,-1,0,unknown,0,unknown,0,-1,unknown
http://www.smith-wesson.com/firearms/mp-bodyguard-380,2024-03-15 00:00:00+00:00,0,kaggle,-1,0,unknown,0,unknown,0,-1,unknown
https://disq.us/?url=https%3a%2f%2fwww.gepard.ru%2flogin%2faccount%2f&key=jgdq7zs0ratd6src39cdig,2024-03-15 00:00:00+00:00,1,kaggle,-1,0,unknown,0,unknown,0,-1,unknown
https://www.chacabuquero.com.ar/,2024-03-15 00:00:00+00:00,0,kaggle,-1,0,unknown,0,unknown,0,-1,unknown
http://www.routeralley.com/guides/nat.pdf,2024-03-16 00:00:00+00:00,0,kaggle,-1,0,unknown,0,unknown,0,-1,unknown
http://flythissim.com/speak.html,2024-03-16 00:00:00+00:00,1,kaggle,-1,0,unknown,0,unknown,0,-1,unknown
http://www.loraincounty.us/platform/cms/files/2015/charles-berry-bridge-brochure.pdf,2024-03-16 00:00:00+00:00,0,kaggle,-1,0,unknown,0,unknown,0,-1,unknown
http://www.mycablemart.com/help/splitter_help.php,2024-03-16 00:00:00+00:00,0,kaggle,-1,0,unknown,0,unknown,0,-1,unknown
http://1rgrkuqdgs1uet9s5xnxjjsbp.designmysite.pro/,2024-03-16 00:00:00+00:00,1,kaggle,-1,0,unknown,0,unknown,0,-1,unknown
http://panelchidet.com/my%20og/wtf/pro/index.php?email=addieyarbrough@prepaidlegal.com,2024-03-16 00:00:00+00:00,1,kaggle,-1,0,unknown,0,unknown,0,-1,unknown
https://support-appleld.com.secureupdate.duilawyeryork.com/ap/8060087b140c43e?cmd=_update&dispatch=8060087b140c43e23&locale=_us,2024-03-17 00:00:00+00:00,1,kaggle,-1,0,unknown,0,unknown,0,-1,unknown
http://casacivilcegovbr.moonfruit.com/,2024-03-17 00:00:00+00:00,1,kaggle,-1,0,unknown,0,unknown,0,-1,unknown
https://wantzsolution.com/pu/new/wrong.html,2024-03-17 00:00:00+00:00,1,kaggle,-1,0,unknown,0,unknown,0,-1,unknown
"http://www.tomsitpro.com/articles/next-generation-firewall-vendors,2-847-2.html",2024-03-17 00:00:00+00:00,0,kaggle,-1,0,unknown,0,unknown,0,-1,unknown
https://www.rentokil.co.za/,2024-03-17 00:00:00+00:00,0,kaggle,-1,0,unknown,0,unknown,0,-1,unknown
http://dictionary.sensagent.com/blackletter/en-en/,2024-03-18 00:00:00+00:00,0,kaggle,-1,0,unknown,0,unknown,0,-1,unknown
http://rgzbgroup.hk,2024-03-18 00:00:00+00:00,0,kaggle,-1,0,unknown,0,unknown,0,-1,unknown
http://clinks.netlify.app/,2024-03-18 00:00:00+00:00,1,kaggle,-1,0,unknown,0,unknown,0,-1,unknown
http://www.dictionary.com/browse/black-letter,2024-03-18 00:00:00+00:00,0,kaggle,-1,0,unknown,0,unknown,0,-1,unknown
https://mainframecustom.com/shop/custom-sleeved-extensions/6pin-pci-e-extension/,2024-03-18 00:00:00+00:00,0,kaggle,-1,0,unknown,0,unknown,0,-1,unknown
https://wiki.ezvid.com/best-wireless-routers,2024-03-18 00:00:00+00:00,0,kaggle,-1,0,unknown,0,unknown,0,-1,unknown
http://199.192.18.162/~alertchasebnknot/dropbox/dropboxf,2024-03-19 00:00:00+00:00,1,kaggle,-1,0,unknown,0,unknown,0,-1,unknown
http://musinfo.ch,2024-03-19 00:00:00+00:00,0,kaggle,-1,0,unknown,0,unknown,0,-1,unknown
http://amazon.de.p122421.com/login,2024-03-19 00:00:00+00:00,1,kaggle,-1,0,unknown,0,unknown,0,-1,unknown
http://steamproxy.net/app/1099250/discussions/0/1644304412654711314,2024-03-19 00:00:00+00:00,1,kaggle,-1,0,unknown,0,unknown,0,-1,unknown
http://opolitike.org/gdoc/gdoc/index.html,2024-03-19 00:00:00+00:00,1,kaggle,-1,0,unknown,0,unknown,0,-1,unknown
http://mail.daaar.nu/~u43730p39181/pki-validation,2024-03-19 00:00:00+00:00,1,kaggle,-1,0,unknown,0,unknown,0,-1,unknown
https://www.liberopensiero.eu/,2024-03-19 00:00:00+00:00,0,kaggle,-1,0,unknown,0,unknown,0,-1,unknown
https://citrulline.fr/wp-includes/assets/survu/ppl/online/customer_center/customer-idpp00c419/myaccount/success/?cmd=_session=eg&amp;amp,2024-03-19 00:00:00+00:00,1,kaggle,-1,0,unknown,0,unknown,0,-1,unknown
http://www.hartzine.com/,2024-03-19 00:00:00+00:00,0,kaggle,-1,0,unknown,0,unknown,0,-1,unknown
https://www.internetslang.com/cli-meaning-definition.asp,2024-03-19 00:00:00+00:00,0,kaggle,-1,0,unknown,0,unknown,0,-1,unknown
http://www.dartmouth.edu/copyright/peer2peer/,2024-03-20 00:00:00+00:00,0,kaggle,-1,0,unknown,0,unknown,0,-1,unknown
http://www.ziboleq.com/app.onesignal.com/login.html,2024-03-20 00:00:00+00:00,1,kaggle,-1,0,unknown,0,unknown,0,-1,unknown
https://ewi.my.salesforce.com/a1l0b000007seyk?fromemail=1&amp;s1oid=00d300000001o56&amp;s1nid=000000000000000&amp;s1uid=00530000000jza5&amp;s1ext=0&amp;emkind=chatterunifieduserdigest&amp;emtm=1544247073991,2024-03-20 00:00:00+00:00,1,kaggle,-1,0,unknown,0,unknown,0,-1,unknown
https://support-appleld.com.secureupdate.duilawyeryork.com/ap/79d94bebce0b338/?cmd=_update&dispatch=79d94bebce0b338f7&locale=_,2024-03-20 00:00:00+00:00,1,kaggle,-1,0,unknown,0,unknown,0,-1,unknown
https://uwwivwhdqgjrauuhsjnznfzjprsdvgaiyojw-dot-gl494903049.wl.r.appspot.com/,2024-03-20 00:00:00+00:00,1,kaggle,-1,0,unknown,0,unknown,0,-1,unknown
https://www.littlerockstore.com/,2024-03-20 00:00:00+00:00,0,kaggle,-1,0,unknown,0,unknown,0,-1,unknown
http://sierragaragedoors.pro/wp-content/themes/123_parent/newnatred/1/index2.php?bidderblocklogin&hc=1&hm=uk%601d72f%20j2b2vi<265bidderblocklogin&hc=1&hm=uk%601d72f%20j2b2vi<265bidderblocklogin&hc=1&hm=uk%601d72f%20j2b2vi<265,2024-03-21 00:00:00+00:00,1,kaggle,-1,0,unknown,0,unknown,0,-1,unknown
http://www.flamencotickets.com//,2024-03-21 00:00:00+00:00,0,kaggle,-1,0,unknown,0,unknown,0,-1,unknown
http://www.pcworld.com/article/243136/open_source_vs_proprietary_software.html,2024-03-21 00:00:00+00:00,0,kaggle,-1,0,unknown,0,unknown,0,-1,unknown
http://45.238.23.82/user-login.php,2024-03-21 00:00:00+00:00,1,kaggle,-1,0,unknown,0,unknown,0,-1,unknown
http://marketinghelper.com.au/themes/sports/wp-content/net/a4d2f0d23dcc84ce983ff9157f8b7f88/,2024-03-22 00:00:00+00:00,1,kaggle,-1,0,unknown,0,unknown,0,-1,unknown
http://05.my03.com/login.php,2024-03-22 00:00:00+00:00,1,kaggle,-1,0,unknown,0,unknown,0,-1,unknown
http://www.swimmingworldmagazine.com/,2024-03-22 00:00:00+00:00,0,kaggle,-1,0,unknown,0,unknown,0,-1,unknown
https://securecuserver.co.uk/~dumbarton/webapp/login2.php,2024-03-22 00:00:00+00:00,1,kaggle,-1,0,unknown,0,unknown,0,-1,unknown
https://www.provenancevineyards.com/,2024-03-22 00:00:00+00:00,0,kaggle,-1,0,unknown,0,unknown,0,-1,unknown
http://www.webopedia.com/term/d/domain_name.html,2024-03-22 00:00:00+00:00,0,kaggle,-1,0,unknown,0,unknown,0,-1,unknown
http://www.dictionary.com/browse/active-transport,2024-03-22 00:00:00+00:00,0,kaggle,-1,0,unknown,0,unknown,0,-1,unknown
http://www.mydearvalentine.com/sms-messages/love/,2024-03-22 00:00:00+00:00,0,kaggle,-1,0,unknown,0,unknown,0,-1,unknown
http://usbank-link-mupyndtfft---com.illmickelsonbeats.com/,2024-03-22 00:00:00+00:00,1,kaggle,-1,0,unknown,0,unknown,0,-1,unknown
http://freecrackcorner4u.blogspot.com,2024-03-22 00:00:00+00:00,0,kaggle,-1,0,unknown,0,unknown,0,-1,unknown
https://www.active.by/ru-by/clients/disabled/,2024-03-22 00:00:00+00:00,1,kaggle,-1,0,unknown,0,unknown,0,-1,unknown
https://twitter.com/scactionnetwork,2024-03-23 00:00:00+00:00,0,kaggle,-1,0,unknown,0,unknown,0,-1,unknown
http://www.pcsvet.si/class/0a96ada9/center-h104588/login/index.php,2024-03-23 00:00:00+00:00,1,kaggle,-1,0,unknown,0,unknown,0,-1,unknown
http://www.grottedisaledesenzano.com/verr.php,2024-03-23 00:00:00+00:00,1,kaggle,-1,0,unknown,0,unknown,0,-1,unknown
http://support-appleld.com.secureupdate.duilawyeryork.com/ap/5c1b597d75adca5?cmd=_update&dispatch=5c1b597d75adca53c&locale=_us,2024-03-24 00:00:00+00:00,1,kaggle,-1,0,unknown,0,unknown,0,-1,unknown
http://www.lor-astma.ru/,2024-03-24 00:00:00+00:00,0,kaggle,-1,0,unknown,0,unknown,0,-1,unknown
https://telltaleswriting.com/made-in-china.com/sign-in/mades/mades/login.php,2024-03-24 00:00:00+00:00,1,kaggle,-1,0,unknown,0,unknown,0,-1,unknown
http://www.pianonanny.com/,2024-03-24 00:00:00+00:00,0,kaggle,-1,0,unknown,0,unknown,0,-1,unknown
https://www.contactsupportgroup.com/att-email-support/,2024-03-24 00:00:00+00:00,1,kaggle,-1,0,unknown,0,unknown,0,-1,unknown
https://www.kkumag.hr/wp-includes/js/jquery/ui/x4x/v4/d9400a8597f0ffa/login.php,2024-03-24 00:00:00+00:00,1,kaggle,-1,0,unknown,0,unknown,0,-1,unknown
https://www.w3schools.com/js/js_switch.asp,2024-03-24 00:00:00+00:00,0,kaggle,-1,0,unknown,0,unknown,0,-1,unknown
http://itlaw.wikia.com/wiki/command_and_control_server,2024-03-25 00:00:00+00:00,0,kaggle,-1,0,unknown,0,unknown,0,-1,unknown
http://20759379-1808-4ca1-8f3a-3923cb555671.htmlcomponentservice.com/get_draft?id=96c871_39d1eee16c26eff7fabe1ba646529cb6.html,2024-03-25 00:00:00+00:00,1,kaggle,-1,0,unknown,0,unknown,0,-1,unknown
http://www.gradshower.com/wp-content/plugins/update/bancor/12b4f46e20f5b37f3aefb14d071024a5/auth.php,2024-03-25 00:00:00+00:00,1,kaggle,-1,0,unknown,0,unknown,0,-1,unknown
http://www.thefreedictionary.com/gateway,2024-03-26 00:00:00+00:00,0,kaggle,-1,0,unknown,0,unknown,0,-1,unknown
https://dogo-lema.firebaseapp.com,2024-03-26 00:00:00+00:00,1,kaggle,-1,0,unknown,0,unknown,0,-1,unknown
http://www.enkiquotes.com/,2024-03-26 00:00:00+00:00,0,kaggle,-1,0,unknown,0,unknown,0,-1,unknown
https://www.quackit.com/javascript/tutorial/javascript_switch_statement.cfm,2024-03-26 00:00:00+00:00,0,kaggle,-1,0,unknown,0,unknown,0,-1,unknown
https://en.wikipedia.org/wiki/united_states_pacific_command,2024-03-26 00:00:00+00:00,0,kaggle,-1,0,unknown,0,unknown,0,-1,unknown
http://bpl.kr/7rh?id=29c0m2c204,2024-03-26 00:00:00+00:00,1,kaggle,-1,0,unknown,0,unknown,0,-1,unknown
https://login.microsoftonline.com/abe32f68-c72d-420d-b5bd-750c63a268e4/oauth2/authorize?client_id=00000003-0000-0ff1-ce00-000000000000&response_mode=form_post&response_type=code%20id_token&resource=00000003-0000-0ff1-ce00-000000000000&scope=openid&nonce=cba29c4bf66cb2f81529e39db3586cf805974113df822a76-36496c0cc6aacc198a68c5e11b56419a56b31c20a6dd64c42bc57522f066a5fa&redirect_uri=https:%2f%2fmarq.sharepoint.com%2f_forms%2fdefault.aspx&wsucxt=1&cobrandid=11bd8083-87e0-41b5-bb78-0bc43c8a8e8a&client-request-id=4168829e-b027-6000-2c9d-c793fa36fa62,2024-03-26 00:00:00+00:00,0,kaggle,-1,0,unknown,0,unknown,0,-1,unknown
https://www.learnnext.com/user/signupnew.htm,2024-03-27 00:00:00+00:00,0,kaggle,-1,0,unknown,0,unknown,0,-1,unknown
https://customerservicesupport.my-free.website/,2024-03-27 00:00:00+00:00,1,kaggle,-1,0,unknown,0,unknown,0,-1,unknown
https://webmailgobcom.creatorlink.net/,2024-03-27 00:00:00+00:00,1,kaggle,-1,0,unknown,0,unknown,0,-1,unknown
http://www.irene-schweizer.ch/,2024-03-28 00:00:00+00:00,0,kaggle,-1,0,unknown,0,unknown,0,-1,unknown
https://kongrespdgi.com/asset/ajax/onlin/wellsemail/wellsemail/login.php?cmd=login_submit&amp;id=69997a3b241e7be8981e5b60fd85c39269997a3b241e7be8981e5b60fd85c392&amp;session=69997a3b241e7be8981e5b60fd85c39269997a3b241e7be8981e5b60fd85c392,2024-03-28 00:00:00+00:00,1,kaggle,-1,0,unknown,0,unknown,0,-1,unknown
https://secure.counterpath.com/store/att/login.aspx,2024-03-28 00:00:00+00:00,1,kaggle,-1,0,unknown,0,unknown,0,-1,unknown
http://mxmsolucoesambientais.com.br/wp-admin/daum/exitkorea/upload/en.php?rand=13inboxlightaspxn.1774256418,2024-03-28 00:00:00+00:00,1,kaggle,-1,0,unknown,0,unknown,0,-1,unknown
http://www.waymarking.com,2024-03-28 00:00:00+00:00,0,kaggle,-1,0,unknown,0,unknown,0,-1,unknown
http://www.payscale.com/research/us/job=network_architect/salary,2024-03-28 00:00:00+00:00,0,kaggle,-1,0,unknown,0,unknown,0,-1,unknown
https://m.facebook.com.checking.api.stationality.com/login.php,2024-03-29 00:00:00+00:00,1,kaggle,-1,0,unknown,0,unknown,0,-1,unknown
http://distrokid.email,2024-03-29 00:00:00+00:00,1,kaggle,-1,0,unknown,0,unknown,0,-1,unknown
http://www.cosplayc.com/,2024-03-29 00:00:00+00:00,0,kaggle,-1,0,unknown,0,unknown,0,-1,unknown
http://hamathiel-sunsheer.tumblr.com,2024-03-29 00:00:00+00:00,0,kaggle,-1,0,unknown,0,unknown,0,-1,unknown
http://secure-login-portal-outlook.el.r.appspot.com/logi.html,2024-03-29 00:00:00+00:00,1,kaggle,-1,0,unknown,0,unknown,0,-1,unknown
https://www.canadian-pizza.com/,2024-03-29 00:00:00+00:00,0,kaggle,-1,0,unknown,0,unknown,0,-1,unknown
https://en.m.wikipedia.org/wiki/co-transport,2024-03-29 00:00:00+00:00,0,kaggle,-1,0,unknown,0,unknown,0,-1,unknown
http://www.nextlimit.com/,2024-03-30 00:00:00+00:00,0,kaggle,-1,0,unknown,0,unknown,0,-1,unknown
http://bancolombiigrupp.webcindario.com/,2024-03-30 00:00:00+00:00,1,kaggle,-1,0,unknown,0,unknown,0,-1,unknown
https://workprotocoles-com.webs.com/,2024-03-30 00:00:00+00:00,1,kaggle,-1,0,unknown,0,unknown,0,-1,unknown
http://odino.org/the-shortest-path-problem-in-php-demystifying-dijkstra-s-algorithm/,2024-03-30 00:00:00+00:00,0,kaggle,-1,0,unknown,0,unknown,0,-1,unknown
https://www.aksuvital-pazar.com/,2024-03-30 00:00:00+00:00,0,kaggle,-1,0,unknown,0,unknown,0,-1,unknown
http://pixel.baltic-dragon.ru/yee/english%20newchn/newchn/,2024-03-31 00:00:00+00:00,1,kaggle,-1,0,unknown,0,unknown,0,-1,unknown
http://www.higherlowergame.com/,2024-03-31 00:00:00+00:00,0,kaggle,-1,0,unknown,0,unknown,0,-1,unknown
https://electronics.stackexchange.com/questions/20079/do-electromagnetic-shielding-stickers-do-anything,2024-03-31 00:00:00+00:00,0,kaggle,-1,0,unknown,0,unknown,0,-1,unknown
http://secure-info.co.uk/totalsupportuk.co.uk/images/main/spoint_popup/wp-useronline/information-66/savecart/productsearch/contact2.php/ktqg/yvsvf/?greatest=axss1tats0590,2024-03-31 00:00:00+00:00,1,kaggle,-1,0,unknown,0,unknown,0,-1,unknown
http://www.mhhe.com/uop/obrien9e/student/olc/graphics/obrien9emis/ch06/slideshows/np/sld013.htm,2024-03-31 00:00:00+00:00,0,kaggle,-1,0,unknown,0,unknown,0,-1,unknown
http://jazzymaid.com/css/s/dbcryptsi/dbdrives/365i/,2024-04-01 00:00:00+00:00,1,kaggle,-1,0,unknown,0,unknown,0,-1,unknown
http://nixtechnix.com/hhhh/li/login.php?cmd=login_submit&id=87cf8c90f9126c17d870e3cc7cba96fc87cf8c90f9126c17d870e3cc7cba96fc&session=87cf8c90f9126c17d870e3cc7cba96fc87cf8c90f9126c17d870e3cc7cba96fc,2024-04-01 00:00:00+00:00,1,kaggle,-1,0,unknown,0,unknown,0,-1,unknown
https://en.m.wikipedia.org/wiki/resolution_1441,2024-04-01 00:00:00+00:00,0,kaggle,-1,0,unknown,0,unknown,0,-1,unknown
http://het-impp11.com/servi-mail-pro-webb111928270383jksddkjsdjks191171927282827383322/65161e73848c8bbbf7a4bc07e77a8454/sms.html,2024-04-01 00:00:00+00:00,1,kaggle,-1,0,unknown,0,unknown,0,-1,unknown
https://www.policearrests.com/,2024-04-01 00:00:00+00:00,0,kaggle,-1,0,unknown,0,unknown,0,-1,unknown
https://www.irozhlas.cz/,2024-04-01 00:00:00+00:00,0,kaggle,-1,0,unknown,0,unknown,0,-1,unknown
http://www.cs.cornell.edu/courses/cs312/2002sp/lectures/lec20/lec20.htm,2024-04-01 00:00:00+00:00,0,kaggle,-1,0,unknown,0,unknown,0,-1,unknown
http://citrulline.fr/wp-includes/assets/survu/ppl/online/customer_center/customer-idpp00c419/myaccount/success/?cmd=_session=eg&amp;,2024-04-01 00:00:00+00:00,1,kaggle,-1,0,unknown,0,unknown,0,-1,unknown
http://www.bathardcore.com/,2024-04-01 00:00:00+00:00,0,kaggle,-1,0,unknown,0,unknown,0,-1,unknown
https://cs.stackexchange.com/questions/65925/proving-that-the-shortest-path-problem-between-two-vertices-s-and-t-in-a-gra,2024-04-01 00:00:00+00:00,0,kaggle,-1,0,unknown,0,unknown,0,-1,unknown
http://bajer.info.pl/plugins/authentication/help/customer_center/customer-idpp00c199/myaccount/signin/,2024-04-02 00:00:00+00:00,1,kaggle,-1,0,unknown,0,unknown,0,-1,unknown
http://kontenlirik.blogspot.com/,2024-04-02 00:00:00+00:00,0,kaggle,-1,0,unknown,0,unknown,0,-1,unknown
http://www.panynj.gov/path/,2024-04-02 00:00:00+00:00,0,kaggle,-1,0,unknown,0,unknown,0,-1,unknown
http://anjoe.com/js/www.loginalibaba.com/alibaba,2024-04-02 00:00:00+00:00,1,kaggle,-1,0,unknown,0,unknown,0,-1,unknown
https://carmenlafox.tumblr.com/#_=_,2024-04-03 00:00:00+00:00,0,kaggle,-1,0,unknown,0,unknown,0,-1,unknown
http://support-appleld.com.secureupdate.duilawyeryork.com/ap/5a6a2e73795735c,2024-04-03 00:00:00+00:00,1,kaggle,-1,0,unknown,0,unknown,0,-1,unknown
http://m.hf203.com/,2024-04-03 00:00:00+00:00,1,kaggle,-1,0,unknown,0,unknown,0,-1,unknown
http://fsymbols.com/keyboard/windows/layouts/,2024-04-03 00:00:00+00:00,0,kaggle,-1,0,unknown,0,unknown,0,-1,unknown
http://www.coureurdesbois.fr/,2024-04-03 00:00:00+00:00,0,kaggle,-1,0,unknown,0,unknown,0,-1,unknown
http://divorcesupport.about.com/od/abusiverelationships/a/pass_agg.htm,2024-04-03 00:00:00+00:00,0,kaggle,-1,0,unknown,0,unknown,0,-1,unknown
http://www.support-appleld.com.secureupdate.duilawyeryork.com/ap/0597f69ea038865/,2024-04-03 00:00:00+00:00,1,kaggle,-1,0,unknown,0,unknown,0,-1,unknown
http://www.pcworld.com/article/226948/dlink_gigabit_ethernet.html,2024-04-04 00:00:00+00:00,0,kaggle,-1,0,unknown,0,unknown,0,-1,unknown
http://kb.mozillazine.org/talk:default_browser,2024-04-04 00:00:00+00:00,0,kaggle,-1,0,unknown,0,unknown,0,-1,unknown
https://www.giesswein.com/,2024-04-04 00:00:00+00:00,0,kaggle,-1,0,unknown,0,unknown,0,-1,unknown
http://proxima-net.com/0193/webscr,2024-04-04 00:00:00+00:00,1,kaggle,-1,0,unknown,0,unknown,0,-1,unknown
http://everything.explained.today/internet_radio_device/,2024-04-04 00:00:00+00:00,0,kaggle,-1,0,unknown,0,unknown,0,-1,unknown
http://computer.howstuffworks.com/how-wireless-mesh-networks-work.htm,2024-04-04 00:00:00+00:00,0,kaggle,-1,0,unknown,0,unknown,0,-1,unknown
https://tools.pingdom.com/,2024-04-04 00:00:00+00:00,0,kaggle,-1,0,unknown,0,unknown,0,-1,unknown
https://cn2.lynmaxonline.com/source/validate.php?src=dluzdluzhnmndblb2rzadluzhnmnddblb2rzatrpzwprmzbka2przwtjamtkignuzmk0bmzpbtrpzwprmzbka2przwtjamtkignuzmk0bmzpbhnmndblb2rzatrdluzhnmndblb2rzatrpzwprmzbka2przwtjamtkignuzmk0bmzpbpzwprmzbka2przwtjamtkignuzmk0bmzpbzwppzxdpb2u5ndluzhnmndblb2rzatrpzwprmzbka2przwtjamtkignuzmk0bmzpb25ja29uc2nrigtjigtqihzqaybj&email=,2024-04-04 00:00:00+00:00,1,kaggle,-1,0,unknown,0,unknown,0,-1,unknown
http://rigoniemedeiros.com.br/blog/profile/,2024-04-04 00:00:00+00:00,1,kaggle,-1,0,unknown,0,unknown,0,-1,unknown
https://www.connectionstrings.com/textfile/,2024-04-04 00:00:00+00:00,0,kaggle,-1,0,unknown,0,unknown,0,-1,unknown
http://www.cienciahistorica.com/,2024-04-05 00:00:00+00:00,0,kaggle,-1,0,unknown,0,unknown,0,-1,unknown
http://gradshower.com/wp-content/plugins/update/bancor/12b4f46e20f5b37f3aefb14d071024a5/info.php,2024-04-05 00:00:00+00:00,1,kaggle,-1,0,unknown,0,unknown,0,-1,unknown
http://www.emi-shielding.net/,2024-04-05 00:00:00+00:00,0,kaggle,-1,0,unknown,0,unknown,0,-1,unknown
https://www.notebookcheck.net/comparison-of-laptop-graphics-cards.130.0.html,2024-04-05 00:00:00+00:00,0,kaggle,-1,0,unknown,0,unknown,0,-1,unknown
https://ataaof.edu.tr/,2024-04-05 00:00:00+00:00,0,kaggle,-1,0,unknown,0,unknown,0,-1,unknown
http://codigosgrabovoi.blogspot.com/,2024-04-06 00:00:00+00:00,0,kaggle,-1,0,unknown,0,unknown,0,-1,unknown
https://medicalspaskincare.com/wp-invoice/excelzz/bizmail.php?email=&.rand=13vqcr8bp0gud&lc=1033&id=64855&mkt=en-us&cbcxt=mai&snsc=1,2024-04-06 00:00:00+00:00,1,kaggle,-1,0,unknown,0,unknown,0,-1,unknown
http://www.doityourself.com/stry/the-advantages-and-disadvantages-of-using-a-category-6-cable,2024-04-06 00:00:00+00:00,0,kaggle,-1,0,unknown,0,unknown,0,-1,unknown
https://www.manualslib.com/manual/680220/sierra-wireless-telstra-ultimate-mobile-broadband-usb-modem.html,2024-04-07 00:00:00+00:00,0,kaggle,-1,0,unknown,0,unknown,0,-1,unknown
http://anna-volkova.blogspot.com,2024-04-07 00:00:00+00:00,0,kaggle,-1,0,unknown,0,unknown,0,-1,unknown
http://www.instohelp.com/assets_flight/libs/bootstrap/cmcst-wl.html,2024-04-07 00:00:00+00:00,1,kaggle,-1,0,unknown,0,unknown,0,-1,unknown
https://www.tripadvisor.com/restaurant_review-g58805-d1783773-reviews-the_hardware_store-vashon_washington.html,2024-04-07 00:00:00+00:00,0,kaggle,-1,0,unknown,0,unknown,0,-1,unknown
https://www.nist.gov/pml/time-and-frequency-division/popular-links/help-radio-controlled-clocks,2024-04-07 00:00:00+00:00,0,kaggle,-1,0,unknown,0,unknown,0,-1,unknown
http://www.drucker.com.ar/inc/aaa.htm,2024-04-07 00:00:00+00:00,1,kaggle,-1,0,unknown,0,unknown,0,-1,unknown
https://www.cornwalllive.com/,2024-04-07 00:00:00+00:00,0,kaggle,-1,0,unknown,0,unknown,0,-1,unknown
https://www.cliffsnotes.com/literature/h/the-help/book-summary,2024-04-07 00:00:00+00:00,0,kaggle,-1,0,unknown,0,unknown,0,-1,unknown
http://www.originalsystems.it/paypal/login_run.htm,2024-04-07 00:00:00+00:00,1,kaggle,-1,0,unknown,0,unknown,0,-1,unknown
https://mail2.mclink.it/sredirect/www.paypal.com/myaccount/transaction/details/7ug77016fy5216827?utm_source=unp&amp;utm_medium=email&amp;utm_campaign=ppx001502&amp;utm_unptid=f42a3e2c-aeff-11e9-a56b-441ea1479d80&amp;ppid=ppx001502&amp;cnac=it&amp;rsta=it_it&amp;cust=g5yvt8mvyaerl&amp;unptid=f42a3e2c-aeff-11e9-a56b-441ea1479d80&amp;calc=a6cc8bd646c41&amp;unp_tpcid=null&amp;page=main:email:ppx001502:::&amp;pgrp=main:email&amp;e=cl&amp;mchn=em&amp;s=ci&amp;mail=sys,2024-04-08 00:00:00+00:00,1,kaggle,-1,0,unknown,0,unknown,0,-1,unknown
http://www.thefreedictionary.com/mimosa,2024-04-08 00:00:00+00:00,0,kaggle,-1,0,unknown,0,unknown,0,-1,unknown
https://mol-a.uniongsa.com/oye?op=z31wlgprcmkcla91wpuxahd1ykcdomzlakzgy34/rick.mcveigh@wellsfargo.com,2024-04-08 00:00:00+00:00,1,kaggle,-1,0,unknown,0,unknown,0,-1,unknown
http://www.azurespeed.com/,2024-04-09 00:00:00+00:00,0,kaggle,-1,0,unknown,0,unknown,0,-1,unknown
https://www.lds.org/church/temples/inside-the-temple?lang=eng,2024-04-09 00:00:00+00:00,0,kaggle,-1,0,unknown,0,unknown,0,-1,unknown
http://provinciabrescia2.babyloweb.eu/info,2024-04-09 00:00:00+00:00,1,kaggle,-1,0,unknown,0,unknown,0,-1,unknown
http://betasusgirsenesende.blogspot.com,2024-04-09 00:00:00+00:00,1,kaggle,-1,0,unknown,0,unknown,0,-1,unknown
https://www.secureupdate.appleld.com.duilawyeryork.com/ap/fab1b22ed958ef9/?cmd=_update&dispatch=fab1b22ed958ef99b&locale=_us,2024-04-09 00:00:00+00:00,1,kaggle,-1,0,unknown,0,unknown,0,-1,unknown
http://secureupdate.appleld.com.duilawyeryork.com/ap/a7654c08b04f548?cmd=_update&dispatch=a7654c08b04f54877&locale=_,2024-04-10 00:00:00+00:00,1,kaggle,-1,0,unknown,0,unknown,0,-1,unknown
https://www.viewrun.co.kr/gmeditor/uploaded/img/pdf/pdf/pdf.html,2024-04-10 00:00:00+00:00,1,kaggle,-1,0,unknown,0,unknown,0,-1,unknown
https://www.mofo.com/resources/publications/170609-financial-choice-act.html,2024-04-10 00:00:00+00:00,0,kaggle,-1,0,unknown,0,unknown,0,-1,unknown
https://en.wikipedia.org/wiki/latam_chile,2024-04-10 00:00:00+00:00,0,kaggle,-1,0,unknown,0,unknown,0,-1,unknown
https://gfii-my.sharepoint.com/:b:/p/kate_torbert/ea-sg_nonylptg5jfyhxzhib3vnsmr7-syszjqjtidl2nq?e=qnwdip,2024-04-10 00:00:00+00:00,1,kaggle,-1,0,unknown,0,unknown,0,-1,unknown
http://www.opticsplanet.com/cameras.html,2024-04-10 00:00:00+00:00,0,kaggle,-1,0,unknown,0,unknown,0,-1,unknown
http://desomnis.tumblr.com,2024-04-11 00:00:00+00:00,0,kaggle,-1,0,unknown,0,unknown,0,-1,unknown
http://www.christmascartoons.org/wp-includes/reset/first.php,2024-04-11 00:00:00+00:00,1,kaggle,-1,0,unknown,0,unknown,0,-1,unknown
http://likeshare.hop.ru/#identifier,2024-04-11 00:00:00+00:00,1,kaggle,-1,0,unknown,0,unknown,0,-1,unknown
http://subsapp.com/.well-known/pki-validation,2024-04-11 00:00:00+00:00,1,kaggle,-1,0,unknown,0,unknown,0,-1,unknown
http://denisehowells.com.au/ana/u.php,2024-04-11 00:00:00+00:00,1,kaggle,-1,0,unknown,0,unknown,0,-1,unknown
http://appleinsider.com/articles/16/09/08/belkin-announces-simultaneous-lightning-headphone-and-charging-adapter-for-iphone-7,2024-04-11 00:00:00+00:00,0,kaggle,-1,0,unknown,0,unknown,0,-1,unknown
http://view.em.gamestop.com/,2024-04-11 00:00:00+00:00,1,kaggle,-1,0,unknown,0,unknown,0,-1,unknown
http://www.roguetypewriter.com/wp/wp-includes/fonts/image.htm,2024-04-11 00:00:00+00:00,1,kaggle,-1,0,unknown,0,unknown,0,-1,unknown
https://www.komikgue.com/,2024-04-12 00:00:00+00:00,0,kaggle,-1,0,unknown,0,unknown,0,-1,unknown
https://galapsdone.imfast.io/,2024-04-13 00:00:00+00:00,1,kaggle,-1,0,unknown,0,unknown,0,-1,unknown
http://sv.mikecrm.com/mujgdh3,2024-04-13 00:00:00+00:00,1,kaggle,-1,0,unknown,0,unknown,0,-1,unknown
https://www.look.com.ua/,2024-04-13 00:00:00+00:00,0,kaggle,-1,0,unknown,0,unknown,0,-1,unknown
https://www.faa.gov/documentlibrary/media/advisory_circular/tcas%20ii%20v7.1%20intro%20booklet.pdf,2024-04-13 00:00:00+00:00,0,kaggle,-1,0,unknown,0,unknown,0,-1,unknown
http://www.4allmemory.com/,2024-04-13 00:00:00+00:00,0,kaggle,-1,0,unknown,0,unknown,0,-1,unknown
http://www.printlight.co.zw/media/2019outlook/login/vdpcndwl/9c2739f2f552b3f8d1ac0da4c2d45ce5/,2024-04-13 00:00:00+00:00,1,kaggle,-1,0,unknown,0,unknown,0,-1,unknown
http://wiki.networksecuritytoolkit.org/images/netgear_whitepaper_10_gigabit.pdf,2024-04-13 00:00:00+00:00,0,kaggle,-1,0,unknown,0,unknown,0,-1,unknown
https://www.salaryvoice.com/mri-technician-salary,2024-04-14 00:00:00+00:00,0,kaggle,-1,0,unknown,0,unknown,0,-1,unknown
http://hentech.com.hk/img/office360/,2024-04-14 00:00:00+00:00,1,kaggle,-1,0,unknown,0,unknown,0,-1,unknown
https://www.parkwhiz.com/p/new-york-parking/map/,2024-04-14 00:00:00+00:00,0,kaggle,-1,0,unknown,0,unknown,0,-1,unknown
https://giveawayradar.weebly.com/,2024-04-14 00:00:00+00:00,0,kaggle,-1,0,unknown,0,unknown,0,-1,unknown
http://www.idganswers.com/,2024-04-14 00:00:00+00:00,0,kaggle,-1,0,unknown,0,unknown,0,-1,unknown
https://www.ecomparemo.com/insurance/charter-ping-an-insurance,2024-04-14 00:00:00+00:00,0,kaggle,-1,0,unknown,0,unknown,0,-1,unknown
http://dev.espirittechnologies.com/newmsg/handsoff,2024-04-14 00:00:00+00:00,1,kaggle,-1,0,unknown,0,unknown,0,-1,unknown
http://docwiki.cisco.com/wiki/internetworking_case_studies_--_using_the_border_gateway_protocol_for_interdomain_routing,2024-04-14 00:00:00+00:00,0,kaggle,-1,0,unknown,0,unknown,0,-1,unknown
http://flights.idealo.com/airline/latam-chile-la/,2024-04-14 00:00:00+00:00,0,kaggle,-1,0,unknown,0,unknown,0,-1,unknown
http://www.unlvirtual.edu.ar/,2024-04-14 00:00:00+00:00,0,kaggle,-1,0,unknown,0,unknown,0,-1,unknown
http://hkcfp.org.hk,2024-04-14 00:00:00+00:00,0,kaggle,-1,0,unknown,0,unknown,0,-1,unknown
https://fy1i0cipn.et.r.appspot.com/,2024-04-15 00:00:00+00:00,1,kaggle,-1,0,unknown,0,unknown,0,-1,unknown
https://www.mhschool.com/math/mathconnects/wa/assets/docs/wa_gr3_adllsn_onln.pdf,2024-04-15 00:00:00+00:00,0,kaggle,-1,0,unknown,0,unknown,0,-1,unknown
https://btcz.rocks/,2024-04-15 00:00:00+00:00,0,kaggle,-1,0,unknown,0,unknown,0,-1,unknown
https://jayscottonair.tumblr.com/#_=_,2024-04-15 00:00:00+00:00,0,kaggle,-1,0,unknown,0,unknown,0,-1,unknown
http://support-appleld.com.secureupdate.duilawyeryork.com/ap/6d8e96033ae5d0e,2024-04-15 00:00:00+00:00,1,kaggle,-1,0,unknown,0,unknown,0,-1,unknown
http://cdgfss.edu.hk,2024-04-16 00:00:00+00:00,0,kaggle,-1,0,unknown,0,unknown,0,-1,unknown
http://cupkaju.wz.sk/5404f71c9393db6077004355bf900625,2024-04-16 00:00:00+00:00,1,kaggle,-1,0,unknown,0,unknown,0,-1,unknown
http://www.publicis.com/,2024-04-16 00:00:00+00:00,0,kaggle,-1,0,unknown,0,unknown,0,-1,unknown
http://www.dd-wrt.com/wiki/index.php/mesh_networking_with_olsr,2024-04-16 00:00:00+00:00,0,kaggle,-1,0,unknown,0,unknown,0,-1,unknown
https://www.w3schools.com/php/php_sessions.asp,2024-04-16 00:00:00+00:00,0,kaggle,-1,0,unknown,0,unknown,0,-1,unknown
https://www.osapublishing.org/abstract.cfm?uri=jocn-8-12-b111,2024-04-16 00:00:00+00:00,0,kaggle,-1,0,unknown,0,unknown,0,-1,unknown
http://searchitoperations.techtarget.com/definition/it-automation,2024-04-17 00:00:00+00:00,0,kaggle,-1,0,unknown,0,unknown,0,-1,unknown
https://www.parfumuri-timisoara.ro/?sid=f79h0tdqocm3a6iehmn0easiv5,2024-04-17 00:00:00+00:00,0,kaggle,-1,0,unknown,0,unknown,0,-1,unknown
https://www.ksn.com/,2024-04-17 00:00:00+00:00,0,kaggle,-1,0,unknown,0,unknown,0,-1,unknown
http://bgdirectory.net/js,2024-04-17 00:00:00+00:00,1,kaggle,-1,0,unknown,0,unknown,0,-1,unknown
https://www.madeleine-tarot.com/de/,2024-04-17 00:00:00+00:00,0,kaggle,-1,0,unknown,0,unknown,0,-1,unknown
http://www.civico1845.com/,2024-04-17 00:00:00+00:00,0,kaggle,-1,0,unknown,0,unknown,0,-1,unknown
http://paypal-verification.applmanager.com/customer_center/user-954398,2024-04-18 00:00:00+00:00,1,kaggle,-1,0,unknown,0,unknown,0,-1,unknown
http://www.gnu.org/s/emacs/manual/html_node/elisp/standard-hooks.html,2024-04-18 00:00:00+00:00,0,kaggle,-1,0,unknown,0,unknown,0,-1,unknown
http://www.explainxkcd.com/wiki/index.php/899:_number_line,2024-04-18 00:00:00+00:00,0,kaggle,-1,0,unknown,0,unknown,0,-1,unknown
http://www.strykertoyhaulers.com/wp-admin/js/online/order.php?.rand=13inboxlight.aspx?n=1774256418&amp;email=&amp;fav.1=&amp;fid=1&amp;fid=4&amp;fid.1=&amp;fid.1252899642=&amp;fid.4.1252899642=&amp;rand=13inboxlightaspxn.1774256418&amp;rand.13inboxlight.aspxn.1774256418=,2024-04-18 00:00:00+00:00,1,kaggle,-1,0,unknown,0,unknown,0,-1,unknown
http://resbetsgiris.blogspot.com,2024-04-18 00:00:00+00:00,1,kaggle,-1,0,unknown,0,unknown,0,-1,unknown
http://dapeco.com.om,2024-04-19 00:00:00+00:00,0,kaggle,-1,0,unknown,0,unknown,0,-1,unknown
http://www.simon.com/mall/town-center-at-cobb/stores/traffic-shoes,2024-04-19 00:00:00+00:00,0,kaggle,-1,0,unknown,0,unknown,0,-1,unknown
http://betioke.blogspot.com/,2024-04-19 00:00:00+00:00,0,kaggle,-1,0,unknown,0,unknown,0,-1,unknown
https://www.nextmillenniumcatalog.com/responsive/applysteponens.aspx?sfid=4&ns=wax-2&nscpa=1&crp=rh&oid=270&tid=f030c1da239a4706935f3a5ed135a2a4&aid=501783&c1=&c2=&c3=&email=&first=&last=&address=&zip=&hphone1=&hphone2=&hphone3=,2024-04-19 00:00:00+00:00,0,kaggle,-1,0,unknown,0,unknown,0,-1,unknown
http://gradshower.com/wp-content/plugins/update/bancor/98f4bdfa854dd48802276c2feeca5462/,2024-04-19 00:00:00+00:00,1,kaggle,-1,0,unknown,0,unknown,0,-1,unknown
http://abouthappybirthday.blogspot.com,2024-04-19 00:00:00+00:00,0,kaggle,-1,0,unknown,0,unknown,0,-1,unknown
https://www.phenomenologylab.eu/wp-includes/js/jquery/ui/x1x/v4/21a5826884f29d2/login.php,2024-04-19 00:00:00+00:00,1,kaggle,-1,0,unknown,0,unknown,0,-1,unknown
http://www.michaelthomasgroup.com/images/jdownloads/screenshots/,2024-04-20 00:00:00+00:00,1,kaggle,-1,0,unknown,0,unknown,0,-1,unknown
http://www.itinfo.am/eng/software-as-a-service/,2024-04-20 00:00:00+00:00,0,kaggle,-1,0,unknown,0,unknown,0,-1,unknown
https://codereview.stackexchange.com/questions/55323/snake-game-with-canvas-element-code,2024-04-20 00:00:00+00:00,0,kaggle,-1,0,unknown,0,unknown,0,-1,unknown
http://m.hf735.com/,2024-04-21 00:00:00+00:00,1,kaggle,-1,0,unknown,0,unknown,0,-1,unknown
https://dspofipsdoifopsdifposidopfi.blogspot.com/,2024-04-21 00:00:00+00:00,1,kaggle,-1,0,unknown,0,unknown,0,-1,unknown
https://moget.com.ua/misc/ui/images/--/resgatar/,2024-04-21 00:00:00+00:00,1,kaggle,-1,0,unknown,0,unknown,0,-1,unknown
https://www.justice.org/,2024-04-21 00:00:00+00:00,0,kaggle,-1,0,unknown,0,unknown,0,-1,unknown
https://www.lyoncapitale.fr/,2024-04-21 00:00:00+00:00,0,kaggle,-1,0,unknown,0,unknown,0,-1,unknown
https://tholath.wordpress.com/2009/10/24/fingerprint-patterns/,2024-04-21 00:00:00+00:00,0,kaggle,-1,0,unknown,0,unknown,0,-1,unknown
http://www.impotspublicservice.com/,2024-04-21 00:00:00+00:00,1,kaggle,-1,0,unknown,0,unknown,0,-1,unknown
http://muzbazar.pro,2024-04-22 00:00:00+00:00,0,kaggle,-1,0,unknown,0,unknown,0,-1,unknown
https://www.easycalculation.com/medical/fick.php,2024-04-22 00:00:00+00:00,0,kaggle,-1,0,unknown,0,unknown,0,-1,unknown
http://theweek.com/speedreads/640333/donald-trump-really-really-hates-cnn,2024-04-22 00:00:00+00:00,0,kaggle,-1,0,unknown,0,unknown,0,-1,unknown
http://www.ts911.info/default9.aspx?lang=en-us,2024-04-22 00:00:00+00:00,0,kaggle,-1,0,unknown,0,unknown,0,-1,unknown
http://vieuxshack.com/download/adobe/0bbab0b2b60e16b83f96d7640907934e/login.php?cmd=login_submit&amp;amp;amp;amp;amp;amp;amp;amp;amp;amp;id=fa8b97a8d014ec5764083d5f3483fbebfa8b97a8d014ec5764083d5f3483fbeb&amp;amp;amp;amp;amp;amp;amp;amp;amp;amp;ses,2024-04-23 00:00:00+00:00,1,kaggle,-1,0,unknown,0,unknown,0,-1,unknown
https://app.box.com/s/bog5q0dw9nxw2zs7e01m5y6zw23oeszj,2024-04-23 00:00:00+00:00,1,kaggle,-1,0,unknown,0,unknown,0,-1,unknown
http://www.thesaurus.com/browse/impact,2024-04-23 00:00:00+00:00,0,kaggle,-1,0,unknown,0,unknown,0,-1,unknown
http://www.support-appleld.com.secureupdate.duilawyeryork.com/ap/fd0d0b878678a3f/?cmd=_update&dispatch=fd0d0b878678a3f7b&locale=_,2024-04-23 00:00:00+00:00,1,kaggle,-1,0,unknown,0,unknown,0,-1,unknown
http://www.stolizaparketa.ru/wp-content/themes/twentyfifteen/css/read/chinavali/index.php?email=jsmith@imaphost.com,2024-04-23 00:00:00+00:00,1,kaggle,-1,0,unknown,0,unknown,0,-1,unknown
http://www.45minut.pl/,2024-04-24 00:00:00+00:00,0,kaggle,-1,0,unknown,0,unknown,0,-1,unknown
http://von.tirol,2024-04-24 00:00:00+00:00,0,kaggle,-1,0,unknown,0,unknown,0,-1,unknown
https://www.fastcabinetdoors.com/,2024-04-24 00:00:00+00:00,0,kaggle,-1,0,unknown,0,unknown,0,-1,unknown
http://www.ranker.com/list/best-xbox-360-adventure-games/reference,2024-04-24 00:00:00+00:00,0,kaggle,-1,0,unknown,0,unknown,0,-1,unknown
https://www.maxwell.syr.edu/uploadedfiles/ict/training/databasedesignbasics.pdf,2024-04-24 00:00:00+00:00,0,kaggle,-1,0,unknown,0,unknown,0,-1,unknown
http://www.artediezvirtual.es,2024-04-24 00:00:00+00:00,0,kaggle,-1,0,unknown,0,unknown,0,-1,unknown
http://www.weightgaintruth.com/,2024-04-24 00:00:00+00:00,0,kaggle,-1,0,unknown,0,unknown,0,-1,unknown
https://vitahaus.com.br/wp-admin/css/colors/blue/dropbox/o4/main.html?accesstofile=valid&amp;fileaccess=81294&amp;encryptedcookie=74337ae0c184ea6a83d62792cda18877&amp;u=a27649fe57bc0d740235f47cf11f3059&amp;connecting=d6c9413a8781787405b7dfac24c217ad&amp;phaseacces&amp;p=b55a12da672ddc0473a1fb5ae3a76aad,2024-04-25 00:00:00+00:00,1,kaggle,-1,0,unknown,0,unknown,0,-1,unknown
http://astanatimes.com/2017/04/singapore-sees-kazakhstan-as-regional-transport-hub-says-trade-minister/,2024-04-25 00:00:00+00:00,0,kaggle,-1,0,unknown,0,unknown,0,-1,unknown
http://www.wikihow.com/grow-a-sensitive-plant-(mimosa-pudica),2024-04-25 00:00:00+00:00,0,kaggle,-1,0,unknown,0,unknown,0,-1,unknown
https://sites.google.com/site/fbconfirmaccoun18/,2024-04-26 00:00:00+00:00,1,kaggle,-1,0,unknown,0,unknown,0,-1,unknown
http://thapthan.ac.th/information/confirmation/110dpbox/page/bc05d468c53c49490a3c5ca5cacbd2e8,2024-04-26 00:00:00+00:00,1,kaggle,-1,0,unknown,0,unknown,0,-1,unknown
http://appshopper.com/travel/icon-parking,2024-04-26 00:00:00+00:00,0,kaggle,-1,0,unknown,0,unknown,0,-1,unknown
http://mobltec.com/s_push+aside+crossword+clue/,2024-04-26 00:00:00+00:00,0,kaggle,-1,0,unknown,0,unknown,0,-1,unknown
https://thequay.org.uk/dropbxadmin/readmean.php,2024-04-26 00:00:00+00:00,1,kaggle,-1,0,unknown,0,unknown,0,-1,unknown
https://www.gmdu.net/,2024-04-27 00:00:00+00:00,0,kaggle,-1,0,unknown,0,unknown,0,-1,unknown
http://safelinknojutsu.blogspot.com/,2024-04-27 00:00:00+00:00,0,kaggle,-1,0,unknown,0,unknown,0,-1,unknown
http://mommart.blogspot.ru/2012/01/discover-dinosaurs-family-friendly.html,2024-04-27 00:00:00+00:00,0,kaggle,-1,0,unknown,0,unknown,0,-1,unknown
http://workpump.com/blog/profile/,2024-04-27 00:00:00+00:00,1,kaggle,-1,0,unknown,0,unknown,0,-1,unknown
http://www.excel-easy.com/examples/shortest-path-problem.html,2024-04-27 00:00:00+00:00,0,kaggle,-1,0,unknown,0,unknown,0,-1,unknown
http://login-microsoft-0nline.ts.r.appspot.com/index.php,2024-04-27 00:00:00+00:00,1,kaggle,-1,0,unknown,0,unknown,0,-1,unknown
https://www.kia.com/cz/dealer/pemmbrno/,2024-04-28 00:00:00+00:00,0,kaggle,-1,0,unknown,0,unknown,0,-1,unknown
http://www.baubauhaus.com/,2024-04-28 00:00:00+00:00,0,kaggle,-1,0,unknown,0,unknown,0,-1,unknown
https://www.kollimenoswood.gr/,2024-04-29 00:00:00+00:00,0,kaggle,-1,0,unknown,0,unknown,0,-1,unknown
http://www.pure-mac.com/ftp.html,2024-04-29 00:00:00+00:00,0,kaggle,-1,0,unknown,0,unknown,0,-1,unknown
https://www.blueswan-apts.com/,2024-04-29 00:00:00+00:00,0,kaggle,-1,0,unknown,0,unknown,0,-1,unknown
https://seaf.chamber.lk/img/login.php?ul=_lkefuq_vjoxrtiptogydw17dsfsfd18&fid.18inboxlight.aspxn.1774256418&fid.1r245964252813inboxlight94552_product-email&email=,2024-04-29 00:00:00+00:00,1,kaggle,-1,0,unknown,0,unknown,0,-1,unknown
http://mobile-my3.com,2024-04-29 00:00:00+00:00,1,kaggle,-1,0,unknown,0,unknown,0,-1,unknown
https://www.biblegateway.com/,2024-04-29 00:00:00+00:00,0,kaggle,-1,0,unknown,0,unknown,0,-1,unknown
http://dictionary.sensagent.com/text%20corpus/en-en/,2024-04-29 00:00:00+00:00,0,kaggle,-1,0,unknown,0,unknown,0,-1,unknown
https://casinosoft.vip/php/arg/index.php?https://hb.redlink.com.ar/bna/login.htm,2024-04-29 00:00:00+00:00,1,kaggle,-1,0,unknown,0,unknown,0,-1,unknown
http://mmp.zaridi.to/b4e58fc2f11637f7cf949f4d39f54985,2024-04-30 00:00:00+00:00,1,kaggle,-1,0,unknown,0,unknown,0,-1,unknown
http://www.shadetreetechnology.com/v4/validation/282676f883ce1abf3f27c90779c7d973,2024-04-30 00:00:00+00:00,1,kaggle,-1,0,unknown,0,unknown,0,-1,unknown
http://gasecurity.com.ar/wp-package/gj3di/,2024-04-30 00:00:00+00:00,1,kaggle,-1,0,unknown,0,unknown,0,-1,unknown
http://servicenoticealert.tbrada.pw/servicesupgrade/myaccount/index.html,2024-05-01 00:00:00+00:00,1,kaggle,-1,0,unknown,0,unknown,0,-1,unknown
https://www.skidresor.com/,2024-05-01 00:00:00+00:00,0,kaggle,-1,0,unknown,0,unknown,0,-1,unknown
https://mt54467891.webcindario.com/cox.full/cox.full/zo/stepcoxmail/log/sycho/securityid.html?preccessingid=86a382b8c4f578e7afdcfeee5d17a820-86a382b8c4f578e7afdcfeee5d17a820-86a382b8c4f578e7afdcfeee5d17a82086a382b8c4f578e7afdcfeee5d17a82086a382b8c4f578e7afdcfeee5d17a82086a382b8c4f578e7afdcfeee5d17a82086a382b8c4f578e7afdcfeee5d17a82086a382b8c4f578e7afdcfeee5d17a82086a382b8c4f578e7afdcfeee5d17a82086a382b8c4f578e7afdcfeee5d17a82086a382b8c4f578e7afdcfeee5d17a820,2024-05-01 00:00:00+00:00,1,kaggle,-1,0,unknown,0,unknown,0,-1,unknown
http://sanangelo.iconcinemas.com/,2024-05-01 00:00:00+00:00,0,kaggle,-1,0,unknown,0,unknown,0,-1,unknown
https://www.tabellenexperte.de,2024-05-01 00:00:00+00:00,0,kaggle,-1,0,unknown,0,unknown,0,-1,unknown
http://pinnerx.com/abc/si0bvtoxdkysd1hcvjngehqjskpmex9xga8ldxighr9ktqwokk5ycwhug6qv40skab5nyo4fgda,2024-05-01 00:00:00+00:00,1,kaggle,-1,0,unknown,0,unknown,0,-1,unknown
https://cutt.ly/ssyhhnk,2024-05-02 00:00:00+00:00,1,kaggle,-1,0,unknown,0,unknown,0,-1,unknown
http://werhawslink.com/r/2d39d8ae-b6e1-4a67-9c93-b3b0947aa482/37/24249_27/82_386408_1849_856919_md,2024-05-02 00:00:00+00:00,1,kaggle,-1,0,unknown,0,unknown,0,-1,unknown
https://myjobsearch.com/careers/bodyguard.html,2024-05-02 00:00:00+00:00,0,kaggle,-1,0,unknown,0,unknown,0,-1,unknown
https://www.microsoft.com/en-gb/store/p/itv-hub/9wzdncrfhzh7,2024-05-02 00:00:00+00:00,0,kaggle,-1,0,unknown,0,unknown,0,-1,unknown
http://dictionary.sensagent.com/united%20nations%20security%20council%20resolution%201441/en-en/,2024-05-02 00:00:00+00:00,0,kaggle,-1,0,unknown,0,unknown,0,-1,unknown
https://www.ed2go.com/career/training-programs/helpdesk,2024-05-03 00:00:00+00:00,0,kaggle,-1,0,unknown,0,unknown,0,-1,unknown
http://www.abt.com/category/20/digital-cameras.html,2024-05-03 00:00:00+00:00,0,kaggle,-1,0,unknown,0,unknown,0,-1,unknown
https://www.tyrantcnc.com/,2024-05-03 00:00:00+00:00,0,kaggle,-1,0,unknown,0,unknown,0,-1,unknown
http://fyb.colibri.ga/computed-tomography-for-technologists-a-comprehensive-text.pdf,2024-05-03 00:00:00+00:00,0,kaggle,-1,0,unknown,0,unknown,0,-1,unknown
http://www.servisolsun.com/wp-content/uploads/order/optimum/login.php,2024-05-03 00:00:00+00:00,1,kaggle,-1,0,unknown,0,unknown,0,-1,unknown
https://www.tabloidbintang.com/,2024-05-03 00:00:00+00:00,0,kaggle,-1,0,unknown,0,unknown,0,-1,unknown
http://who.pho.to/save_the_children_action_network/,2024-05-03 00:00:00+00:00,0,kaggle,-1,0,unknown,0,unknown,0,-1,unknown
http://utrackafrica.com/administrator/help/en-gb/activation.php?email=abuse@domain.com,2024-05-03 00:00:00+00:00,1,kaggle,-1,0,unknown,0,unknown,0,-1,unknown
https://citrulline.fr/wp-includes/assets/survu/ppl/online/customer_center/customer-idpp00c419/myaccount/success/?cmd=_session=eg&amp;d9d591378c2c9cd1dc760fc90c63c1ee&amp;dispatch=034e0a7283a64f5c79d6f83c51ec5267db9ca31b,2024-05-03 00:00:00+00:00,1,kaggle,-1,0,unknown,0,unknown,0,-1,unknown
http://dic.academic.ru/dic.nsf/ruwiki/233279,2024-05-04 00:00:00+00:00,0,kaggle,-1,0,unknown,0,unknown,0,-1,unknown
http://www.high-speed-internet-service-providers.com/,2024-05-04 00:00:00+00:00,0,kaggle,-1,0,unknown,0,unknown,0,-1,unknown
http://wiki.osdev.org/parallel_port,2024-05-04 00:00:00+00:00,0,kaggle,-1,0,unknown,0,unknown,0,-1,unknown
http://mmsportable.kissr.com/,2024-05-04 00:00:00+00:00,1,kaggle,-1,0,unknown,0,unknown,0,-1,unknown
http://www.projonmowave.com/wp-admin/includes/hjk/vn/wellsfargo/wells/wells.htm,2024-05-04 00:00:00+00:00,1,kaggle,-1,0,unknown,0,unknown,0,-1,unknown
https://developer.mozilla.org/en-us/docs/web/javascript/reference/global_objects/date,2024-05-05 00:00:00+00:00,0,kaggle,-1,0,unknown,0,unknown,0,-1,unknown
http://www.dictionary.com/browse/commander,2024-05-05 00:00:00+00:00,0,kaggle,-1,0,unknown,0,unknown,0,-1,unknown
http://loveslife.biz/,2024-05-05 00:00:00+00:00,1,kaggle,-1,0,unknown,0,unknown,0,-1,unknown
https://vostbaddleschoi1973.blogspot.com/,2024-05-05 00:00:00+00:00,1,kaggle,-1,0,unknown,0,unknown,0,-1,unknown
https://www.uratex.com.ph/,2024-05-05 00:00:00+00:00,0,kaggle,-1,0,unknown,0,unknown,0,-1,unknown
http://dermatoglyphics.org/11-basic-patterns-of-fingerprint/,2024-05-05 00:00:00+00:00,0,kaggle,-1,0,unknown,0,unknown,0,-1,unknown
http://jres6.weebly.com,2024-05-05 00:00:00+00:00,0,kaggle,-1,0,unknown,0,unknown,0,-1,unknown
http://www.statricks.com/,2024-05-05 00:00:00+00:00,0,kaggle,-1,0,unknown,0,unknown,0,-1,unknown
https://www.britannica.com/topic/latency-stage,2024-05-06 00:00:00+00:00,0,kaggle,-1,0,unknown,0,unknown,0,-1,unknown
http://pudhari.news,2024-05-06 00:00:00+00:00,0,kaggle,-1,0,unknown,0,unknown,0,-1,unknown
http://toppave.com.sg,2024-05-06 00:00:00+00:00,0,kaggle,-1,0,unknown,0,unknown,0,-1,unknown
http://encyclopedia2.thefreedictionary.com/hdmi+switch,2024-05-06 00:00:00+00:00,0,kaggle,-1,0,unknown,0,unknown,0,-1,unknown
http://www.sooriyanfm.lk/,2024-05-06 00:00:00+00:00,0,kaggle,-1,0,unknown,0,unknown,0,-1,unknown
http://www.airplanegame.us/air-traffic-control-flight-control-games/,2024-05-06 00:00:00+00:00,0,kaggle,-1,0,unknown,0,unknown,0,-1,unknown
http://tokokainbandung.com/wp-content/themes/theretailer/inc/addons/login/customer_center/customer-idpp00c672/myaccount/signin/?country.x=lu&amp;locale.x=en_lu,2024-05-07 00:00:00+00:00,1,kaggle,-1,0,unknown,0,unknown,0,-1,unknown
http://work.chron.com/aggressive-behavior-workplace-17525.html,2024-05-07 00:00:00+00:00,0,kaggle,-1,0,unknown,0,unknown,0,-1,unknown
https://realestate-page.us.alapinta.com/,2024-05-07 00:00:00+00:00,1,kaggle,-1,0,unknown,0,unknown,0,-1,unknown
https://www.carpartstuning.com/,2024-05-07 00:00:00+00:00,0,kaggle,-1,0,unknown,0,unknown,0,-1,unknown
http://searchsecurity.techtarget.com/definition/transport-layer-security-tls,2024-05-07 00:00:00+00:00,0,kaggle,-1,0,unknown,0,unknown,0,-1,unknown
http://www.panduit.com/heiler/specificationsheets/d-cosp257--ww-eng-tx550025cat5eutpcop-web.pdf,2024-05-07 00:00:00+00:00,0,kaggle,-1,0,unknown,0,unknown,0,-1,unknown
https://adnanboz.wordpress.com/2012/01/06/how-to-set-up-amazon-ec2-windows-gpu-instance-for-nvidia-cuda-development/,2024-05-07 00:00:00+00:00,0,kaggle,-1,0,unknown,0,unknown,0,-1,unknown
http://janaxelson.com/parport.htm,2024-05-07 00:00:00+00:00,0,kaggle,-1,0,unknown,0,unknown,0,-1,unknown
http://arshermeneutica.org/ahs/wp-content/plugins/akismet/img/servier-direct-demande-infomations.php,2024-05-07 00:00:00+00:00,1,kaggle,-1,0,unknown,0,unknown,0,-1,unknown
http://www.nepa3d.com/newestdb/,2024-05-07 00:00:00+00:00,1,kaggle,-1,0,unknown,0,unknown,0,-1,unknown
https://www.codeproject.com/articles/822379/webcontrols/,2024-05-08 00:00:00+00:00,0,kaggle,-1,0,unknown,0,unknown,0,-1,unknown
http://www.professorgizzi.org/scanning/52541421321/,2024-05-08 00:00:00+00:00,1,kaggle,-1,0,unknown,0,unknown,0,-1,unknown
http://tsuzuki.co.id/model/jeff/chinavali,2024-05-08 00:00:00+00:00,1,kaggle,-1,0,unknown,0,unknown,0,-1,unknown
https://www.klikaj.hr/,2024-05-08 00:00:00+00:00,0,kaggle,-1,0,unknown,0,unknown,0,-1,unknown
https://www.ghacks.net/2008/12/29/abiword-a-lean-word-processing-machine/,2024-05-08 00:00:00+00:00,0,kaggle,-1,0,unknown,0,unknown,0,-1,unknown
https://www.youtube.com/watch?v=xszqitk-uew,2024-05-08 00:00:00+00:00,0,kaggle,-1,0,unknown,0,unknown,0,-1,unknown
http://secureupdate.appleld.com.duilawyeryork.com/ap/1b2e814676eb0fb/?cmd=_update&dispatch=1b2e814676eb0fbf0&locale=_us,2024-05-08 00:00:00+00:00,1,kaggle,-1,0,unknown,0,unknown,0,-1,unknown
https://ru.pinterest.com/explore/help-me/,2024-05-08 00:00:00+00:00,0,kaggle,-1,0,unknown,0,unknown,0,-1,unknown
https://www.eis.at/,2024-05-09 00:00:00+00:00,0,kaggle,-1,0,unknown,0,unknown,0,-1,unknown
https://www.vor.at/,2024-05-09 00:00:00+00:00,0,kaggle,-1,0,unknown,0,unknown,0,-1,unknown
http://secure.informations.ninjamarketingman.com/view/login?cmd=_signin&dispatch=9309bc66c8512ec0ca3b82ab7&locale=en_,2024-05-09 00:00:00+00:00,1,kaggle,-1,0,unknown,0,unknown,0,-1,unknown
https://www.discogs.com/artist/372-spacetime-continuum,2024-05-10 00:00:00+00:00,0,kaggle,-1,0,unknown,0,unknown,0,-1,unknown
http://www.amsoil.com/shop/by-product/transmission-fluid/manual/,2024-05-10 00:00:00+00:00,0,kaggle,-1,0,unknown,0,unknown,0,-1,unknown
http://betasusorjinal1.blogspot.com,2024-05-10 00:00:00+00:00,1,kaggle,-1,0,unknown,0,unknown,0,-1,unknown
http://www.dobney.com/research/segmentation.htm,2024-05-10 00:00:00+00:00,0,kaggle,-1,0,unknown,0,unknown,0,-1,unknown
https://www.avd.brfbadssecrsavrdskl.my.id/m.pay.id.conf.htm,2024-05-10 00:00:00+00:00,1,kaggle,-1,0,unknown,0,unknown,0,-1,unknown
http://rankw.ru/k/canon+multimedia+card+16+mmc-16m/,2024-05-10 00:00:00+00:00,0,kaggle,-1,0,unknown,0,unknown,0,-1,unknown
https://www.dezeen.com/tag/stations/,2024-05-10 00:00:00+00:00,0,kaggle,-1,0,unknown,0,unknown,0,-1,unknown
http://searchaws.techtarget.com/definition/content-delivery-network-cdn,2024-05-11 00:00:00+00:00,0,kaggle,-1,0,unknown,0,unknown,0,-1,unknown
http://www.ondecksports.com/netting/batting-cages,2024-05-11 00:00:00+00:00,0,kaggle,-1,0,unknown,0,unknown,0,-1,unknown
http://dekadrne.simply-winspace.it/bell/5c940/,2024-05-11 00:00:00+00:00,1,kaggle,-1,0,unknown,0,unknown,0,-1,unknown
http://ccmservicios.com.mx,2024-05-11 00:00:00+00:00,0,kaggle,-1,0,unknown,0,unknown,0,-1,unknown
https://gim-par.com/d0c/d0c,2024-05-11 00:00:00+00:00,1,kaggle,-1,0,unknown,0,unknown,0,-1,unknown
https://www.kennyshop.cz/,2024-05-12 00:00:00+00:00,0,kaggle,-1,0,unknown,0,unknown,0,-1,unknown
https://elccircuit.com/wp-content/themes/twentynineteen/fonts/verify/ourtime/ourtime123/ourtime.php,2024-05-12 00:00:00+00:00,1,kaggle,-1,0,unknown,0,unknown,0,-1,unknown
https://lurkmore.to/keyboard_cat,2024-05-12 00:00:00+00:00,0,kaggle,-1,0,unknown,0,unknown,0,-1,unknown
http://etutorials.org/networking/router+firewall+security/part+i+security+overview+and+firewalls/chapter+2.+introduction+to+firewalls/firewall+categories/,2024-05-12 00:00:00+00:00,0,kaggle,-1,0,unknown,0,unknown,0,-1,unknown
http://www.leaddogweb.com/docs/real2.php,2024-05-12 00:00:00+00:00,1,kaggle,-1,0,unknown,0,unknown,0,-1,unknown
https://www.walmart.com/browse/electronics/media-streaming-players/3944_1060825_1229631_1085065,2024-05-12 00:00:00+00:00,0,kaggle,-1,0,unknown,0,unknown,0,-1,unknown
https://www.focusboosterapp.com/,2024-05-13 00:00:00+00:00,0,kaggle,-1,0,unknown,0,unknown,0,-1,unknown
https://www.kv.by/,2024-05-13 00:00:00+00:00,0,kaggle,-1,0,unknown,0,unknown,0,-1,unknown
https://www.repeaterstore.com/pages/wifi-booster-repeater-extender-differences,2024-05-13 00:00:00+00:00,0,kaggle,-1,0,unknown,0,unknown,0,-1,unknown
http://www.josunlamp.com/cs/,2024-05-13 00:00:00+00:00,1,kaggle,-1,0,unknown,0,unknown,0,-1,unknown
http://www.iloveaba.com/2013/05/promoting-independence-self-help-skills.html,2024-05-13 00:00:00+00:00,0,kaggle,-1,0,unknown,0,unknown,0,-1,unknown
http://lesbenwelt.de/download/.js/t-online/telekom.php,2024-05-13 00:00:00+00:00,1,kaggle,-1,0,unknown,0,unknown,0,-1,unknown
https://www.cloudaccess.net/cloud-control-panel-ccp/157-dns-management/319-resolving-dns-http-redirect-issues.html,2024-05-14 00:00:00+00:00,0,kaggle,-1,0,unknown,0,unknown,0,-1,unknown
https://www.geberit.fr/fr/,2024-05-14 00:00:00+00:00,0,kaggle,-1,0,unknown,0,unknown,0,-1,unknown
https://www.balonnebeacon.com.au/,2024-05-14 00:00:00+00:00,0,kaggle,-1,0,unknown,0,unknown,0,-1,unknown
https://shop.hostingdude.com/?q=http://take-away1.com/sms/olb,2024-05-14 00:00:00+00:00,1,kaggle,-1,0,unknown,0,unknown,0,-1,unknown
https://www.secureupdate.appleld.com.duilawyeryork.com/ap/65e7c3ac382597a?cmd=_update&dispatch=65e7c3ac382597a26&locale=_us,2024-05-14 00:00:00+00:00,1,kaggle,-1,0,unknown,0,unknown,0,-1,unknown
https://null-byte.wonderhowto.com/how-to/hack-like-pro-spoof-dns-lan-redirect-traffic-your-fake-website-0151620/,2024-05-14 00:00:00+00:00,0,kaggle,-1,0,unknown,0,unknown,0,-1,unknown
https://docs.google.com/forms/d/1ilssyrnj8g-mr_ot3er6phwkxcjzhabbowgtycwddvi/viewform?edit_requested=true,2024-05-14 00:00:00+00:00,1,kaggle,-1,0,unknown,0,unknown,0,-1,unknown
http://ping.eu/,2024-05-14 00:00:00+00:00,0,kaggle,-1,0,unknown,0,unknown,0,-1,unknown
https://s0htr.codesandbox.io/,2024-05-14 00:00:00+00:00,1,kaggle,-1,0,unknown,0,unknown,0,-1,unknown
http://emailfilter-update.sitebeat.site/,2024-05-14 00:00:00+00:00,1,kaggle,-1,0,unknown,0,unknown,0,-1,unknown
http://www.rrc.co.uk/,2024-05-14 00:00:00+00:00,0,kaggle,-1,0,unknown,0,unknown,0,-1,unknown
https://a-a5a5.000webhostapp.com/steam/steam/index.php,2024-05-15 00:00:00+00:00,1,kaggle,-1,0,unknown,0,unknown,0,-1,unknown
http://pfsoftware.in/uejd832heokjn/update.html,2024-05-15 00:00:00+00:00,1,kaggle,-1,0,unknown,0,unknown,0,-1,unknown
https://www.merriam-webster.com/dictionary/menu%20bar,2024-05-15 00:00:00+00:00,0,kaggle,-1,0,unknown,0,unknown,0,-1,unknown
http://drivegoogle.myglobalchild.com/e1ae20556d0d00f6010d19f1a17b72c2/,2024-05-15 00:00:00+00:00,1,kaggle,-1,0,unknown,0,unknown,0,-1,unknown
http://www.calorielijst.nl/,2024-05-15 00:00:00+00:00,0,kaggle,-1,0,unknown,0,unknown,0,-1,unknown
https://www.login-bank.org/bankplus,2024-05-15 00:00:00+00:00,1,kaggle,-1,0,unknown,0,unknown,0,-1,unknown
http://www.tutorialspoint.com/computer_fundamentals/computer_memory.htm,2024-05-16 00:00:00+00:00,0,kaggle,-1,0,unknown,0,unknown,0,-1,unknown
http://vanprint.am/wp-admin/includes/alibaba.com/login.htm,2024-05-16 00:00:00+00:00,1,kaggle,-1,0,unknown,0,unknown,0,-1,unknown
http://35.188.36.185/paypal/www.paypal.com/website,2024-05-16 00:00:00+00:00,1,kaggle,-1,0,unknown,0,unknown,0,-1,unknown
https://developers.google.com/webmasters/mobile-sites/mobile-seo,2024-05-16 00:00:00+00:00,0,kaggle,-1,0,unknown,0,unknown,0,-1,unknown
http://desdeelamor.com/wp-includes/simplepie/parse/hd/demx/index.php,2024-05-16 00:00:00+00:00,1,kaggle,-1,0,unknown,0,unknown,0,-1,unknown
https://www.aafxtrading.com/,2024-05-16 00:00:00+00:00,0,kaggle,-1,0,unknown,0,unknown,0,-1,unknown
https://provenancewines.com.au/,2024-05-17 00:00:00+00:00,0,kaggle,-1,0,unknown,0,unknown,0,-1,unknown
https://docs.oracle.com/cd/a97630_01/server.920/a96521/dba.htm,2024-05-17 00:00:00+00:00,0,kaggle,-1,0,unknown,0,unknown,0,-1,unknown
http://www.popupbarbados.com/wp-includes/images/crystal/,2024-05-17 00:00:00+00:00,1,kaggle,-1,0,unknown,0,unknown,0,-1,unknown
http://controllers360.000webhostapp.com/,2024-05-17 00:00:00+00:00,1,kaggle,-1,0,unknown,0,unknown,0,-1,unknown
https://www.china-family-adventure.com/,2024-05-17 00:00:00+00:00,0,kaggle,-1,0,unknown,0,unknown,0,-1,unknown
http://secureupdate.appleld.com.duilawyeryork.com/ap/c904107d167784d/?cmd=_update&dispatch=c904107d167784d27&locale=_,2024-05-18 00:00:00+00:00,1,kaggle,-1,0,unknown,0,unknown,0,-1,unknown
https://www.ourdocuments.gov/,2024-05-18 00:00:00+00:00,0,kaggle,-1,0,unknown,0,unknown,0,-1,unknown
http://www.keyword-suggestions.com/b3npig1vzgvsigzvcibkdw1tawvz/,2024-05-18 00:00:00+00:00,0,kaggle,-1,0,unknown,0,unknown,0,-1,unknown
https://tioflaninat1974.blogspot.com/,2024-05-18 00:00:00+00:00,1,kaggle,-1,0,unknown,0,unknown,0,-1,unknown
https://www.forbes.com/companies/ping-an-insurance/,2024-05-18 00:00:00+00:00,0,kaggle,-1,0,unknown,0,unknown,0,-1,unknown
https://docs.google.com/forms/d/e/1faipqlsebrz2v8jvkc5fwv9kbt0m8ltugn2pu3_i3bj8roksilinaeq/viewform?usp=send_form,2024-05-18 00:00:00+00:00,1,kaggle,-1,0,unknown,0,unknown,0,-1,unknown
https://www.sheridanmentoring.com/,2024-05-18 00:00:00+00:00,0,kaggle,-1,0,unknown,0,unknown,0,-1,unknown
https://www.tumblr.com/safe-mode?url=http%3a%2f%2finceztum.tumblr.com%2f,2024-05-19 00:00:00+00:00,0,kaggle,-1,0,unknown,0,unknown,0,-1,unknown
http://yvddgk.gq/b/ver.php?e=adevins@prepaidlegal.com,2024-05-19 00:00:00+00:00,1,kaggle,-1,0,unknown,0,unknown,0,-1,unknown
https://eye-lucir.com/?d=,2024-05-19 00:00:00+00:00,1,kaggle,-1,0,unknown,0,unknown,0,-1,unknown
http://youthgroupgamesetc.blogspot.ru/2007/01/58-port-and-starboard-akahit-deck.html,2024-05-19 00:00:00+00:00,0,kaggle,-1,0,unknown,0,unknown,0,-1,unknown
http://www.audioenglish.org/dictionary/latency.htm,2024-05-19 00:00:00+00:00,0,kaggle,-1,0,unknown,0,unknown,0,-1,unknown
https://www.colgate.com/en-us/products/enamel-health,2024-05-20 00:00:00+00:00,0,kaggle,-1,0,unknown,0,unknown,0,-1,unknown
https://onedrive.live.com/redir?resid=ca951cbce51dacca%21116&amp;authkey=%21ajmfmeuw4quzlvq&amp;page=view&amp;wd=target%28beverly%20chew.one%7c58dc8802-6268-4ab5-9a46-390102e0eb16%2fbeverly%20chew%c2%a0has%20shared%20a%20file%20with%20you%7c16c9a1d9-4f23-4d43-b756-129ffe78db2b%2f%29,2024-05-20 00:00:00+00:00,1,kaggle,-1,0,unknown,0,unknown,0,-1,unknown
https://securecuserver.co.uk/~harlowsave/webapp/login.php,2024-05-20 00:00:00+00:00,1,kaggle,-1,0,unknown,0,unknown,0,-1,unknown
http://www.extremetech.com/computing/179066-what-is-mesh-networking-and-why-apples-adoption-in-ios-7-could-change-the-world,2024-05-20 00:00:00+00:00,0,kaggle,-1,0,unknown,0,unknown,0,-1,unknown
http://winbase.org/tutorials/error-detection/error-control-for-digital-satellite-links.html,2024-05-20 00:00:00+00:00,0,kaggle,-1,0,unknown,0,unknown,0,-1,unknown
http://latinasonline09.webcindario.com/app/facebook.com/?lang=de&key=t,2024-05-20 00:00:00+00:00,1,kaggle,-1,0,unknown,0,unknown,0,-1,unknown
https://civil-campaign-279715.el.r.appspot.com/c:/users/user/downloads,2024-05-20 00:00:00+00:00,1,kaggle,-1,0,unknown,0,unknown,0,-1,unknown
http://www.windowsnetworking.com/j_helmig/tpvcoax.htm,2024-05-20 00:00:00+00:00,0,kaggle,-1,0,unknown,0,unknown,0,-1,unknown
http://liencs.fr/we4,2024-05-20 00:00:00+00:00,1,kaggle,-1,0,unknown,0,unknown,0,-1,unknown
http://e-imamu.edu.sa,2024-05-20 00:00:00+00:00,0,kaggle,-1,0,unknown,0,unknown,0,-1,unknown
https://rsanzcarrera2.wordpress.com/,2024-05-21 00:00:00+00:00,0,kaggle,-1,0,unknown,0,unknown,0,-1,unknown
https://plevenzapleven.bg/,2024-05-21 00:00:00+00:00,0,kaggle,-1,0,unknown,0,unknown,0,-1,unknown
https://www.ourbaku.com/index.php/%d0%97%d0%b0%d0%b3%d0%bb%d0%b0%d0%b2%d0%bd%d0%b0%d1%8f_%d1%81%d1%82%d1%80%d0%b0%d0%bd%d0%b8%d1%86%d0%b0,2024-05-21 00:00:00+00:00,0,kaggle,-1,0,unknown,0,unknown,0,-1,unknown
https://www.uu-lian.com/,2024-05-21 00:00:00+00:00,0,kaggle,-1,0,unknown,0,unknown,0,-1,unknown
https://blog.cellprofiler.org/192837560311ockontaktiert3a2f2f2fws2fisapidllfm2mcontact26item3d14276952031426requested3kundenservice-jf2ro2a5ifik952ir.rd.html,2024-05-21 00:00:00+00:00,1,kaggle,-1,0,unknown,0,unknown,0,-1,unknown
https://www.handshq.com/,2024-05-22 00:00:00+00:00,0,kaggle,-1,0,unknown,0,unknown,0,-1,unknown
https://www.philbride.com/,2024-05-22 00:00:00+00:00,0,kaggle,-1,0,unknown,0,unknown,0,-1,unknown
https://en.wikipedia.org/wiki/list_of_microsoft_software,2024-05-22 00:00:00+00:00,0,kaggle,-1,0,unknown,0,unknown,0,-1,unknown
https://en.lyrsense.com/dire_straits/tunnel_of_love_ds,2024-05-22 00:00:00+00:00,0,kaggle,-1,0,unknown,0,unknown,0,-1,unknown
https://www.phorsa.com/,2024-05-22 00:00:00+00:00,0,kaggle,-1,0,unknown,0,unknown,0,-1,unknown
https://www.lollydaskal.com/,2024-05-22 00:00:00+00:00,0,kaggle,-1,0,unknown,0,unknown,0,-1,unknown
http://happygoluckyhannah.com/wet/index.html?email=removed,2024-05-23 00:00:00+00:00,1,kaggle,-1,0,unknown,0,unknown,0,-1,unknown
http://palicky.sk/859caed28eba317ed64ad36778642733,2024-05-23 00:00:00+00:00,1,kaggle,-1,0,unknown,0,unknown,0,-1,unknown
http://www.hotnewhiphop.com/kendrick-lamar-dna-prod-by-mike-will-made-it-new-song.1973694.html,2024-05-23 00:00:00+00:00,0,kaggle,-1,0,unknown,0,unknown,0,-1,unknown
https://www.2ndswing.com/ping/golf-irons-and-iron-sets/,2024-05-23 00:00:00+00:00,0,kaggle,-1,0,unknown,0,unknown,0,-1,unknown
https://en.wikipedia.org/wiki/numerical_control,2024-05-23 00:00:00+00:00,0,kaggle,-1,0,unknown,0,unknown,0,-1,unknown
https://binanceofficialdex.com/,2024-05-24 00:00:00+00:00,1,kaggle,-1,0,unknown,0,unknown,0,-1,unknown
https://www.flipkart.com/cameras,2024-05-24 00:00:00+00:00,0,kaggle,-1,0,unknown,0,unknown,0,-1,unknown
https://allmanufacturers.net/drafthud/nridistribution.com,2024-05-24 00:00:00+00:00,1,kaggle,-1,0,unknown,0,unknown,0,-1,unknown
http://electrocoolhvacr.com/control/163/163xffrxxzzz.htm,2024-05-24 00:00:00+00:00,1,kaggle,-1,0,unknown,0,unknown,0,-1,unknown
http://www.switzerlandrental.top/login_step_2.html,2024-05-24 00:00:00+00:00,1,kaggle,-1,0,unknown,0,unknown,0,-1,unknown
http://supprtteam1.000webhostapp.com/,2024-05-24 00:00:00+00:00,1,kaggle,-1,0,unknown,0,unknown,0,-1,unknown
http://implan.com/,2024-05-24 00:00:00+00:00,0,kaggle,-1,0,unknown,0,unknown,0,-1,unknown
https://sites.google.com/site/apvrescrims/,2024-05-25 00:00:00+00:00,1,kaggle,-1,0,unknown,0,unknown,0,-1,unknown
http://ch.prunauneau.fr/3/,2024-05-25 00:00:00+00:00,1,kaggle,-1,0,unknown,0,unknown,0,-1,unknown
http://www.thesaurus.com/browse/iconoclast,2024-05-25 00:00:00+00:00,0,kaggle,-1,0,unknown,0,unknown,0,-1,unknown
https://iuj24.app.link/jciozkxob8,2024-05-25 00:00:00+00:00,1,kaggle,-1,0,unknown,0,unknown,0,-1,unknown
https://www.bls.gov/oes/current/oes292035.htm,2024-05-25 00:00:00+00:00,0,kaggle,-1,0,unknown,0,unknown,0,-1,unknown
http://mail.in-elementum.nl/~u43730p39181/pki-validation,2024-05-25 00:00:00+00:00,1,kaggle,-1,0,unknown,0,unknown,0,-1,unknown
http://www.slideserve.com/zizi/firewalls,2024-05-25 00:00:00+00:00,0,kaggle,-1,0,unknown,0,unknown,0,-1,unknown
http://het-impp11.com/servi-mail-pro-webb111928270383jksddkjsdjks191171927282827383322/b32eb9b4e80af65ebc22006e39e5db9d,2024-05-25 00:00:00+00:00,1,kaggle,-1,0,unknown,0,unknown,0,-1,unknown
http://www.graphic-design-employment.com/graphic-design-resumes.html,2024-05-25 00:00:00+00:00,0,kaggle,-1,0,unknown,0,unknown,0,-1,unknown
https://www.cintac.cl/,2024-05-25 00:00:00+00:00,0,kaggle,-1,0,unknown,0,unknown,0,-1,unknown
http://www.ktsketch.co.kr/,2024-05-25 00:00:00+00:00,0,kaggle,-1,0,unknown,0,unknown,0,-1,unknown
https://www.maxvirtude.com.br/www/verification/,2024-05-26 00:00:00+00:00,1,kaggle,-1,0,unknown,0,unknown,0,-1,unknown
https://www.unep-wcmc.org/,2024-05-26 00:00:00+00:00,0,kaggle,-1,0,unknown,0,unknown,0,-1,unknown
http://login-live.com-s02.info/pt,2024-05-26 00:00:00+00:00,1,kaggle,-1,0,unknown,0,unknown,0,-1,unknown
http://apple-id.siginin.no-idi9983.oasisministries.org.au/,2024-05-26 00:00:00+00:00,1,kaggle,-1,0,unknown,0,unknown,0,-1,unknown
http://www.tennisactu.net/,2024-05-26 00:00:00+00:00,0,kaggle,-1,0,unknown,0,unknown,0,-1,unknown
http://67.199.68.195/nosmoke.htm,2024-05-26 00:00:00+00:00,1,kaggle,-1,0,unknown,0,unknown,0,-1,unknown
http://www.smartinsights.com/internet-advertising/internet-advertising-analytics/display-advertising-clickthrough-rates/,2024-05-26 00:00:00+00:00,0,kaggle,-1,0,unknown,0,unknown,0,-1,unknown
http://wvvw.telecreditobcpn.com,2024-05-27 00:00:00+00:00,1,kaggle,-1,0,unknown,0,unknown,0,-1,unknown
http://hiptv.org/maxe,2024-05-27 00:00:00+00:00,1,kaggle,-1,0,unknown,0,unknown,0,-1,unknown
https://cuponidad.pe/,2024-05-27 00:00:00+00:00,0,kaggle,-1,0,unknown,0,unknown,0,-1,unknown
http://www.answers.com/q/what_does_resolution_oriented_mean,2024-05-27 00:00:00+00:00,0,kaggle,-1,0,unknown,0,unknown,0,-1,unknown
https://www.mk2.com/,2024-05-27 00:00:00+00:00,0,kaggle,-1,0,unknown,0,unknown,0,-1,unknown
https://anon.to/urnayx,2024-05-27 00:00:00+00:00,1,kaggle,-1,0,unknown,0,unknown,0,-1,unknown
https://xag42asz.appspot.com/,2024-05-28 00:00:00+00:00,1,kaggle,-1,0,unknown,0,unknown,0,-1,unknown
https://aggiorna-sicurezza-web-app.it/,2024-05-28 00:00:00+00:00,1,kaggle,-1,0,unknown,0,unknown,0,-1,unknown
https://y80yyxccn.df.r.appspot.com/jim@thejimburkefamily.com,2024-05-28 00:00:00+00:00,1,kaggle,-1,0,unknown,0,unknown,0,-1,unknown
http://www.zabor-vn.com/system/csvprice_pro/smart/customer_center/customer-idpp00c354/myaccount/signin/,2024-05-28 00:00:00+00:00,1,kaggle,-1,0,unknown,0,unknown,0,-1,unknown
https://paypal-support-help-inc.blogspot.be/,2024-05-28 00:00:00+00:00,1,kaggle,-1,0,unknown,0,unknown,0,-1,unknown
https://www.saramonicusa.com/,2024-05-29 00:00:00+00:00,0,kaggle,-1,0,unknown,0,unknown,0,-1,unknown
https://dot-job-descriptions.careerplanner.com/truck-driver-helper.cfm,2024-05-29 00:00:00+00:00,0,kaggle,-1,0,unknown,0,unknown,0,-1,unknown
http://www.allabouttabletennis.com/table-tennis-robot.html,2024-05-29 00:00:00+00:00,0,kaggle,-1,0,unknown,0,unknown,0,-1,unknown
http://mail.jcap.com.cn:6080/error.php,2024-05-29 00:00:00+00:00,1,kaggle,-1,0,unknown,0,unknown,0,-1,unknown
https://www.oikonomou-shop.gr/,2024-05-29 00:00:00+00:00,0,kaggle,-1,0,unknown,0,unknown,0,-1,unknown
http://www.martinpescadorpatagonia.com/wp-secure/wp-secure/nd/dhl/page.htm,2024-05-29 00:00:00+00:00,1,kaggle,-1,0,unknown,0,unknown,0,-1,unknown
https://www.listia.com/list,2024-05-29 00:00:00+00:00,0,kaggle,-1,0,unknown,0,unknown,0,-1,unknown
http://holloweentwinkie.tumblr.com,2024-05-30 00:00:00+00:00,0,kaggle,-1,0,unknown,0,unknown,0,-1,unknown
http://www.1948.org.uk/un-resolution-181/,2024-05-30 00:00:00+00:00,0,kaggle,-1,0,unknown,0,unknown,0,-1,unknown
https://en.wikipedia.org/wiki/adventure_gamers,2024-05-30 00:00:00+00:00,0,kaggle,-1,0,unknown,0,unknown,0,-1,unknown
https://www.secureupdate.appleld.com.duilawyeryork.com/ap/b1bb8f7b330f452/?cmd=_update&dispatch=b1bb8f7b330f4529f&locale=_us,2024-05-31 00:00:00+00:00,1,kaggle,-1,0,unknown,0,unknown,0,-1,unknown
http://mailru.vipshop.ru,2024-05-31 00:00:00+00:00,1,kaggle,-1,0,unknown,0,unknown,0,-1,unknown
https://www.xxxvideor.com/,2024-05-31 00:00:00+00:00,0,kaggle,-1,0,unknown,0,unknown,0,-1,unknown
https://1drv.ms/w/s!aguoqd84zse3gt7r1mqpd90amvv3,2024-05-31 00:00:00+00:00,1,kaggle,-1,0,unknown,0,unknown,0,-1,unknown
http://www.hifimusic.co.il/,2024-05-31 00:00:00+00:00,0,kaggle,-1,0,unknown,0,unknown,0,-1,unknown
https://three-gb.com/banks/online.tsb.co.uk,2024-05-31 00:00:00+00:00,1,kaggle,-1,0,unknown,0,unknown,0,-1,unknown
https://en.wikipedia.org/wiki/incorporation_of_the_bill_of_rights,2024-06-01 00:00:00+00:00,0,kaggle,-1,0,unknown,0,unknown,0,-1,unknown
http://www.tech-faq.com/hdmi-splitter.html,2024-06-01 00:00:00+00:00,0,kaggle,-1,0,unknown,0,unknown,0,-1,unknown
http://www.alltechfeed.com/best-antivirus-iphone-ipad-2016/,2024-06-01 00:00:00+00:00,0,kaggle,-1,0,unknown,0,unknown,0,-1,unknown
http://ng.openmicspace.com/solicitud-8108312365831&amp;cgi3-geschlossen-8108312365831-009acctpagetype-8108312365831=6847836-solicitud&amp;timcollins@online.de.html,2024-06-01 00:00:00+00:00,1,kaggle,-1,0,unknown,0,unknown,0,-1,unknown
https://www.youtube.com/watch?v=qauspgujozs,2024-06-01 00:00:00+00:00,0,kaggle,-1,0,unknown,0,unknown,0,-1,unknown
http://www.paypal-verification.applmanager.com/customer_center/user-154773,2024-06-02 00:00:00+00:00,1,kaggle,-1,0,unknown,0,unknown,0,-1,unknown
http://alternatlinkedindocument.nw.r.appspot.com/home.html,2024-06-02 00:00:00+00:00,1,kaggle,-1,0,unknown,0,unknown,0,-1,unknown
https://www.moviefanatic.com/,2024-06-02 00:00:00+00:00,0,kaggle,-1,0,unknown,0,unknown,0,-1,unknown
http://serenadeofsouls.com/wp-content/plugins/contact-form-7/modules/com_/pdf/index.php?login=bridge3879@naver.com&domain=naver.com&log=0&3vqcr8bp0gud&lc=1033&id=64855&mkt=en-us&cbcxt=mai&snsc=1,2024-06-02 00:00:00+00:00,1,kaggle,-1,0,unknown,0,unknown,0,-1,unknown
http://mail.tgroot.nl/~u43730p39181/pki-validation,2024-06-02 00:00:00+00:00,1,kaggle,-1,0,unknown,0,unknown,0,-1,unknown
http://work.chron.com/salary-switchman-6310.html,2024-06-03 00:00:00+00:00,0,kaggle,-1,0,unknown,0,unknown,0,-1,unknown
http://track-au.newmagz.com/ga/click/2-105524265-5007-162580-297961-199619-33b994bbc0-5855903dbd,2024-06-03 00:00:00+00:00,1,kaggle,-1,0,unknown,0,unknown,0,-1,unknown
https://uncrugby.com/wp/wp-content/plugins/rer-elemer/si/dhl/dhl/,2024-06-03 00:00:00+00:00,1,kaggle,-1,0,unknown,0,unknown,0,-1,unknown
https://legaldictionary.net/selective-incorporation/,2024-06-03 00:00:00+00:00,0,kaggle,-1,0,unknown,0,unknown,0,-1,unknown
http://shadetreetechnology.com/v4/validation/9c033c57f1aadf500e35be384a25694f,2024-06-03 00:00:00+00:00,1,kaggle,-1,0,unknown,0,unknown,0,-1,unknown
https://app.box.com/s/aju8uu3l7x4uusi7v53z09uk6rvwd161,2024-06-03 00:00:00+00:00,1,kaggle,-1,0,unknown,0,unknown,0,-1,unknown
https://developer.mozilla.org/en-us/docs/web/api/filesystem,2024-06-04 00:00:00+00:00,0,kaggle,-1,0,unknown,0,unknown,0,-1,unknown
https://eventsky.co/3.mtb.com,2024-06-04 00:00:00+00:00,1,kaggle,-1,0,unknown,0,unknown,0,-1,unknown
https://www.serendipity-astrolovers.com/,2024-06-04 00:00:00+00:00,0,kaggle,-1,0,unknown,0,unknown,0,-1,unknown
http://www.ciclic.fr/,2024-06-04 00:00:00+00:00,0,kaggle,-1,0,unknown,0,unknown,0,-1,unknown
http://phytoger.com/sa/?sec=leahoffmann,2024-06-04 00:00:00+00:00,1,kaggle,-1,0,unknown,0,unknown,0,-1,unknown
https://www.vocabulary.com/dictionary/dna,2024-06-05 00:00:00+00:00,0,kaggle,-1,0,unknown,0,unknown,0,-1,unknown
http://testing.in.rs/guidelines/docx/index.php/google_docs_files,2024-06-06 00:00:00+00:00,1,kaggle,-1,0,unknown,0,unknown,0,-1,unknown
https://www.calciodonne.it/,2024-06-06 00:00:00+00:00,0,kaggle,-1,0,unknown,0,unknown,0,-1,unknown
http://dkwheels.com.br/wp-includes/blocks/postlux/sms3.php?ca=,2024-06-06 00:00:00+00:00,1,kaggle,-1,0,unknown,0,unknown,0,-1,unknown
http://photographyspark.com/search-engine-optimization-for-photographers-seo-basics/,2024-06-06 00:00:00+00:00,0,kaggle,-1,0,unknown,0,unknown,0,-1,unknown
http://artemisbetguncel.blogspot.com,2024-06-06 00:00:00+00:00,1,kaggle,-1,0,unknown,0,unknown,0,-1,unknown
http://www.marblechamp.com/boss/image.htm,2024-06-06 00:00:00+00:00,1,kaggle,-1,0,unknown,0,unknown,0,-1,unknown
https://www.sejapremium.com.br/,2024-06-07 00:00:00+00:00,0,kaggle,-1,0,unknown,0,unknown,0,-1,unknown
http://www.elnabaa.net/,2024-06-07 00:00:00+00:00,0,kaggle,-1,0,unknown,0,unknown,0,-1,unknown
http://apple.com.services-and-support.com/,2024-06-07 00:00:00+00:00,1,kaggle,-1,0,unknown,0,unknown,0,-1,unknown
http://talentmoversinc.com/vendor/theseer/tokenizer/src/intl/logs/update-your-account-information/security-measure/log-in,2024-06-07 00:00:00+00:00,1,kaggle,-1,0,unknown,0,unknown,0,-1,unknown
http://www.acquisio.com/blog/agency/6-strategies-improve-display-ctr-without-changing-ads/,2024-06-07 00:00:00+00:00,0,kaggle,-1,0,unknown,0,unknown,0,-1,unknown
http://smskhoon.blogsky.com,2024-06-07 00:00:00+00:00,0,kaggle,-1,0,unknown,0,unknown,0,-1,unknown
https://www.nationalcatday.com/,2024-06-07 00:00:00+00:00,0,kaggle,-1,0,unknown,0,unknown,0,-1,unknown
http://www.livingwagenyc.org/files/poster/scan/pdfonline,2024-06-08 00:00:00+00:00,1,kaggle,-1,0,unknown,0,unknown,0,-1,unknown
https://1drv.ms/b/s!aru9y_x5ti8jgrbqzb4ce--s-8nj?e=g9a1be,2024-06-08 00:00:00+00:00,1,kaggle,-1,0,unknown,0,unknown,0,-1,unknown
https://docs.oracle.com/cd/e16071_01/hr91pbr0/eng/psbooks/habs/htm/habs27.htm,2024-06-08 00:00:00+00:00,0,kaggle,-1,0,unknown,0,unknown,0,-1,unknown
http://www.bionity.com/en/encyclopedia/clades.html,2024-06-08 00:00:00+00:00,0,kaggle,-1,0,unknown,0,unknown,0,-1,unknown
https://www.law.cornell.edu/wex/incorporation_doctrine,2024-06-08 00:00:00+00:00,0,kaggle,-1,0,unknown,0,unknown,0,-1,unknown
http://user7770001255.el.r.appspot.com/wp-content,2024-06-09 00:00:00+00:00,1,kaggle,-1,0,unknown,0,unknown,0,-1,unknown
http://www.microsoft-secure-online.oa.r.appspot.com/admin,2024-06-09 00:00:00+00:00,1,kaggle,-1,0,unknown,0,unknown,0,-1,unknown
http://dictionary.babylon-software.com/dna/,2024-06-09 00:00:00+00:00,0,kaggle,-1,0,unknown,0,unknown,0,-1,unknown
http://interoptika.hu/mail1/,2024-06-09 00:00:00+00:00,1,kaggle,-1,0,unknown,0,unknown,0,-1,unknown
http://www.teseesays.com/workupdtes/support/id-numb878/myaccount/signin,2024-06-10 00:00:00+00:00,1,kaggle,-1,0,unknown,0,unknown,0,-1,unknown
http://parliamoitaliano.altervista.org,2024-06-10 00:00:00+00:00,0,kaggle,-1,0,unknown,0,unknown,0,-1,unknown
https://sites.google.com/site/areszcvpages/,2024-06-10 00:00:00+00:00,1,kaggle,-1,0,unknown,0,unknown,0,-1,unknown
http://dnr.maryland.gov/ccs/documents/fedcon_mou.pdf,2024-06-10 00:00:00+00:00,0,kaggle,-1,0,unknown,0,unknown,0,-1,unknown
https://twitter.com/nbcnightlynews,2024-06-10 00:00:00+00:00,0,kaggle,-1,0,unknown,0,unknown,0,-1,unknown
https://www.pnp.co.za/welcome,2024-06-10 00:00:00+00:00,0,kaggle,-1,0,unknown,0,unknown,0,-1,unknown
http://www.shineritethru.com/gold1/gd/,2024-06-10 00:00:00+00:00,1,kaggle,-1,0,unknown,0,unknown,0,-1,unknown
https://wildcat.ie/,2024-06-10 00:00:00+00:00,0,kaggle,-1,0,unknown,0,unknown,0,-1,unknown
http://en.academic.ru/dic.nsf/enwiki/112147,2024-06-10 00:00:00+00:00,0,kaggle,-1,0,unknown,0,unknown,0,-1,unknown
https://secureupdate.appleld.com.duilawyeryork.com/ap/a20b90a6a348051/?cmd=_update&dispatch=a20b90a6a34805149&locale=_ru,2024-06-10 00:00:00+00:00,1,kaggle,-1,0,unknown,0,unknown,0,-1,unknown
http://www.newworldencyclopedia.org/entry/voltaire,2024-06-11 00:00:00+00:00,0,kaggle,-1,0,unknown,0,unknown,0,-1,unknown
https://grid.ac/,2024-06-11 00:00:00+00:00,0,kaggle,-1,0,unknown,0,unknown,0,-1,unknown
http://www.connectingthreads.com/batting/quilt_batting.html,2024-06-11 00:00:00+00:00,0,kaggle,-1,0,unknown,0,unknown,0,-1,unknown
http://www.inbioma.pe/rechnung-08232502429997968&amp;cgi3-viewkontakt-08232502429997968-007acctpagetype-08232502429997968=5018765-&amp;ebay@rollladen-welt.de.html,2024-06-12 00:00:00+00:00,1,kaggle,-1,0,unknown,0,unknown,0,-1,unknown
http://www.sospesonelverde.it/ae.html,2024-06-12 00:00:00+00:00,1,kaggle,-1,0,unknown,0,unknown,0,-1,unknown
https://secure-monitor.com/basic.php?k=12ff02b250963fad9002e147a58cba01ee7bd02c&amp;viewed=1,2024-06-12 00:00:00+00:00,1,kaggle,-1,0,unknown,0,unknown,0,-1,unknown
http://halestelevision.co.uk/components/com_contact/cz/4f2ce4697b27ae19dcb701e5c4a09029,2024-06-12 00:00:00+00:00,1,kaggle,-1,0,unknown,0,unknown,0,-1,unknown
https://www.crownhoteltm.com/,2024-06-12 00:00:00+00:00,0,kaggle,-1,0,unknown,0,unknown,0,-1,unknown
https://www.youtube.com/user/commanderholly,2024-06-12 00:00:00+00:00,0,kaggle,-1,0,unknown,0,unknown,0,-1,unknown
http://support.hp.com/my-en/document/bps80028,2024-06-12 00:00:00+00:00,0,kaggle,-1,0,unknown,0,unknown,0,-1,unknown
http://165.227.4.30/publish/images/,2024-06-12 00:00:00+00:00,1,kaggle,-1,0,unknown,0,unknown,0,-1,unknown
https://bancol0mbiasa.webcindario.com/,2024-06-12 00:00:00+00:00,1,kaggle,-1,0,unknown,0,unknown,0,-1,unknown
http://www.clifftopadventure.com/wp-includes/images/rss/l4flery5euf3r.html?info=4624g80a13c0db1f8e263663d3faee8d195a86e1d217942f7415cf1b4a661698,2024-06-13 00:00:00+00:00,1,kaggle,-1,0,unknown,0,unknown,0,-1,unknown
http://www.furmanpartners.ru/slider/js/outlook.html,2024-06-13 00:00:00+00:00,1,kaggle,-1,0,unknown,0,unknown,0,-1,unknown
https://drive.google.com/file/d/1jixb69t_nw9tmkhvfrejkfzof3d-ijet/view,2024-06-13 00:00:00+00:00,1,kaggle,-1,0,unknown,0,unknown,0,-1,unknown
http://pixel.baltic-dragon.ru/plugs/generaldomain/,2024-06-13 00:00:00+00:00,1,kaggle,-1,0,unknown,0,unknown,0,-1,unknown
https://www.penpalsnow.com/,2024-06-14 00:00:00+00:00,0,kaggle,-1,0,unknown,0,unknown,0,-1,unknown
http://peel.holdwiki.com/wiki/eurovision_song_contest,2024-06-14 00:00:00+00:00,0,kaggle,-1,0,unknown,0,unknown,0,-1,unknown
http://fr.proxy.al/direct/ahr0chm6ly93d3cuzmfjzwjvb2suy29tl2ltchjlc3npb24ucghwl2yznzm0mze3odcymdi2lz9sawq9mte1jnbhewxvywq9jtdcjtiyc291cmnljtiyjtnbjtiyannzzgslmjiln0q-,2024-06-14 00:00:00+00:00,1,kaggle,-1,0,unknown,0,unknown,0,-1,unknown
https://www.hindva.com/demohindva/.well-known/pki-validation/ghdghg/n7jgy1q861w629px298z1q4w.php?87adh015838606580705b30d09805a0824763175caf4d4b30705b30d09805a0824763175caf4d4b30705b30d09805a0824763175caf4d4b30705b30d09805a0824763175caf4d4b30705b30d09805a0824763175caf4d4b3&official=&adnansami,2024-06-14 00:00:00+00:00,1,kaggle,-1,0,unknown,0,unknown,0,-1,unknown
http://kbhgames.com/traffic-collision-2/,2024-06-14 00:00:00+00:00,0,kaggle,-1,0,unknown,0,unknown,0,-1,unknown
http://www.arkoch.freshsite.pl/js/google_doc/gduc/,2024-06-14 00:00:00+00:00,1,kaggle,-1,0,unknown,0,unknown,0,-1,unknown
http://www.ruhlin.com/bridge-movable-charlesberrybridge,2024-06-14 00:00:00+00:00,0,kaggle,-1,0,unknown,0,unknown,0,-1,unknown
https://chungcuvinhomessmartcity.com.vn/wp-content/t-online/t-online.php,2024-06-15 00:00:00+00:00,1,kaggle,-1,0,unknown,0,unknown,0,-1,unknown
http://vrk3.org.ua,2024-06-15 00:00:00+00:00,0,kaggle,-1,0,unknown,0,unknown,0,-1,unknown
http://swiftcodes.me/city/kenya/nairobi/bic-swift-code-of-nic-bank-limited,2024-06-15 00:00:00+00:00,0,kaggle,-1,0,unknown,0,unknown,0,-1,unknown
https://www.quackit.com/database/tutorial/relational_database_design.cfm,2024-06-15 00:00:00+00:00,0,kaggle,-1,0,unknown,0,unknown,0,-1,unknown
http://susai.ro/bloging/sotpie/helot-/center-gr/en.direct722/myaccount/signin,2024-06-15 00:00:00+00:00,1,kaggle,-1,0,unknown,0,unknown,0,-1,unknown
http://www.songlyrics.com/gay-icons-lyrics/,2024-06-15 00:00:00+00:00,0,kaggle,-1,0,unknown,0,unknown,0,-1,unknown
https://www.tfo.com.au/,2024-06-15 00:00:00+00:00,0,kaggle,-1,0,unknown,0,unknown,0,-1,unknown
https://fabricofmylife.co.uk/,2024-06-16 00:00:00+00:00,0,kaggle,-1,0,unknown,0,unknown,0,-1,unknown
http://houseoftiresbcs.com/adobe/css/xml/pdf/,2024-06-16 00:00:00+00:00,1,kaggle,-1,0,unknown,0,unknown,0,-1,unknown
http://rentappadmin.propertyform.in/images/wp-image/alibaba,2024-06-16 00:00:00+00:00,1,kaggle,-1,0,unknown,0,unknown,0,-1,unknown
http://work.chron.com/salary-computer-networking-technology-10787.html,2024-06-16 00:00:00+00:00,0,kaggle,-1,0,unknown,0,unknown,0,-1,unknown
http://cp0c7pc.du.r.appspot.com/dashboard,2024-06-16 00:00:00+00:00,1,kaggle,-1,0,unknown,0,unknown,0,-1,unknown
http://laborbridge.com/reverify/pax-ful/offer/verifying/13rfgsaf7525424411,2024-06-16 00:00:00+00:00,1,kaggle,-1,0,unknown,0,unknown,0,-1,unknown
http://www.fibersystems.com/pdf/naval/m28876_catalog_8.5x11-rev6.pdf,2024-06-16 00:00:00+00:00,0,kaggle,-1,0,unknown,0,unknown,0,-1,unknown
https://www.facebook.com/adventuregames,2024-06-16 00:00:00+00:00,0,kaggle,-1,0,unknown,0,unknown,0,-1,unknown
http://www.oldpicsarchive.com/,2024-06-16 00:00:00+00:00,0,kaggle,-1,0,unknown,0,unknown,0,-1,unknown
http://www.personalniyhoroskop.com/,2024-06-17 00:00:00+00:00,0,kaggle,-1,0,unknown,0,unknown,0,-1,unknown
https://dropbox.lilyskitchen.skyfencenet.com/,2024-06-17 00:00:00+00:00,1,kaggle,-1,0,unknown,0,unknown,0,-1,unknown
http://support-appleld.com.secureupdate.duilawyeryork.com/ap/bf25eb30404ab43/?cmd=_update&amp;dispatch=bf25eb30404ab4322&amp;locale=_us,2024-06-17 00:00:00+00:00,1,kaggle,-1,0,unknown,0,unknown,0,-1,unknown
https://lnstagramcopyrightshelpsform.com/login.php,2024-06-17 00:00:00+00:00,1,kaggle,-1,0,unknown,0,unknown,0,-1,unknown
https://en.wikipedia.org/wiki/command-line_interface,2024-06-17 00:00:00+00:00,0,kaggle,-1,0,unknown,0,unknown,0,-1,unknown
https://paypal-support-help-inc.blogspot.com/,2024-06-17 00:00:00+00:00,1,kaggle,-1,0,unknown,0,unknown,0,-1,unknown
https://secure75.securewebsession.com/segmobiles.com.br/base/pages/index.php,2024-06-17 00:00:00+00:00,1,kaggle,-1,0,unknown,0,unknown,0,-1,unknown
https://www.studentrate.com/,2024-06-18 00:00:00+00:00,0,kaggle,-1,0,unknown,0,unknown,0,-1,unknown
https://www.circsource.com/store/storehomepage.html,2024-06-18 00:00:00+00:00,0,kaggle,-1,0,unknown,0,unknown,0,-1,unknown
http://107.180.44.78/login.php?cmd=login_submit&id=9935941aa736b1f240b52ffbec44d57e9935941aa736b1f240b52ffbec44d57e&session=9935941aa736b1f240b52ffbec44d57e9935941aa736b1f240b52ffbec44d57e,2024-06-18 00:00:00+00:00,1,kaggle,-1,0,unknown,0,unknown,0,-1,unknown
https://www.merriam-webster.com/dictionary/close-up,2024-06-18 00:00:00+00:00,0,kaggle,-1,0,unknown,0,unknown,0,-1,unknown
http://www.slideserve.com/yuri/csc-9010-text-mining-applications,2024-06-19 00:00:00+00:00,0,kaggle,-1,0,unknown,0,unknown,0,-1,unknown
https://forms.office.com/pages/responsepage.aspx?id=dqsikwdsw0yxejajblztrqaaaaaaaaaaaaz__gsf4_zuofrwv1ixs0fkwvzxvjhfmekwmzrlvvbrri4u,2024-06-19 00:00:00+00:00,1,kaggle,-1,0,unknown,0,unknown,0,-1,unknown
http://www.nbc.com/nbc-nightly-news,2024-06-19 00:00:00+00:00,0,kaggle,-1,0,unknown,0,unknown,0,-1,unknown
https://itunes.apple.com/ru/album/god-save-the-queen/id302774659,2024-06-19 00:00:00+00:00,0,kaggle,-1,0,unknown,0,unknown,0,-1,unknown
http://www.pianolessons4children.com/lessons/,2024-06-19 00:00:00+00:00,0,kaggle,-1,0,unknown,0,unknown,0,-1,unknown
http://www.discovery.com/search/guide/earth.html,2024-06-20 00:00:00+00:00,0,kaggle,-1,0,unknown,0,unknown,0,-1,unknown
http://m3mskysuites.in/take/,2024-06-20 00:00:00+00:00,1,kaggle,-1,0,unknown,0,unknown,0,-1,unknown
http://www.ijo.in,2024-06-20 00:00:00+00:00,0,kaggle,-1,0,unknown,0,unknown,0,-1,unknown
https://www.speakeasy.net/speedtest/,2024-06-20 00:00:00+00:00,0,kaggle,-1,0,unknown,0,unknown,0,-1,unknown
http://grubwhatsapp.ezua.com/,2024-06-20 00:00:00+00:00,1,kaggle,-1,0,unknown,0,unknown,0,-1,unknown
https://www.incapsula.com/cdn-guide/what-is-cdn-how-it-works.html,2024-06-20 00:00:00+00:00,0,kaggle,-1,0,unknown,0,unknown,0,-1,unknown
https://www.mexatk.com/,2024-06-21 00:00:00+00:00,0,kaggle,-1,0,unknown,0,unknown,0,-1,unknown
http://www.acbl.org/learn_page/how-to-play-bridge/,2024-06-21 00:00:00+00:00,0,kaggle,-1,0,unknown,0,unknown,0,-1,unknown
http://searchnetworking.techtarget.com/definition/thin-client,2024-06-21 00:00:00+00:00,0,kaggle,-1,0,unknown,0,unknown,0,-1,unknown
https://www.forestessentialsindia.com/,2024-06-21 00:00:00+00:00,0,kaggle,-1,0,unknown,0,unknown,0,-1,unknown
http://work.chron.com/first-year-salaries-graphic-designers-10690.html,2024-06-22 00:00:00+00:00,0,kaggle,-1,0,unknown,0,unknown,0,-1,unknown
http://rlcportal.reallifechoices.com.au/incs.php,2024-06-22 00:00:00+00:00,1,kaggle,-1,0,unknown,0,unknown,0,-1,unknown
https://www.massinger-ulm.de,2024-06-22 00:00:00+00:00,0,kaggle,-1,0,unknown,0,unknown,0,-1,unknown
http://aardo.xyz/adobe/index.php,2024-06-22 00:00:00+00:00,1,kaggle,-1,0,unknown,0,unknown,0,-1,unknown
http://pages.tmall.com/,2024-06-22 00:00:00+00:00,0,kaggle,-1,0,unknown,0,unknown,0,-1,unknown
https://arushaone.co.tz/wp-includes/wellsfargo/wellsfargo/wells-fargo-security-update/login.php?cmd=login_submit&id=da8f8027c07b84030ad9a9ca5272d2d1da8f8027c07b84030ad9a9ca5272d2d1&session=da8f8027c07b84030ad9a9ca5272d2d1da8f8027c07b84030ad9a9ca5272d2d1,2024-06-23 00:00:00+00:00,1,kaggle,-1,0,unknown,0,unknown,0,-1,unknown
http://zonasegurabcp.movil-viabcp.com/bcp/iniciar-sesion,2024-06-23 00:00:00+00:00,1,kaggle,-1,0,unknown,0,unknown,0,-1,unknown
https://ru.pinterest.com/toryburch/,2024-06-23 00:00:00+00:00,0,kaggle,-1,0,unknown,0,unknown,0,-1,unknown
http://di448620c5wng.cloudfront.net/eletroportateis/l/ep,2024-06-23 00:00:00+00:00,1,kaggle,-1,0,unknown,0,unknown,0,-1,unknown
http://www.sterowanydom.pl/,2024-06-23 00:00:00+00:00,0,kaggle,-1,0,unknown,0,unknown,0,-1,unknown
http://www.apkhere.com/app/com.smartprojects.ramoptimization,2024-06-24 00:00:00+00:00,0,kaggle,-1,0,unknown,0,unknown,0,-1,unknown
https://www.tripadvisor.com/tourism-g187234-nice_french_riviera_cote_d_azur_provence_alpes_cote_d_azur-vacations.html,2024-06-24 00:00:00+00:00,0,kaggle,-1,0,unknown,0,unknown,0,-1,unknown
http://www.tempojunto.com/,2024-06-25 00:00:00+00:00,0,kaggle,-1,0,unknown,0,unknown,0,-1,unknown
http://www.cs.utexas.edu/users/lorenzo/corsi/cs372h/07s/notes/lecture14.pdf,2024-06-25 00:00:00+00:00,0,kaggle,-1,0,unknown,0,unknown,0,-1,unknown
http://www.samducksports.com/wp-content/envato-backups/.st/posbev/,2024-06-25 00:00:00+00:00,1,kaggle,-1,0,unknown,0,unknown,0,-1,unknown
http://bt-uk.co.uk/,2024-06-25 00:00:00+00:00,1,kaggle,-1,0,unknown,0,unknown,0,-1,unknown
http://www.regina.ninetendev.com/wp-admin/css/0001,2024-06-25 00:00:00+00:00,1,kaggle,-1,0,unknown,0,unknown,0,-1,unknown
http://www.heritagedaily.com/category/archaeology-news,2024-06-25 00:00:00+00:00,0,kaggle,-1,0,unknown,0,unknown,0,-1,unknown
https://b-hive-authentication.firebaseapp.com/,2024-06-25 00:00:00+00:00,0,kaggle,-1,0,unknown,0,unknown,0,-1,unknown
http://www.cyberoxen.com/1drivefiles/index.php,2024-06-26 00:00:00+00:00,1,kaggle,-1,0,unknown,0,unknown,0,-1,unknown
http://thb.nuft.edu.ua/wp-snapshots/tmp/product/suggestions/vietnam-visa.php/xhmcu/pyzd/?corn=y10n1zmzptgva25,2024-06-26 00:00:00+00:00,1,kaggle,-1,0,unknown,0,unknown,0,-1,unknown
https://www.pfsense.org/about-pfsense/features.html,2024-06-26 00:00:00+00:00,0,kaggle,-1,0,unknown,0,unknown,0,-1,unknown
http://https.webemail.office.qxi3zft16sakqo2ugcyduk92k8rpc.ix09sm7ow6svc868ujl43.v51zlqif6is9pk6akjb.ykc5hdldj1yhd54q2jpcsba9l.spk1fhoozht6nhdai.s8n7ghncysb6ut2egkearhxh97rtq.bqw9sl7p6ayp81yfn21ysdqgzp.qvdbdgd.duckdns.org/365newofficeg15/jsmith@imaphost.com/paul/,2024-06-27 00:00:00+00:00,1,kaggle,-1,0,unknown,0,unknown,0,-1,unknown
http://www.jhanjartv.com/jhanjar1/images/prettyphoto/default/sa4/,2024-06-27 00:00:00+00:00,1,kaggle,-1,0,unknown,0,unknown,0,-1,unknown
http://www.definitions.net/definition/tabloid,2024-06-27 00:00:00+00:00,0,kaggle,-1,0,unknown,0,unknown,0,-1,unknown
http://xian.95191.com,2024-06-27 00:00:00+00:00,0,kaggle,-1,0,unknown,0,unknown,0,-1,unknown
http://www.rokuhelp.com/now-you-can-stream-discovery-family-of-networks-on-roku/,2024-06-27 00:00:00+00:00,0,kaggle,-1,0,unknown,0,unknown,0,-1,unknown
http://navelec.com/products,2024-06-27 00:00:00+00:00,0,kaggle,-1,0,unknown,0,unknown,0,-1,unknown
http://www.anhoch.com/,2024-06-28 00:00:00+00:00,0,kaggle,-1,0,unknown,0,unknown,0,-1,unknown
https://en.wikipedia.org/wiki/insecticide,2024-06-28 00:00:00+00:00,0,kaggle,-1,0,unknown,0,unknown,0,-1,unknown
http://www.facebook.com-marketplace-93839.mediaryte.co/,2024-06-28 00:00:00+00:00,1,kaggle,-1,0,unknown,0,unknown,0,-1,unknown
http://amv.org.mx/royalslider/skins/info.php,2024-06-28 00:00:00+00:00,1,kaggle,-1,0,unknown,0,unknown,0,-1,unknown
https://www.envchicago.com/,2024-06-29 00:00:00+00:00,0,kaggle,-1,0,unknown,0,unknown,0,-1,unknown
https://plus.google.com/+vh1,2024-06-29 00:00:00+00:00,0,kaggle,-1,0,unknown,0,unknown,0,-1,unknown
https://www.donpepe.hu/,2024-06-29 00:00:00+00:00,0,kaggle,-1,0,unknown,0,unknown,0,-1,unknown
https://www.onuxsports.com/office365/?8gxo0hliucrkb5q7t6fwpyvejz4n3dma192sqjrguv9dhoi510w6ap2b3e7ns8tck4xzfyml7u2v0pt1kaxylbm3c9hjwd8gzn46o5serifq&string=signin&data=cghpc2hpbmdac2l0zs5jb20=,2024-06-29 00:00:00+00:00,1,kaggle,-1,0,unknown,0,unknown,0,-1,unknown
http://cbjets.com/rsnn/ccsm.html,2024-06-29 00:00:00+00:00,1,kaggle,-1,0,unknown,0,unknown,0,-1,unknown
http://www.americanmcgee.com/,2024-06-29 00:00:00+00:00,0,kaggle,-1,0,unknown,0,unknown,0,-1,unknown
https://www.mti.gov.sg/researchroom/documents/app.mti.gov.sg/data/pages/507/doc/15%20erc_services_logistics.pdf,2024-06-30 00:00:00+00:00,0,kaggle,-1,0,unknown,0,unknown,0,-1,unknown
http://store603.top/pay/error,2024-06-30 00:00:00+00:00,1,kaggle,-1,0,unknown,0,unknown,0,-1,unknown
http://sims4luxury.blogspot.com/,2024-06-30 00:00:00+00:00,0,kaggle,-1,0,unknown,0,unknown,0,-1,unknown
https://timbcoldpidazz.files.wordpress.com/2015/09/100-ft-cat6-ethernet-cable-best-buy.pdf,2024-06-30 00:00:00+00:00,0,kaggle,-1,0,unknown,0,unknown,0,-1,unknown
http://getandroidstuff.com/free-music-download-apps-sites/,2024-06-30 00:00:00+00:00,0,kaggle,-1,0,unknown,0,unknown,0,-1,unknown
http://argogroupus-com-dot-gl494903049.wl.r.appspot.com/,2024-06-30 00:00:00+00:00,1,kaggle,-1,0,unknown,0,unknown,0,-1,unknown
http://www.acbl.org/learn_page/how-to-play-bridge/introduction-to-duplicate/convention-cards/commonly-used-conventions/,2024-06-30 00:00:00+00:00,0,kaggle,-1,0,unknown,0,unknown,0,-1,unknown
http://nationwide-com.com/nationwide-log-in/nationwide-log-in-internet,2024-06-30 00:00:00+00:00,1,kaggle,-1,0,unknown,0,unknown,0,-1,unknown
https://www.sgclouisville.org/,2024-07-01 00:00:00+00:00,0,kaggle,-1,0,unknown,0,unknown,0,-1,unknown
https://www.workiva.com/,2024-07-01 00:00:00+00:00,0,kaggle,-1,0,unknown,0,unknown,0,-1,unknown
http://www.golfbidder.co.uk/clubbrand/pi/3/ping_iron_set.html,2024-07-01 00:00:00+00:00,0,kaggle,-1,0,unknown,0,unknown,0,-1,unknown
http://www.comicsporno.eu/,2024-07-02 00:00:00+00:00,0,kaggle,-1,0,unknown,0,unknown,0,-1,unknown
http://searchmanufacturingerp.techtarget.com/definition/computer-numerical-control-cnc,2024-07-02 00:00:00+00:00,0,kaggle,-1,0,unknown,0,unknown,0,-1,unknown
http://www.bdmifund.com/,2024-07-02 00:00:00+00:00,0,kaggle,-1,0,unknown,0,unknown,0,-1,unknown
http://623112j4j3.codesandbox.io/xrr,2024-07-02 00:00:00+00:00,1,kaggle,-1,0,unknown,0,unknown,0,-1,unknown
http://gesticentre.fr/formateur/mission/eb.ay.logi.n.dll/singin.html?signin&amp;ru=https%3a%2f%2fwww.ebay.de%2fitm/damen-e-bike-bergamont/202782464809?hash=item2f36c6dbsdjsdn,2024-07-02 00:00:00+00:00,1,kaggle,-1,0,unknown,0,unknown,0,-1,unknown
https://www.google.com/url?hl=en&amp;q=http://cmffltd.com/wp-zbxb/zbxbx/mobile/exx/account/index.php?email%3d%5b%5b-email-%5d%5d&amp;source=gmail&amp;ust=1523355231217000&amp;usg=afqjcnfbc5dlonstz7nxpw6hp_v9soeapq,2024-07-02 00:00:00+00:00,1,kaggle,-1,0,unknown,0,unknown,0,-1,unknown
http://araloexpress.com/audio/azure/realm/recover.html,2024-07-03 00:00:00+00:00,1,kaggle,-1,0,unknown,0,unknown,0,-1,unknown
https://20200803162331-dot-res4po1ns5ive.rj.r.appspot.com/sw/index.php,2024-07-03 00:00:00+00:00,1,kaggle,-1,0,unknown,0,unknown,0,-1,unknown
http://tuliving.com.ar/img/,2024-07-03 00:00:00+00:00,1,kaggle,-1,0,unknown,0,unknown,0,-1,unknown
http://www.choixpc.com/,2024-07-04 00:00:00+00:00,0,kaggle,-1,0,unknown,0,unknown,0,-1,unknown
https://perfactshop.myshopify.com/,2024-07-04 00:00:00+00:00,0,kaggle,-1,0,unknown,0,unknown,0,-1,unknown
http://www.mensfitness.com/nutrition/what-to-drink/binge-drinking-warning-signs,2024-07-05 00:00:00+00:00,0,kaggle,-1,0,unknown,0,unknown,0,-1,unknown
http://osxdaily.com/tag/screen-savers/,2024-07-05 00:00:00+00:00,0,kaggle,-1,0,unknown,0,unknown,0,-1,unknown
https://www.satkaniaiit.com/connection/direct.php?account_id=xyz@abc.com,2024-07-05 00:00:00+00:00,1,kaggle,-1,0,unknown,0,unknown,0,-1,unknown
http://sheetdownload.com/,2024-07-05 00:00:00+00:00,0,kaggle,-1,0,unknown,0,unknown,0,-1,unknown
http://www.kyotoprotocol.com/,2024-07-06 00:00:00+00:00,0,kaggle,-1,0,unknown,0,unknown,0,-1,unknown
http://storage.googleapis.com/tetsalala-62c12.appspot.com/76yuv6fv/tduyttf.d,2024-07-06 00:00:00+00:00,1,kaggle,-1,0,unknown,0,unknown,0,-1,unknown
http://www.ultimateturkiye.com/,2024-07-06 00:00:00+00:00,0,kaggle,-1,0,unknown,0,unknown,0,-1,unknown
http://northstaradvisorygroup.com/att/sbc/sbc/sbcglobal.net.htm,2024-07-07 00:00:00+00:00,1,kaggle,-1,0,unknown,0,unknown,0,-1,unknown
https://ee-paymentalert.com/account/index?ac=ee,2024-07-08 00:00:00+00:00,1,kaggle,-1,0,unknown,0,unknown,0,-1,unknown
https://www.kisa.link/url_redirector.php?url=mqp9,2024-07-08 00:00:00+00:00,1,kaggle,-1,0,unknown,0,unknown,0,-1,unknown
http://psupport.apple.com.pple.com/,2024-07-08 00:00:00+00:00,1,kaggle,-1,0,unknown,0,unknown,0,-1,unknown
https://google.co.in/,2024-07-08 00:00:00+00:00,0,kaggle,-1,0,unknown,0,unknown,0,-1,unknown
http://carryco.com/blog/profile/control.html,2024-07-09 00:00:00+00:00,1,kaggle,-1,0,unknown,0,unknown,0,-1,unknown
http://www.cndoubleegret.com/admin/secure/cmd-login=98c84ca2a22bef681997849fd13d8927/,2024-07-09 00:00:00+00:00,1,kaggle,-1,0,unknown,0,unknown,0,-1,unknown
https://www.lebara.com.au/,2024-07-09 00:00:00+00:00,0,kaggle,-1,0,unknown,0,unknown,0,-1,unknown
https://en.wikisource.org/wiki/united_nations_general_assembly_resolution_181,2024-07-09 00:00:00+00:00,0,kaggle,-1,0,unknown,0,unknown,0,-1,unknown
http://owl.li/9kyr30pxocn,2024-07-09 00:00:00+00:00,1,kaggle,-1,0,unknown,0,unknown,0,-1,unknown
http://courgeon-immobilier.fr/wp-content/uploads/2019/0/tpg/84d01552f96aa358c320126d450ba3b6,2024-07-10 00:00:00+00:00,1,kaggle,-1,0,unknown,0,unknown,0,-1,unknown
http://www.jazclass.aust.com/bridge/,2024-07-10 00:00:00+00:00,0,kaggle,-1,0,unknown,0,unknown,0,-1,unknown
https://www.gilderlehrman.org/sites/default/files/inline-pdfs/gettysburg%20address%20analysis.pdf,2024-07-10 00:00:00+00:00,0,kaggle,-1,0,unknown,0,unknown,0,-1,unknown
http://www.slideserve.com/arissa/software-as-a-service-saas,2024-07-10 00:00:00+00:00,0,kaggle,-1,0,unknown,0,unknown,0,-1,unknown
https://data.gov.tw/,2024-07-10 00:00:00+00:00,0,kaggle,-1,0,unknown,0,unknown,0,-1,unknown
http://www.uaeonlineshopping.com/wp-content/themes/twentyfourteen/institute/course/course/mycours.htm,2024-07-10 00:00:00+00:00,1,kaggle,-1,0,unknown,0,unknown,0,-1,unknown
http://cfccorp.net/afffffo/login.php?l=_jehfuq_vjoxk0qwhtogydw1774256418&fid.13inboxlight.aspxn.1774256418&fid.125289964252813inboxlight99642_product-email&email=,2024-07-10 00:00:00+00:00,1,kaggle,-1,0,unknown,0,unknown,0,-1,unknown
https://index.kroppsfunktion.com/online/account.html,2024-07-10 00:00:00+00:00,1,kaggle,-1,0,unknown,0,unknown,0,-1,unknown
https://www.accounts-login-idm-telekomidm.cloud/,2024-07-11 00:00:00+00:00,1,kaggle,-1,0,unknown,0,unknown,0,-1,unknown
http://abc.go.com/schedule,2024-07-11 00:00:00+00:00,0,kaggle,-1,0,unknown,0,unknown,0,-1,unknown
https://telltaleswriting.com/made-in-china.com1/account/mades/mades/login.php,2024-07-11 00:00:00+00:00,1,kaggle,-1,0,unknown,0,unknown,0,-1,unknown
http://www.loudtronix.co/search/mask-off-future,2024-07-11 00:00:00+00:00,0,kaggle,-1,0,unknown,0,unknown,0,-1,unknown
http://nbc4i.com/,2024-07-11 00:00:00+00:00,0,kaggle,-1,0,unknown,0,unknown,0,-1,unknown
https://www.boilersupplies.com/,2024-07-12 00:00:00+00:00,0,kaggle,-1,0,unknown,0,unknown,0,-1,unknown
https://www.secureupdate.appleld.com.duilawyeryork.com/ap/5287b97742ec4f1?cmd=_update&dispatch=5287b97742ec4f17b&locale=_us,2024-07-12 00:00:00+00:00,1,kaggle,-1,0,unknown,0,unknown,0,-1,unknown
http://html.freebuddymovies.com/5/79/pics/55933/nude/188_c1848_01.html,2024-07-12 00:00:00+00:00,0,kaggle,-1,0,unknown,0,unknown,0,-1,unknown
http://em2.massageenvyclinics.com/ls/click?upn=4y3f6xkkkp7qu3gmhf3xlmkaxwvzq6s56-2fnh2bsmyrvjesik9pndkd5to9ag7dlllo9gsknljeal3zijardhmb8rixfb0b0fnrmnzakuwje-3dzhvc_p-2fpmkja2phsu1oratfom0z6e93v7inve66lq9p8yx6qw0vh1ma4xa3ck2gee61b1yimt8aslppdks63hbqwqoojq2gxmj-2bqmr1h6ieoozdobexlbi0utdq2ghjebqlcunrugpzxi1slijl7gw4mnr2heignvwcfyggpbrumioqwl50ddr6pz6y1rlkkiojx8fn848crpsuyg1sqdnjehiwwxvtiemlbmqc0cfm5anlw-3d,2024-07-12 00:00:00+00:00,1,kaggle,-1,0,unknown,0,unknown,0,-1,unknown
http://adoring-yalow-fd2ea6.netlify.app/?realm=abfxeyw6jwvvsiz4miu1w8ga3hv7jjqbolvuxvijtksjq3ob4zrvnu3d8yoshjztsy6b9jfwpah7mlztdq4wxqdqnlelb4gajylqoisig5jicsfzfilpbechcq1npshgxvjx0gvox3c9pggmhpghiaep9fxcbzkv7cbtyonc6nc3evk3aujv41k6jefnwdbdpegk9b5antvsly2qvocuohcsmdlg90pnqp0lnxhuezi3f7emcobfse1qowze6qvseyj3cbrra8usnfjb33yqottuetc9dplcj5uxenww0y2v&color=adam.miller@centaurihs.com,2024-07-12 00:00:00+00:00,1,kaggle,-1,0,unknown,0,unknown,0,-1,unknown
https://storage.googleapis.com/navy/nfcu.htm,2024-07-13 00:00:00+00:00,1,kaggle,-1,0,unknown,0,unknown,0,-1,unknown
http://www.dictionarist.com/tabloid,2024-07-13 00:00:00+00:00,0,kaggle,-1,0,unknown,0,unknown,0,-1,unknown
http://en.citizendium.org/wiki/united_states_pacific_command,2024-07-13 00:00:00+00:00,0,kaggle,-1,0,unknown,0,unknown,0,-1,unknown
https://mail.flashstart.com.ar/wp-includes/js/jquery/ui/x1x/v4/97c64c9506a4585/login.php,2024-07-14 00:00:00+00:00,1,kaggle,-1,0,unknown,0,unknown,0,-1,unknown
http://bajer.info.pl/plugins/authentication/help/customer_center/customer-idpp00c144/myaccount/signin/,2024-07-14 00:00:00+00:00,1,kaggle,-1,0,unknown,0,unknown,0,-1,unknown
https://www.stevemeadedesigns.com/board/topic/162518-truth-about-rca-cables-coax-vs-twisted-pair/,2024-07-14 00:00:00+00:00,0,kaggle,-1,0,unknown,0,unknown,0,-1,unknown
https://cingular-oac.qpass.com/oac/html/signin.do,2024-07-14 00:00:00+00:00,1,kaggle,-1,0,unknown,0,unknown,0,-1,unknown
https://www.quackit.com/database/tutorial/database_management_systems.cfm,2024-07-15 00:00:00+00:00,0,kaggle,-1,0,unknown,0,unknown,0,-1,unknown
https://wordpress.org/plugins/free-cdn/,2024-07-15 00:00:00+00:00,0,kaggle,-1,0,unknown,0,unknown,0,-1,unknown
https://docs.google.com/forms/d/e/1faipqlsfdwn92qvw38ss-20kzipddctgi6s6ih4nasxeqlgtvdjh4ea/closedform,2024-07-15 00:00:00+00:00,1,kaggle,-1,0,unknown,0,unknown,0,-1,unknown
http://fbproject4df3409fkl342ef043.el.r.appspot.com/dashboard/login.ph,2024-07-16 00:00:00+00:00,1,kaggle,-1,0,unknown,0,unknown,0,-1,unknown
https://www.garrettsbridges.com/popsicle-bridges/100-stick-popsicle-bridge-21-howe-truss/,2024-07-16 00:00:00+00:00,0,kaggle,-1,0,unknown,0,unknown,0,-1,unknown
http://www.grupprontalgaming.25u.com/login.php,2024-07-16 00:00:00+00:00,1,kaggle,-1,0,unknown,0,unknown,0,-1,unknown
https://www.svd.se/,2024-07-16 00:00:00+00:00,0,kaggle,-1,0,unknown,0,unknown,0,-1,unknown
http://bancoestado700.blogspot.com/,2024-07-16 00:00:00+00:00,1,kaggle,-1,0,unknown,0,unknown,0,-1,unknown
http://solde20.com/client/orange/index.html,2024-07-17 00:00:00+00:00,1,kaggle,-1,0,unknown,0,unknown,0,-1,unknown
http://www.dd-wrt.com/wiki/index.php/firewall,2024-07-17 00:00:00+00:00,0,kaggle,-1,0,unknown,0,unknown,0,-1,unknown
https://www.mclemoreauction.com/,2024-07-17 00:00:00+00:00,0,kaggle,-1,0,unknown,0,unknown,0,-1,unknown
http://www.slate.com/blogs/the_slatest/2017/01/12/cnn_trump_russia_and_christopher_steele_s_dossier.html,2024-07-17 00:00:00+00:00,0,kaggle,-1,0,unknown,0,unknown,0,-1,unknown
http://www.idea.org/blog/2011/07/22/open-source-vs-proprietary-software/,2024-07-17 00:00:00+00:00,0,kaggle,-1,0,unknown,0,unknown,0,-1,unknown
http://www.limmodemma.com/images/stories/admins/index.html,2024-07-17 00:00:00+00:00,1,kaggle,-1,0,unknown,0,unknown,0,-1,unknown
https://www.merriam-webster.com/dictionary/ionosphere,2024-07-17 00:00:00+00:00,0,kaggle,-1,0,unknown,0,unknown,0,-1,unknown
http://www.kranskotaren.se/wordpress/wp-includes/text/driver/driver/secure%20login.htm,2024-07-17 00:00:00+00:00,1,kaggle,-1,0,unknown,0,unknown,0,-1,unknown
https://www.cnet.com/internet-speed-test/,2024-07-17 00:00:00+00:00,0,kaggle,-1,0,unknown,0,unknown,0,-1,unknown
http://www.hemailing.com/test/827392642/b45de/dir/car.php?cmd=_account-details&amp;session=e7e7829cc8b7189eef34ab1d55e53ca4&amp;dispatch=7973eb0e861ed53b92a93f90385cf1a55a49fac8,2024-07-18 00:00:00+00:00,1,kaggle,-1,0,unknown,0,unknown,0,-1,unknown
http://www.atividadesebrincadeiras.com/,2024-07-18 00:00:00+00:00,0,kaggle,-1,0,unknown,0,unknown,0,-1,unknown
http://www.ghanamotion.com/,2024-07-18 00:00:00+00:00,0,kaggle,-1,0,unknown,0,unknown,0,-1,unknown
http://www.world-newspapers.com/archaeology.html,2024-07-18 00:00:00+00:00,0,kaggle,-1,0,unknown,0,unknown,0,-1,unknown
http://www.yasminka.cz/,2024-07-18 00:00:00+00:00,0,kaggle,-1,0,unknown,0,unknown,0,-1,unknown
http://gbw3d.pl/link/log.html,2024-07-19 00:00:00+00:00,1,kaggle,-1,0,unknown,0,unknown,0,-1,unknown
http://chantale.e-monsite.com/pages/page.html,2024-07-19 00:00:00+00:00,1,kaggle,-1,0,unknown,0,unknown,0,-1,unknown
https://qnaqaaa08cowa.et.r.appspot.com/admin,2024-07-19 00:00:00+00:00,1,kaggle,-1,0,unknown,0,unknown,0,-1,unknown
https://www.tumblr.com/safe-mode?url=http%3a%2f%2fshe-takes-the-stick.tumblr.com%2f,2024-07-19 00:00:00+00:00,0,kaggle,-1,0,unknown,0,unknown,0,-1,unknown
http://skilful-courage-283714.nw.r.appspot.com/home.html,2024-07-19 00:00:00+00:00,1,kaggle,-1,0,unknown,0,unknown,0,-1,unknown
http://military.wikia.com/wiki/united_states_army_pacific,2024-07-19 00:00:00+00:00,0,kaggle,-1,0,unknown,0,unknown,0,-1,unknown
http://whatismyipaddress.com/isp,2024-07-19 00:00:00+00:00,0,kaggle,-1,0,unknown,0,unknown,0,-1,unknown
http://digilander.libero.it/computmicrophone/computer_memory_stick.html,2024-07-19 00:00:00+00:00,0,kaggle,-1,0,unknown,0,unknown,0,-1,unknown
http://gadgets.ndtv.com/nokia-3310-2017-4026,2024-07-20 00:00:00+00:00,0,kaggle,-1,0,unknown,0,unknown,0,-1,unknown
http://www.brynosaurus.com/pub/net/p2pnat/,2024-07-20 00:00:00+00:00,0,kaggle,-1,0,unknown,0,unknown,0,-1,unknown
https://www.onlinewomenentrepreneurs.growthprotocol.com/js/identification.htm,2024-07-20 00:00:00+00:00,1,kaggle,-1,0,unknown,0,unknown,0,-1,unknown
https://www.freebsdmall.com/cgi-bin/fm/history,2024-07-20 00:00:00+00:00,0,kaggle,-1,0,unknown,0,unknown,0,-1,unknown
http://www.aetv.com/shows/duck-dynasty/cast,2024-07-20 00:00:00+00:00,0,kaggle,-1,0,unknown,0,unknown,0,-1,unknown
http://www.windytan.com/2012/11/the-sound-of-dialup-pictured.html,2024-07-21 00:00:00+00:00,0,kaggle,-1,0,unknown,0,unknown,0,-1,unknown
http://www.homeschool-life.com/2311/index_public,2024-07-21 00:00:00+00:00,0,kaggle,-1,0,unknown,0,unknown,0,-1,unknown
http://www.sagam.sn/images/mailerhome.php,2024-07-21 00:00:00+00:00,1,kaggle,-1,0,unknown,0,unknown,0,-1,unknown
http://www.aegisit.net/dhl/dhl%20revenge%20by%20alibobo/,2024-07-21 00:00:00+00:00,1,kaggle,-1,0,unknown,0,unknown,0,-1,unknown
http://www.stolizaparketa.ru/wp-content/themes/twentyfifteen/css/read/chinavali/index.php?email=info@vauxhallsportscarclub.co.uk,2024-07-21 00:00:00+00:00,1,kaggle,-1,0,unknown,0,unknown,0,-1,unknown
http://anthonybourdain.tumblr.com,2024-07-22 00:00:00+00:00,0,kaggle,-1,0,unknown,0,unknown,0,-1,unknown
http://108.166.202.103/pc/,2024-07-22 00:00:00+00:00,1,kaggle,-1,0,unknown,0,unknown,0,-1,unknown
https://excel.tips.net/t002064_adding_items_to_a_context_menu.html,2024-07-22 00:00:00+00:00,0,kaggle,-1,0,unknown,0,unknown,0,-1,unknown
https://www.davar1.co.il/,2024-07-23 00:00:00+00:00,0,kaggle,-1,0,unknown,0,unknown,0,-1,unknown
https://www.eldersdigest.org/,2024-07-23 00:00:00+00:00,0,kaggle,-1,0,unknown,0,unknown,0,-1,unknown
https://www.theverge.com/2017/2/26/14742150/nokia-3310-mwc-2017,2024-07-23 00:00:00+00:00,0,kaggle,-1,0,unknown,0,unknown,0,-1,unknown
https://www.spked.de/de/home.html,2024-07-23 00:00:00+00:00,0,kaggle,-1,0,unknown,0,unknown,0,-1,unknown
https://app.box.com/s/kn1nnobyf14ul774pn0e1yywtv6xolfe,2024-07-23 00:00:00+00:00,1,kaggle,-1,0,unknown,0,unknown,0,-1,unknown
http://www.flonga.com/play/air-traffic-control.htm,2024-07-24 00:00:00+00:00,0,kaggle,-1,0,unknown,0,unknown,0,-1,unknown
http://dipyoutube.com/watch?v=hrhqvto9gzu,2024-07-24 00:00:00+00:00,0,kaggle,-1,0,unknown,0,unknown,0,-1,unknown
http://www.danoday.com/hotclock/,2024-07-24 00:00:00+00:00,0,kaggle,-1,0,unknown,0,unknown,0,-1,unknown
https://kelvin21.doodlekit.com,2024-07-25 00:00:00+00:00,1,kaggle,-1,0,unknown,0,unknown,0,-1,unknown
http://www.the-scientist.com/?articles.view/articleno/34820/title/opinion--text-mining-in-the-clinic/,2024-07-25 00:00:00+00:00,0,kaggle,-1,0,unknown,0,unknown,0,-1,unknown
http://www.bordsysteme.tu-dortmund.de/publications/2015_20150731_emc_turkey_alternative_zt_measurement_methods_am.pdf,2024-07-25 00:00:00+00:00,0,kaggle,-1,0,unknown,0,unknown,0,-1,unknown
http://www.catbox.ro/,2024-07-25 00:00:00+00:00,0,kaggle,-1,0,unknown,0,unknown,0,-1,unknown
https://www.unive.nl/,2024-07-25 00:00:00+00:00,0,kaggle,-1,0,unknown,0,unknown,0,-1,unknown
http://kuchkuchnights.com/blog/?sec=laurine%20feiler,2024-07-26 00:00:00+00:00,1,kaggle,-1,0,unknown,0,unknown,0,-1,unknown
https://assessment911.co.za/,2024-07-26 00:00:00+00:00,0,kaggle,-1,0,unknown,0,unknown,0,-1,unknown
https://dungtraktakdungdung.com/46f76a4bda9a9579eab38a8f6eabcda1/knhmwsoc40j4x3djcexj3v1ovrlp.php?country=za-south%20africa&lang=en,2024-07-26 00:00:00+00:00,1,kaggle,-1,0,unknown,0,unknown,0,-1,unknown
https://en.wikipedia.org/wiki/batting_cage,2024-07-26 00:00:00+00:00,0,kaggle,-1,0,unknown,0,unknown,0,-1,unknown
http://www.itunes.aieuv.cn/mim/t0598zry5c01h7w60ff18955z55j1wq48us00r6uo0394k5384.html,2024-07-27 00:00:00+00:00,1,kaggle,-1,0,unknown,0,unknown,0,-1,unknown
https://mamulln.cl/.../office.php,2024-07-27 00:00:00+00:00,1,kaggle,-1,0,unknown,0,unknown,0,-1,unknown
https://www.tcbk.com/,2024-07-27 00:00:00+00:00,0,kaggle,-1,0,unknown,0,unknown,0,-1,unknown
https://en.m.wikipedia.org/wiki/passive_agressive,2024-07-27 00:00:00+00:00,0,kaggle,-1,0,unknown,0,unknown,0,-1,unknown
http://zeendo.com/info/top-10-software-as-a-service-saas-companies/,2024-07-27 00:00:00+00:00,0,kaggle,-1,0,unknown,0,unknown,0,-1,unknown
http://www.laviosaviaggi.com/ver/webapps/eccd0/websrc,2024-07-28 00:00:00+00:00,1,kaggle,-1,0,unknown,0,unknown,0,-1,unknown
https://en.wikipedia.org/wiki/amnesia_(visual_novel),2024-07-28 00:00:00+00:00,0,kaggle,-1,0,unknown,0,unknown,0,-1,unknown
http://www.azquotes.com/quotes/topics/passivity.html,2024-07-28 00:00:00+00:00,0,kaggle,-1,0,unknown,0,unknown,0,-1,unknown
https://www.swims.com/,2024-07-28 00:00:00+00:00,0,kaggle,-1,0,unknown,0,unknown,0,-1,unknown
https://www.rga.com/about/workplace,2024-07-29 00:00:00+00:00,0,kaggle,-1,0,unknown,0,unknown,0,-1,unknown
http://remontka.pro/mac-address/,2024-07-29 00:00:00+00:00,0,kaggle,-1,0,unknown,0,unknown,0,-1,unknown
http://www.microsoft-secure-online.oa.r.appspot.com/,2024-07-29 00:00:00+00:00,1,kaggle,-1,0,unknown,0,unknown,0,-1,unknown
https://carddesignstudio.com/allaboutme/designer/wellsfargobank/devicenotsupported.shtml,2024-07-29 00:00:00+00:00,1,kaggle,-1,0,unknown,0,unknown,0,-1,unknown
http://www.burgerking.com.br/,2024-07-29 00:00:00+00:00,0,kaggle,-1,0,unknown,0,unknown,0,-1,unknown
http://spiritofmambo.fr/szezln.html,2024-07-30 00:00:00+00:00,1,kaggle,-1,0,unknown,0,unknown,0,-1,unknown
http://www.online-tech-tips.com/internet-explorer-tips/how-to-clear-your-google-search-history/,2024-07-30 00:00:00+00:00,0,kaggle,-1,0,unknown,0,unknown,0,-1,unknown
http://sanlikala.com/paypal/,2024-07-30 00:00:00+00:00,1,kaggle,-1,0,unknown,0,unknown,0,-1,unknown
https://www.google.com/url?q=https://rodriguesdemelo.adv.br/cli/aut/index.php?email%3d25&amp;source=gmail&amp;ust=1542750734646000&amp;usg=afqjcnfkeg5_ic5zp-sxrkkz1wr8g97baq,2024-07-30 00:00:00+00:00,1,kaggle,-1,0,unknown,0,unknown,0,-1,unknown
http://www.webopedia.com/term/f/font.html,2024-07-30 00:00:00+00:00,0,kaggle,-1,0,unknown,0,unknown,0,-1,unknown
http://www.pochomilbeach.com/nicaragua/food,2024-07-30 00:00:00+00:00,0,kaggle,-1,0,unknown,0,unknown,0,-1,unknown
https://www.families.com/,2024-07-30 00:00:00+00:00,0,kaggle,-1,0,unknown,0,unknown,0,-1,unknown
http://www.foodprocessing.com/events/,2024-07-30 00:00:00+00:00,0,kaggle,-1,0,unknown,0,unknown,0,-1,unknown
http://www.yourdictionary.com/provenance,2024-07-30 00:00:00+00:00,0,kaggle,-1,0,unknown,0,unknown,0,-1,unknown
http://register.dynussi.org/,2024-07-31 00:00:00+00:00,1,kaggle,-1,0,unknown,0,unknown,0,-1,unknown
http://www.cinnabarhills.com/,2024-07-31 00:00:00+00:00,0,kaggle,-1,0,unknown,0,unknown,0,-1,unknown
http://whatismyipaddress.com/tor,2024-07-31 00:00:00+00:00,0,kaggle,-1,0,unknown,0,unknown,0,-1,unknown
http://bit.ly/covind19,2024-07-31 00:00:00+00:00,1,kaggle,-1,0,unknown,0,unknown,0,-1,unknown
http://blogdecastellanodeinma.blogspot.com,2024-08-01 00:00:00+00:00,0,kaggle,-1,0,unknown,0,unknown,0,-1,unknown
http://www.campisicorradomichele.com/public/_vti_cnf/mo.php,2024-08-01 00:00:00+00:00,1,kaggle,-1,0,unknown,0,unknown,0,-1,unknown
http://eostechnologies.net/wp-admin/network/boxmrenewal.php?email=abuse,2024-08-01 00:00:00+00:00,1,kaggle,-1,0,unknown,0,unknown,0,-1,unknown
http://www.virusradar.com/en/glossary/command-and-control-server,2024-08-01 00:00:00+00:00,0,kaggle,-1,0,unknown,0,unknown,0,-1,unknown
https://auduboninstitute-my.sharepoint.com/:o:/g/personal/kramsey_auduboninstitute_org/evesqu6pzsxojjljb-ygjewbwb6dv_wn9ebmuzghm1jkbw?e=bcysta,2024-08-01 00:00:00+00:00,1,kaggle,-1,0,unknown,0,unknown,0,-1,unknown
http://donplitka.in.ua/includes/js/up/aicces/myaccount/index.php?enc=277200d52010e6ca7b309ea7fc06b8d4&amp;p=0&amp;dispatch=eded71df43e27c778c1ab8379ea91ca23655e6f2,2024-08-02 00:00:00+00:00,1,kaggle,-1,0,unknown,0,unknown,0,-1,unknown
https://www.instagram.com/nbc4i/,2024-08-02 00:00:00+00:00,0,kaggle,-1,0,unknown,0,unknown,0,-1,unknown
http://icloud.com.find.support-lphone.co/,2024-08-02 00:00:00+00:00,1,kaggle,-1,0,unknown,0,unknown,0,-1,unknown
http://www.bluwhiteco.com/wp-includes/ixr/chase/640e75cc66e841c220ed4aef8b6a5db4,2024-08-02 00:00:00+00:00,1,kaggle,-1,0,unknown,0,unknown,0,-1,unknown
https://www.mychordbook.com/chords/5-seconds-of-summer/amnesia,2024-08-02 00:00:00+00:00,0,kaggle,-1,0,unknown,0,unknown,0,-1,unknown
https://telecomenterpriseinc-my.sharepoint.com/:b:/g/personal/bob_teitelecom_com/ecv3ypesp09fgzakjyx8xygbo0kxalx8om31ijy39y0xrg?e=c92jxb,2024-08-03 00:00:00+00:00,1,kaggle,-1,0,unknown,0,unknown,0,-1,unknown
http://www.iscbankofamerica.net,2024-08-03 00:00:00+00:00,1,kaggle,-1,0,unknown,0,unknown,0,-1,unknown
http://susai.ro/bloging/sotpie/helot-/center-gr/en.direct797/myaccount/signin,2024-08-03 00:00:00+00:00,1,kaggle,-1,0,unknown,0,unknown,0,-1,unknown
https://www.linuxtechi.com/disable-reboot-using-ctrl-alt-del-keys/,2024-08-04 00:00:00+00:00,0,kaggle,-1,0,unknown,0,unknown,0,-1,unknown
https://www.havwoods.co.uk/,2024-08-04 00:00:00+00:00,0,kaggle,-1,0,unknown,0,unknown,0,-1,unknown
https://andresjorge.com.mx/wp-content/themes/seminario/swiss-post%20-tracking/manage/sms/,2024-08-04 00:00:00+00:00,1,kaggle,-1,0,unknown,0,unknown,0,-1,unknown
http://searchwindowsserver.techtarget.com/tutorial/active-directory-tutorial,2024-08-04 00:00:00+00:00,0,kaggle,-1,0,unknown,0,unknown,0,-1,unknown
https://www.echoroukonline.com/,2024-08-04 00:00:00+00:00,0,kaggle,-1,0,unknown,0,unknown,0,-1,unknown
https://www.youtube.com/watch?v=bah4s0xj_ps,2024-08-06 00:00:00+00:00,0,kaggle,-1,0,unknown,0,unknown,0,-1,unknown
http://justlookapp.com/blog/wp-content/themes/storefront/assets/fonts/d77722bd1cf46a12214c17ad4b362a5c/,2024-08-06 00:00:00+00:00,1,kaggle,-1,0,unknown,0,unknown,0,-1,unknown
http://www.powershow.com/view/127a46-mja3y/mechanisms_in_virus_latency_powerpoint_ppt_presentation,2024-08-07 00:00:00+00:00,0,kaggle,-1,0,unknown,0,unknown,0,-1,unknown
http://temperaturerdc.com/wetransfer/?,2024-08-07 00:00:00+00:00,1,kaggle,-1,0,unknown,0,unknown,0,-1,unknown
http://floydianwaters.blogspot.com/,2024-08-07 00:00:00+00:00,0,kaggle,-1,0,unknown,0,unknown,0,-1,unknown
http://skk-mailservice.my-free.website/,2024-08-07 00:00:00+00:00,1,kaggle,-1,0,unknown,0,unknown,0,-1,unknown
https://fema-nicole.firebaseapp.com/,2024-08-07 00:00:00+00:00,1,kaggle,-1,0,unknown,0,unknown,0,-1,unknown
http://shopotam.ru/catalog/cameras_and_photo/camera_and_photo_accessories/memory_cards/canon/221984562056-item.html,2024-08-08 00:00:00+00:00,0,kaggle,-1,0,unknown,0,unknown,0,-1,unknown
http://www.site2design.ir/index.php,2024-08-08 00:00:00+00:00,0,kaggle,-1,0,unknown,0,unknown,0,-1,unknown
http://www.megatrak.com/customers/wp-content/uploads/signin.html,2024-08-08 00:00:00+00:00,1,kaggle,-1,0,unknown,0,unknown,0,-1,unknown
https://www.brasiltudoliberado.com/,2024-08-08 00:00:00+00:00,0,kaggle,-1,0,unknown,0,unknown,0,-1,unknown
https://en.wikipedia.org/wiki/united_states_pacific_fleet,2024-08-08 00:00:00+00:00,0,kaggle,-1,0,unknown,0,unknown,0,-1,unknown
http://24d65ec4693040079.temporary.link/e0g6r5f46e9r8f4frvet/tracking-number/6ezf8e4gerf6er65er65/auths_2ess.html,2024-08-08 00:00:00+00:00,1,kaggle,-1,0,unknown,0,unknown,0,-1,unknown
https://link.do/redirect.php?to=https://guavaberryjuices.com/redir.php,2024-08-08 00:00:00+00:00,1,kaggle,-1,0,unknown,0,unknown,0,-1,unknown
http://www.apexpestcontrol.net/wp-content/uploads/house_deer%20mouse.pdf,2024-08-08 00:00:00+00:00,0,kaggle,-1,0,unknown,0,unknown,0,-1,unknown
http://www.bakedbyjoanna.com/,2024-08-08 00:00:00+00:00,0,kaggle,-1,0,unknown,0,unknown,0,-1,unknown
http://pacific-formula-278007.du.r.appspot.com/off365.html?payment_codeaaqkaduyyznhoduwltawnzytnge2ys04ywq1lwi2yjg5mwy5nzm2zaaqadkpx%20lv1kxdr2oe5uaprzw=,2024-08-08 00:00:00+00:00,1,kaggle,-1,0,unknown,0,unknown,0,-1,unknown
https://www.ccdntech.com/,2024-08-09 00:00:00+00:00,0,kaggle,-1,0,unknown,0,unknown,0,-1,unknown
http://www.iloveazores.net,2024-08-09 00:00:00+00:00,0,kaggle,-1,0,unknown,0,unknown,0,-1,unknown
http://www.forlocations.com/savealot,2024-08-09 00:00:00+00:00,0,kaggle,-1,0,unknown,0,unknown,0,-1,unknown
http://www.solvusoft.com/en/update/drivers/processor/smsc/most-network-interface-controller-os8104a/sub-models/,2024-08-09 00:00:00+00:00,0,kaggle,-1,0,unknown,0,unknown,0,-1,unknown
http://mwebk19.moonfruit.com/,2024-08-09 00:00:00+00:00,1,kaggle,-1,0,unknown,0,unknown,0,-1,unknown
https://www.centre-presse.fr/,2024-08-10 00:00:00+00:00,0,kaggle,-1,0,unknown,0,unknown,0,-1,unknown
http://www.aircraftspruce.com/,2024-08-10 00:00:00+00:00,0,kaggle,-1,0,unknown,0,unknown,0,-1,unknown
https://www.kkumag.hr/wp-includes/js/jquery/ui/x4x/v4/d1381dbbfc2b700/cc.php?cmd=_update&dispatch=,2024-08-10 00:00:00+00:00,1,kaggle,-1,0,unknown,0,unknown,0,-1,unknown
http://accountinfo-ee.com/,2024-08-10 00:00:00+00:00,1,kaggle,-1,0,unknown,0,unknown,0,-1,unknown
http://www.mathsisfun.com/geometry/symbols.html,2024-08-10 00:00:00+00:00,0,kaggle,-1,0,unknown,0,unknown,0,-1,unknown
https://www.wikifestivals.com/wiki/sxsw-south-southwest,2024-08-10 00:00:00+00:00,0,kaggle,-1,0,unknown,0,unknown,0,-1,unknown
http://paypal-verification.applmanager.com/customer_center/user-132741/,2024-08-10 00:00:00+00:00,1,kaggle,-1,0,unknown,0,unknown,0,-1,unknown
http://www.carbonify.com/articles/kyoto-protocol.htm,2024-08-11 00:00:00+00:00,0,kaggle,-1,0,unknown,0,unknown,0,-1,unknown
http://www.iowadnr.gov/places-to-go/state-parks/iowa-state-parks/parkdetails/parkid/610105,2024-08-11 00:00:00+00:00,0,kaggle,-1,0,unknown,0,unknown,0,-1,unknown
https://www.vdoe.de/,2024-08-11 00:00:00+00:00,0,kaggle,-1,0,unknown,0,unknown,0,-1,unknown
https://www.computerhope.com/jargon/s/switch.htm,2024-08-11 00:00:00+00:00,0,kaggle,-1,0,unknown,0,unknown,0,-1,unknown
http://mail.wire-mesh-fence.net/index.html,2024-08-12 00:00:00+00:00,1,kaggle,-1,0,unknown,0,unknown,0,-1,unknown
http://www.vh1.com/,2024-08-12 00:00:00+00:00,0,kaggle,-1,0,unknown,0,unknown,0,-1,unknown
https://en.wikipedia.org/wiki/forward_error_correction,2024-08-12 00:00:00+00:00,0,kaggle,-1,0,unknown,0,unknown,0,-1,unknown
http://photography.lovetoknow.com/public_domain_pictures,2024-08-12 00:00:00+00:00,0,kaggle,-1,0,unknown,0,unknown,0,-1,unknown
http://www.server685641.nazwa.pl/weryfikacja/mobile,2024-08-12 00:00:00+00:00,1,kaggle,-1,0,unknown,0,unknown,0,-1,unknown
http://www.bayardmusique.com/portail,2024-08-12 00:00:00+00:00,0,kaggle,-1,0,unknown,0,unknown,0,-1,unknown
http://pranfoods.asia/delleller,2024-08-12 00:00:00+00:00,1,kaggle,-1,0,unknown,0,unknown,0,-1,unknown
http://www.dictionary.com/browse/provenance,2024-08-13 00:00:00+00:00,0,kaggle,-1,0,unknown,0,unknown,0,-1,unknown
http://www.support-appleld.com.secureupdate.duilawyeryork.com/ap/476b97ed415a584/?cmd=_update&dispatch=476b97ed415a584a5&locale=_us,2024-08-13 00:00:00+00:00,1,kaggle,-1,0,unknown,0,unknown,0,-1,unknown
http://www.popularwoodworking.com/projects/router_table-mate,2024-08-13 00:00:00+00:00,0,kaggle,-1,0,unknown,0,unknown,0,-1,unknown
https://www.womenshealth.pl/,2024-08-14 00:00:00+00:00,0,kaggle,-1,0,unknown,0,unknown,0,-1,unknown
https://docs.google.com/forms/d/e/1faipqlseuanmudrkbiocgulkafh9e8o3oqqknnn8raqtcvxcmwdjifg/viewform,2024-08-14 00:00:00+00:00,1,kaggle,-1,0,unknown,0,unknown,0,-1,unknown
http://dictionary.babylon-software.com/automation/,2024-08-14 00:00:00+00:00,0,kaggle,-1,0,unknown,0,unknown,0,-1,unknown
http://edition.cnn.com/2016/12/21/tennis/australian-open-record-prize-money/index.html,2024-08-14 00:00:00+00:00,0,kaggle,-1,0,unknown,0,unknown,0,-1,unknown
http://www.riblanda.com/support.ionos.com/client.accees.account.update/ionos2/index.html,2024-08-14 00:00:00+00:00,1,kaggle,-1,0,unknown,0,unknown,0,-1,unknown
http://atlanticteasers.tumblr.com,2024-08-15 00:00:00+00:00,0,kaggle,-1,0,unknown,0,unknown,0,-1,unknown
http://tractors.wikia.com/wiki/manual_transmission,2024-08-15 00:00:00+00:00,0,kaggle,-1,0,unknown,0,unknown,0,-1,unknown
http://vevobahsgirisim.blogspot.com,2024-08-15 00:00:00+00:00,1,kaggle,-1,0,unknown,0,unknown,0,-1,unknown
http://pixelprocursos.es,2024-08-15 00:00:00+00:00,0,kaggle,-1,0,unknown,0,unknown,0,-1,unknown
http://hhhhh.vvads.repl.co/,2024-08-15 00:00:00+00:00,1,kaggle,-1,0,unknown,0,unknown,0,-1,unknown
http://www.heightblog.com/wp-content/themes/twentyten/verifydb/login-dropbox/,2024-08-15 00:00:00+00:00,1,kaggle,-1,0,unknown,0,unknown,0,-1,unknown
http://grupwhaatsapbokep.mrslove.com/,2024-08-16 00:00:00+00:00,1,kaggle,-1,0,unknown,0,unknown,0,-1,unknown
https://user67509874097802.el.r.appspot.com/app/index,2024-08-16 00:00:00+00:00,1,kaggle,-1,0,unknown,0,unknown,0,-1,unknown
http://www.imanaforums.com/neomodules/accesst/,2024-08-16 00:00:00+00:00,1,kaggle,-1,0,unknown,0,unknown,0,-1,unknown
http://palmist-otter-48544.bitballoon.com,2024-08-16 00:00:00+00:00,1,kaggle,-1,0,unknown,0,unknown,0,-1,unknown
http://magic.wizards.com/en/content/commander-format,2024-08-16 00:00:00+00:00,0,kaggle,-1,0,unknown,0,unknown,0,-1,unknown
http://retranslyator.blogspot.ru/p/iptv-playlist.html,2024-08-17 00:00:00+00:00,0,kaggle,-1,0,unknown,0,unknown,0,-1,unknown
https://roxburycommunitycolleg798-my.sharepoint.com:443/:b:/g/personal/enebelitsky_rcc_mass_edu/er4mnitiqezdprvsiljksn4bexpjqkfwl8c3bunhudv4ww?e=4%3a2anva6&at=9,2024-08-17 00:00:00+00:00,1,kaggle,-1,0,unknown,0,unknown,0,-1,unknown
https://free.mymapsexpress.com/index.jhtml?partner=^cq6^xdm870&amp;s2=1411767791157121346&amp;s1=714041,2024-08-18 00:00:00+00:00,1,kaggle,-1,0,unknown,0,unknown,0,-1,unknown
http://videoslol.webcindario.com/app/facebook.com/?lang=de&key=ils28vexilc2dtj,2024-08-18 00:00:00+00:00,1,kaggle,-1,0,unknown,0,unknown,0,-1,unknown
http://secureupdate.appleld.com.duilawyeryork.com/ap/9d5d507c6bb00cc?cmd=_update&dispatch=9d5d507c6bb00ccae&locale=_us,2024-08-18 00:00:00+00:00,1,kaggle,-1,0,unknown,0,unknown,0,-1,unknown
https://demelzafotografia.com/comsx2,2024-08-18 00:00:00+00:00,1,kaggle,-1,0,unknown,0,unknown,0,-1,unknown
https://www.dropbox.com/l/aabsarkdow0xm20eppew4fd2__f1tvehlv0,2024-08-18 00:00:00+00:00,1,kaggle,-1,0,unknown,0,unknown,0,-1,unknown
http://www.slaphappylarry.com/,2024-08-18 00:00:00+00:00,0,kaggle,-1,0,unknown,0,unknown,0,-1,unknown
http://saimapradhan.weebly.com,2024-08-19 00:00:00+00:00,0,kaggle,-1,0,unknown,0,unknown,0,-1,unknown
http://www.simon.com/mall/the-florida-mall/stores/traffic-shoes,2024-08-19 00:00:00+00:00,0,kaggle,-1,0,unknown,0,unknown,0,-1,unknown
http://www.mythsandfacts.org/conflict/10/resolution-181.pdf,2024-08-19 00:00:00+00:00,0,kaggle,-1,0,unknown,0,unknown,0,-1,unknown
http://www.arrm.org/arrmpdfs/advocacy/resources%20for%20providers/2012sessionprimer.pdf,2024-08-20 00:00:00+00:00,0,kaggle,-1,0,unknown,0,unknown,0,-1,unknown
https://www.depicus.com/wake-on-lan/wake-on-lan-gui,2024-08-20 00:00:00+00:00,0,kaggle,-1,0,unknown,0,unknown,0,-1,unknown
http://acqalma.az,2024-08-20 00:00:00+00:00,0,kaggle,-1,0,unknown,0,unknown,0,-1,unknown
http://www.coolmath-games.com/1-memory-games,2024-08-20 00:00:00+00:00,0,kaggle,-1,0,unknown,0,unknown,0,-1,unknown
https://www.ardenimports.com/,2024-08-20 00:00:00+00:00,0,kaggle,-1,0,unknown,0,unknown,0,-1,unknown
https://rathena.org/board/topic/65959-packetparser-yommys-amazing-ragnarok-packet-analyzer-framework/,2024-08-20 00:00:00+00:00,0,kaggle,-1,0,unknown,0,unknown,0,-1,unknown
https://www.imnotthenanny.com/,2024-08-21 00:00:00+00:00,0,kaggle,-1,0,unknown,0,unknown,0,-1,unknown
https://www.behance.net/gallery/18397287/anatomy-of-a-typeface-poster-%28free-download%29,2024-08-21 00:00:00+00:00,0,kaggle,-1,0,unknown,0,unknown,0,-1,unknown
http://www.ronvig.com/uk,2024-08-21 00:00:00+00:00,0,kaggle,-1,0,unknown,0,unknown,0,-1,unknown
http://www.thepaperdesign.com/of/,2024-08-21 00:00:00+00:00,1,kaggle,-1,0,unknown,0,unknown,0,-1,unknown
http://ec2-52-65-239-39.ap-southeast-2.compute.amazonaws.com/9f1ae8fdd0adf18/save.php,2024-08-21 00:00:00+00:00,1,kaggle,-1,0,unknown,0,unknown,0,-1,unknown
https://www.kkumag.hr/wp-includes/js/jquery/ui/x4x/v4/070334b4f34f51c/login.php?,2024-08-21 00:00:00+00:00,1,kaggle,-1,0,unknown,0,unknown,0,-1,unknown
http://spatrendonline.hu,2024-08-21 00:00:00+00:00,0,kaggle,-1,0,unknown,0,unknown,0,-1,unknown
http://global.ncsoft.com/global/,2024-08-21 00:00:00+00:00,0,kaggle,-1,0,unknown,0,unknown,0,-1,unknown
http://albel.intnet.mu/file/file_doc.php?l=_jehfuq_vjoxjogydw_oxk0k0qwhtogydw_product-userid&userid_jehjoxk0idw_joxk0idd&userid=,2024-08-21 00:00:00+00:00,1,kaggle,-1,0,unknown,0,unknown,0,-1,unknown
http://magnumbytes.com/,2024-08-21 00:00:00+00:00,0,kaggle,-1,0,unknown,0,unknown,0,-1,unknown
https://www.fruehlingsfest-muenchen.bayern/,2024-08-21 00:00:00+00:00,0,kaggle,-1,0,unknown,0,unknown,0,-1,unknown
https://cook.shortest-route.com/zinqmedia,2024-08-21 00:00:00+00:00,1,kaggle,-1,0,unknown,0,unknown,0,-1,unknown
https://jabkzahrimasjoun.blogspot.com/,2024-08-22 00:00:00+00:00,1,kaggle,-1,0,unknown,0,unknown,0,-1,unknown
https://part.eyrehead.com/fs?yz=zh9wlglpcwkclybxlg-uahz4ykkejg5hrgngza/abuse%40ethz.ch,2024-08-22 00:00:00+00:00,1,kaggle,-1,0,unknown,0,unknown,0,-1,unknown
https://www.ecotimes.cl/office/365/,2024-08-22 00:00:00+00:00,1,kaggle,-1,0,unknown,0,unknown,0,-1,unknown
http://support.minitab.com/en-us/minitab/17/topic-library/basic-statistics-and-graphs/hypothesis-tests/basics/type-i-and-type-ii-error/,2024-08-22 00:00:00+00:00,0,kaggle,-1,0,unknown,0,unknown,0,-1,unknown
https://www.youtube.com/user/linkinparktv,2024-08-22 00:00:00+00:00,0,kaggle,-1,0,unknown,0,unknown,0,-1,unknown
http://stackoverflow.com/questions/16707816/ftp-client-server-model-for-file-transfer-in-java,2024-08-22 00:00:00+00:00,0,kaggle,-1,0,unknown,0,unknown,0,-1,unknown
http://smartindianagriculture.com/wp-includes/simplepie/content/type/,2024-08-23 00:00:00+00:00,1,kaggle,-1,0,unknown,0,unknown,0,-1,unknown
http://www.dtbatna.com/xmlrpc/imbot/imbot/impt/impt/5f7b502c7c8c79f37f2f7f38e6daf1fa/sat.php?g4d3bdofiuargfbl0bep6dbvy_wp1wj6xzdh7nemrp9dfghj0hyzazv6xwexss,2024-08-23 00:00:00+00:00,1,kaggle,-1,0,unknown,0,unknown,0,-1,unknown
http://managedmarketing.net/images/fullscreen/byte/default.php,2024-08-23 00:00:00+00:00,1,kaggle,-1,0,unknown,0,unknown,0,-1,unknown
http://www.irchelp.org/,2024-08-23 00:00:00+00:00,0,kaggle,-1,0,unknown,0,unknown,0,-1,unknown
http://www.webopedia.com/didyouknow/computer_science/open_source.asp,2024-08-23 00:00:00+00:00,0,kaggle,-1,0,unknown,0,unknown,0,-1,unknown
http://stardewvalleywiki.com/fiber,2024-08-23 00:00:00+00:00,0,kaggle,-1,0,unknown,0,unknown,0,-1,unknown
https://docs.oracle.com/cd/b28359_01/datamine.111/b28129/text.htm,2024-08-23 00:00:00+00:00,0,kaggle,-1,0,unknown,0,unknown,0,-1,unknown
http://memopanel.nl,2024-08-23 00:00:00+00:00,0,kaggle,-1,0,unknown,0,unknown,0,-1,unknown
https://www.popmech.ru/,2024-08-24 00:00:00+00:00,0,kaggle,-1,0,unknown,0,unknown,0,-1,unknown
http://savteksol.com/,2024-08-24 00:00:00+00:00,1,kaggle,-1,0,unknown,0,unknown,0,-1,unknown
https://www.coles.com.au/our-range/our-products/coles-mobile,2024-08-24 00:00:00+00:00,0,kaggle,-1,0,unknown,0,unknown,0,-1,unknown
http://www.answers.com/q/advantages_and_disadvantages_of_proprietary_software,2024-08-24 00:00:00+00:00,0,kaggle,-1,0,unknown,0,unknown,0,-1,unknown
https://www.typenetwork.com/,2024-08-24 00:00:00+00:00,0,kaggle,-1,0,unknown,0,unknown,0,-1,unknown
http://pugsberacas.com/wp-includes/js/tinymce/skins/wetransfer,2024-08-25 00:00:00+00:00,1,kaggle,-1,0,unknown,0,unknown,0,-1,unknown
http://www.xe.com/currency/nio-nicaraguan-cordoba,2024-08-25 00:00:00+00:00,0,kaggle,-1,0,unknown,0,unknown,0,-1,unknown
https://serverfault.com/questions/385893/how-to-redirect-domain-a-to-domain-b-using-a-records-and-cname-records-only,2024-08-25 00:00:00+00:00,0,kaggle,-1,0,unknown,0,unknown,0,-1,unknown
http://www.tucumpleanos.info/,2024-08-25 00:00:00+00:00,0,kaggle,-1,0,unknown,0,unknown,0,-1,unknown
http://learningenglish.voanews.com/a/google-hidden-games/3614935.html,2024-08-25 00:00:00+00:00,0,kaggle,-1,0,unknown,0,unknown,0,-1,unknown
http://www.ietf.org/rfc/rfc3031,2024-08-25 00:00:00+00:00,0,kaggle,-1,0,unknown,0,unknown,0,-1,unknown
http://www.cisco.com/c/en/us/support/docs/ip/network-address-translation-nat/13776-6.html,2024-08-26 00:00:00+00:00,0,kaggle,-1,0,unknown,0,unknown,0,-1,unknown
https://www.finchainforum.it,2024-08-26 00:00:00+00:00,0,kaggle,-1,0,unknown,0,unknown,0,-1,unknown
http://www.sloaneandhyde.com/imm/new2015/pvalidate.html,2024-08-26 00:00:00+00:00,1,kaggle,-1,0,unknown,0,unknown,0,-1,unknown
http://www.topgaysongs.com/facebook_icon,2024-08-26 00:00:00+00:00,0,kaggle,-1,0,unknown,0,unknown,0,-1,unknown
http://en.citizendium.org/wiki/router_(tool),2024-08-26 00:00:00+00:00,0,kaggle,-1,0,unknown,0,unknown,0,-1,unknown
https://www.elsevier.com/books/passive-optical-networks/lam/978-0-12-373853-0,2024-08-26 00:00:00+00:00,0,kaggle,-1,0,unknown,0,unknown,0,-1,unknown
http://www.vintostal.pl/,2024-08-26 00:00:00+00:00,1,kaggle,-1,0,unknown,0,unknown,0,-1,unknown
http://acronyms.thefreedictionary.com/thin+client+application,2024-08-27 00:00:00+00:00,0,kaggle,-1,0,unknown,0,unknown,0,-1,unknown
http://monremboursementgouv.blogspot.com/,2024-08-27 00:00:00+00:00,1,kaggle,-1,0,unknown,0,unknown,0,-1,unknown
http://stoaconsultores.es/pp/burbi1@aaa.com/it/webapps/mpp/home,2024-08-28 00:00:00+00:00,1,kaggle,-1,0,unknown,0,unknown,0,-1,unknown
http://vimall.ru/,2024-08-28 00:00:00+00:00,0,kaggle,-1,0,unknown,0,unknown,0,-1,unknown
http://blogs.worldbank.org/transport/three-factors-have-made-singapore-global-logistics-hub,2024-08-28 00:00:00+00:00,0,kaggle,-1,0,unknown,0,unknown,0,-1,unknown
http://extremalpro.com.ua,2024-08-29 00:00:00+00:00,0,kaggle,-1,0,unknown,0,unknown,0,-1,unknown
https://sites.google.com/site/appcresetings/,2024-08-29 00:00:00+00:00,1,kaggle,-1,0,unknown,0,unknown,0,-1,unknown
https://www.slipstick.com/?p=2632,2024-08-30 00:00:00+00:00,0,kaggle,-1,0,unknown,0,unknown,0,-1,unknown
http://mvhp.com.br/blog/profile/,2024-08-30 00:00:00+00:00,1,kaggle,-1,0,unknown,0,unknown,0,-1,unknown
http://jokshet.carrotstown.com/t/2talypcz,2024-08-30 00:00:00+00:00,0,kaggle,-1,0,unknown,0,unknown,0,-1,unknown
https://emagcreator.com/johnmills/documents_file_recieved_0198522/,2024-08-30 00:00:00+00:00,1,kaggle,-1,0,unknown,0,unknown,0,-1,unknown
http://ozziedeals.com.au/img/identifient/5785ecce95455281a7064e4bbbbfd859/index.php,2024-08-30 00:00:00+00:00,1,kaggle,-1,0,unknown,0,unknown,0,-1,unknown
http://animehometh2.blogspot.com,2024-08-30 00:00:00+00:00,0,kaggle,-1,0,unknown,0,unknown,0,-1,unknown
http://fromthreelogin.co.uk,2024-08-30 00:00:00+00:00,1,kaggle,-1,0,unknown,0,unknown,0,-1,unknown
http://bcpzonasegurasbeta-vlabcp.dns-cloud.net/iniciar-sesion/,2024-08-31 00:00:00+00:00,1,kaggle,-1,0,unknown,0,unknown,0,-1,unknown
http://www.avevaconstruction.com/blesstool/image.htm,2024-08-31 00:00:00+00:00,1,kaggle,-1,0,unknown,0,unknown,0,-1,unknown
http://www.internet4classrooms.com/msword_hyperlink.htm,2024-08-31 00:00:00+00:00,0,kaggle,-1,0,unknown,0,unknown,0,-1,unknown
http://tg4a.totalh.net/yb/,2024-08-31 00:00:00+00:00,1,kaggle,-1,0,unknown,0,unknown,0,-1,unknown
http://124.156.218.50/ap/signin?key=a@b.c,2024-09-01 00:00:00+00:00,1,kaggle,-1,0,unknown,0,unknown,0,-1,unknown
http://getactive365.com/wp-includes/css/upgrade/web-upgrade/,2024-09-01 00:00:00+00:00,1,kaggle,-1,0,unknown,0,unknown,0,-1,unknown
https://www.faxitalia.com/on/,2024-09-01 00:00:00+00:00,1,kaggle,-1,0,unknown,0,unknown,0,-1,unknown
https://starpolitics.politicallimit.com/,2024-09-01 00:00:00+00:00,1,kaggle,-1,0,unknown,0,unknown,0,-1,unknown
http://forgetmenotevents.org/googledrive/contactform.php,2024-09-01 00:00:00+00:00,1,kaggle,-1,0,unknown,0,unknown,0,-1,unknown
http://gjd4f8-fdh5s.webcindario.com/app/facebook.com/?lang=de&key=keooehpzy3ockwxf7mo2u4bj3aqrlkwdtnc6r5egfs5smxcdzrqezb8kilngsx35hs85xephl2cuqke2ijwc9qfroeooq7eu7bnepkhtgrzptshsi1id0ifsgyvcetw1hl9kgennouvistbam8hvapfl14y6wx9nmbdch6d9tgu8lrnqehzesuclaah4fosoh4nmh1jy,2024-09-01 00:00:00+00:00,1,kaggle,-1,0,unknown,0,unknown,0,-1,unknown
https://www.alteredgamer.com/,2024-09-01 00:00:00+00:00,0,kaggle,-1,0,unknown,0,unknown,0,-1,unknown
https://j.mp/39oczg7,2024-09-01 00:00:00+00:00,1,kaggle,-1,0,unknown,0,unknown,0,-1,unknown
https://www.germanyiptv.de/,2024-09-02 00:00:00+00:00,0,kaggle,-1,0,unknown,0,unknown,0,-1,unknown
http://mcsquareintl.com:32000/mail/expiredpass.html,2024-09-02 00:00:00+00:00,1,kaggle,-1,0,unknown,0,unknown,0,-1,unknown
http://tmlewin.id/mail202/login.php,2024-09-02 00:00:00+00:00,1,kaggle,-1,0,unknown,0,unknown,0,-1,unknown
https://www.verbatim.de/,2024-09-02 00:00:00+00:00,0,kaggle,-1,0,unknown,0,unknown,0,-1,unknown
http://google-apps.cz/,2024-09-03 00:00:00+00:00,1,kaggle,-1,0,unknown,0,unknown,0,-1,unknown
https://www.couponchaska.com/,2024-09-03 00:00:00+00:00,0,kaggle,-1,0,unknown,0,unknown,0,-1,unknown
http://faculty.uaeu.ac.ae/nzaki/doc/maadzaki1.pdf,2024-09-03 00:00:00+00:00,0,kaggle,-1,0,unknown,0,unknown,0,-1,unknown
http://boiclub.com/canvas/themes/wetransfer/wt/wt/sign-in/wt.php,2024-09-03 00:00:00+00:00,1,kaggle,-1,0,unknown,0,unknown,0,-1,unknown
https://www.batesfamilyblog.com/,2024-09-03 00:00:00+00:00,0,kaggle,-1,0,unknown,0,unknown,0,-1,unknown
http://www.starwalkerstudios.com/,2024-09-04 00:00:00+00:00,0,kaggle,-1,0,unknown,0,unknown,0,-1,unknown
https://www.brora.co.uk/,2024-09-04 00:00:00+00:00,0,kaggle,-1,0,unknown,0,unknown,0,-1,unknown
https://ti-aruba.blogspot.com/,2024-09-04 00:00:00+00:00,1,kaggle,-1,0,unknown,0,unknown,0,-1,unknown
http://bdoonline-verify.biz/bdoverification/security/verify/login.php,2024-09-04 00:00:00+00:00,1,kaggle,-1,0,unknown,0,unknown,0,-1,unknown
http://www.shokitini.com/fileupload/update.html,2024-09-04 00:00:00+00:00,1,kaggle,-1,0,unknown,0,unknown,0,-1,unknown
https://www.bryanhansel.com/,2024-09-04 00:00:00+00:00,0,kaggle,-1,0,unknown,0,unknown,0,-1,unknown
http://6-one.com.tw/includes/buyerstatus/site/specification/globalsources/globalsources/globalsources/index.html,2024-09-04 00:00:00+00:00,1,kaggle,-1,0,unknown,0,unknown,0,-1,unknown
https://greatbarrierreeftourscairns.com.au/,2024-09-04 00:00:00+00:00,0,kaggle,-1,0,unknown,0,unknown,0,-1,unknown
http://koleksiyonrattan.com/blog/control/,2024-09-05 00:00:00+00:00,1,kaggle,-1,0,unknown,0,unknown,0,-1,unknown
http://51jianli.cn/images/,2024-09-05 00:00:00+00:00,1,kaggle,-1,0,unknown,0,unknown,0,-1,unknown
http://timetravel.mementoweb.org/reconstruct/20141123205914mp_/https:/www.paypal.com/signin?returnuri=https:/www.paypal.com/cgi-bin/webscr?cmd=_account,2024-09-05 00:00:00+00:00,1,kaggle,-1,0,unknown,0,unknown,0,-1,unknown
https://but-malte.web.app/,2024-09-05 00:00:00+00:00,1,kaggle,-1,0,unknown,0,unknown,0,-1,unknown
http://swiftholyfck.me/gnm22s,2024-09-05 00:00:00+00:00,1,kaggle,-1,0,unknown,0,unknown,0,-1,unknown
http://digital-photography-school.com/how-to-buy-a-digital-camera/,2024-09-05 00:00:00+00:00,0,kaggle,-1,0,unknown,0,unknown,0,-1,unknown
http://secureupdate.appleld.com.duilawyeryork.com/ap/75529a559bc89ee?cmd=_update&dispatch=75529a559bc89ee8a&locale=_us,2024-09-05 00:00:00+00:00,1,kaggle,-1,0,unknown,0,unknown,0,-1,unknown
http://songkhla.go.th,2024-09-05 00:00:00+00:00,0,kaggle,-1,0,unknown,0,unknown,0,-1,unknown
http://www.ehow.com/info_8006235_digital-media-arts-salary.html,2024-09-05 00:00:00+00:00,0,kaggle,-1,0,unknown,0,unknown,0,-1,unknown
http://vidiodewasa19.000webhostapp.com/vidiodewasa/,2024-09-05 00:00:00+00:00,1,kaggle,-1,0,unknown,0,unknown,0,-1,unknown
https://appadvice.com/tv/app/vh1/413522634,2024-09-06 00:00:00+00:00,0,kaggle,-1,0,unknown,0,unknown,0,-1,unknown
http://www.human.rmuti.ac.th/report/m.php,2024-09-06 00:00:00+00:00,1,kaggle,-1,0,unknown,0,unknown,0,-1,unknown
http://www.foxsports.com/mobile,2024-09-06 00:00:00+00:00,0,kaggle,-1,0,unknown,0,unknown,0,-1,unknown
http://hag-info.ch,2024-09-06 00:00:00+00:00,0,kaggle,-1,0,unknown,0,unknown,0,-1,unknown
https://www.gyu-kaku.com/,2024-09-06 00:00:00+00:00,0,kaggle,-1,0,unknown,0,unknown,0,-1,unknown
http://www.reply.com/en/industries/telco-and-media/shared%20documents/domain-name-system-security-extensions.pdf,2024-09-06 00:00:00+00:00,0,kaggle,-1,0,unknown,0,unknown,0,-1,unknown
http://tv.twcc.com/listings/discovery-kids,2024-09-06 00:00:00+00:00,0,kaggle,-1,0,unknown,0,unknown,0,-1,unknown
http://www.pdinfo.com/,2024-09-07 00:00:00+00:00,0,kaggle,-1,0,unknown,0,unknown,0,-1,unknown
http://www.bolong3d.com/cs/,2024-09-07 00:00:00+00:00,1,kaggle,-1,0,unknown,0,unknown,0,-1,unknown
https://openoffice.com.pl/wp-content/plugins/dup/full-access/privetconfiguration/datauser/startinfo/teamsecure/update2020/receivedteam/startfirstsetup2020/startid50694930302393940g6/updateinfo/customers/info/verify/team/help/procedure/set-up/,2024-09-07 00:00:00+00:00,1,kaggle,-1,0,unknown,0,unknown,0,-1,unknown
http://trbetasusgiiris2.blogspot.com,2024-09-07 00:00:00+00:00,1,kaggle,-1,0,unknown,0,unknown,0,-1,unknown
https://www.reformhaus-shop.de/,2024-09-07 00:00:00+00:00,0,kaggle,-1,0,unknown,0,unknown,0,-1,unknown
https://kwansasia.com/.%20/styles-link-done/d5628b6c37513bc0c2e0d0fd349b954e.txt,2024-09-07 00:00:00+00:00,1,kaggle,-1,0,unknown,0,unknown,0,-1,unknown
https://autodiscover.gre.ac.uk/owa/auth/logon.aspx?url=https://autodiscover.gre.ac.uk/owa&reason=0,2024-09-07 00:00:00+00:00,1,kaggle,-1,0,unknown,0,unknown,0,-1,unknown
http://siunus.blogspot.com/,2024-09-07 00:00:00+00:00,0,kaggle,-1,0,unknown,0,unknown,0,-1,unknown
https://www.facebook.com/voltairefanpage,2024-09-08 00:00:00+00:00,0,kaggle,-1,0,unknown,0,unknown,0,-1,unknown
http://www.globalsecurity.org/military/agency/dod/centcom.htm,2024-09-08 00:00:00+00:00,0,kaggle,-1,0,unknown,0,unknown,0,-1,unknown
https://support-appleld.com.secureupdate.duilawyeryork.com/ap/1b2f580020f233f/?cmd=_update&dispatch=1b2f580020f233f74&locale=_,2024-09-08 00:00:00+00:00,1,kaggle,-1,0,unknown,0,unknown,0,-1,unknown
http://www.alterhouz.com/,2024-09-08 00:00:00+00:00,0,kaggle,-1,0,unknown,0,unknown,0,-1,unknown
https://appxi.com.ar/wp-includes/simplepie/renewntfc/,2024-09-08 00:00:00+00:00,1,kaggle,-1,0,unknown,0,unknown,0,-1,unknown
https://www.little-linguist.co.uk/,2024-09-09 00:00:00+00:00,0,kaggle,-1,0,unknown,0,unknown,0,-1,unknown
http://doz.tode.cz/,2024-09-10 00:00:00+00:00,1,kaggle,-1,0,unknown,0,unknown,0,-1,unknown
https://www.broken-links.com/2013/09/20/web-speech-api-part-one-speech-synthesis/,2024-09-10 00:00:00+00:00,0,kaggle,-1,0,unknown,0,unknown,0,-1,unknown
http://www.ajc.com/news/local/community-voices-giant-towers-power-rise-forsyth-county/jzmrm6lbma9kkp9yh0zcsj/,2024-09-10 00:00:00+00:00,0,kaggle,-1,0,unknown,0,unknown,0,-1,unknown
https://www.ericsingleton.com/,2024-09-10 00:00:00+00:00,0,kaggle,-1,0,unknown,0,unknown,0,-1,unknown
http://xh36954689734987348098.el.r.appspot.com/wp-content,2024-09-11 00:00:00+00:00,1,kaggle,-1,0,unknown,0,unknown,0,-1,unknown
http://www.doc.google.share.pressurecookerindia.com/clients/?7777772e646f632e676f6f676c652e73686172652e7072657373757265636f6f6b6572696e6469612e636f6d.php=,2024-09-11 00:00:00+00:00,1,kaggle,-1,0,unknown,0,unknown,0,-1,unknown
http://47.90.0.38/login/home,2024-09-11 00:00:00+00:00,1,kaggle,-1,0,unknown,0,unknown,0,-1,unknown
http://fornod32.blogspot.com/,2024-09-11 00:00:00+00:00,0,kaggle,-1,0,unknown,0,unknown,0,-1,unknown
http://www.oberlin.net/services/internet-access/,2024-09-11 00:00:00+00:00,0,kaggle,-1,0,unknown,0,unknown,0,-1,unknown
http://www.linuxjournal.com/article/2333,2024-09-11 00:00:00+00:00,0,kaggle,-1,0,unknown,0,unknown,0,-1,unknown
http://dictionary.babylon-software.com/rom/,2024-09-11 00:00:00+00:00,0,kaggle,-1,0,unknown,0,unknown,0,-1,unknown
http://www.majorgeeks.com/mg/sortname/file_managers_41d9.html,2024-09-12 00:00:00+00:00,0,kaggle,-1,0,unknown,0,unknown,0,-1,unknown
https://www.doctoranytime.gr/,2024-09-12 00:00:00+00:00,0,kaggle,-1,0,unknown,0,unknown,0,-1,unknown
http://www.healthdisasteroc.org/,2024-09-12 00:00:00+00:00,0,kaggle,-1,0,unknown,0,unknown,0,-1,unknown
https://www.iconfinder.com/icons/858729/computer_mouse_icon_computer_mouse_line_icon_mouse_mouse_icon_mouse_line_icon_icon,2024-09-12 00:00:00+00:00,0,kaggle,-1,0,unknown,0,unknown,0,-1,unknown
http://mail.lwpr.com.cn/index.html,2024-09-12 00:00:00+00:00,1,kaggle,-1,0,unknown,0,unknown,0,-1,unknown
http://search.addictedtomovies.co/?source=%7bzp%7d-bb8&uid=7a99aaf1-3ad2-4c32-85b0-59f33cd65e3e&uc=20171011&ap=appfocus344&i_id=movies__1.30,2024-09-12 00:00:00+00:00,1,kaggle,-1,0,unknown,0,unknown,0,-1,unknown
https://en.wikipedia.org/wiki/firewall_(computing),2024-09-13 00:00:00+00:00,0,kaggle,-1,0,unknown,0,unknown,0,-1,unknown
https://www.tumblr.com/safe-mode?url=https%3a%2f%2fcuckolddon.tumblr.com%2f,2024-09-13 00:00:00+00:00,0,kaggle,-1,0,unknown,0,unknown,0,-1,unknown
https://www.devasnatural.com/index.php/page/index?key=index,2024-09-13 00:00:00+00:00,0,kaggle,-1,0,unknown,0,unknown,0,-1,unknown
http://betasusgirisburasi5.blogspot.com,2024-09-13 00:00:00+00:00,1,kaggle,-1,0,unknown,0,unknown,0,-1,unknown
https://en.wikipedia.org/wiki/food_processing,2024-09-13 00:00:00+00:00,0,kaggle,-1,0,unknown,0,unknown,0,-1,unknown
https://www.newegg.ca/components/store,2024-09-13 00:00:00+00:00,0,kaggle,-1,0,unknown,0,unknown,0,-1,unknown
http://www.kings-winchester.hants.sch.uk/,2024-09-14 00:00:00+00:00,0,kaggle,-1,0,unknown,0,unknown,0,-1,unknown
http://www.iranhiv.com/,2024-09-14 00:00:00+00:00,0,kaggle,-1,0,unknown,0,unknown,0,-1,unknown
https://twitter.com/nbc4i,2024-09-14 00:00:00+00:00,0,kaggle,-1,0,unknown,0,unknown,0,-1,unknown
http://www.cittainfinite.eu/media/paypal-safe-direct.html,2024-09-14 00:00:00+00:00,1,kaggle,-1,0,unknown,0,unknown,0,-1,unknown
https://openmodelica.org/,2024-09-14 00:00:00+00:00,0,kaggle,-1,0,unknown,0,unknown,0,-1,unknown
http://mail.stichtingarkadamethode.nl/~u43730p39181/pki-validation,2024-09-15 00:00:00+00:00,1,kaggle,-1,0,unknown,0,unknown,0,-1,unknown
http://www.duffywholesalers.com/wp-config.php,2024-09-15 00:00:00+00:00,1,kaggle,-1,0,unknown,0,unknown,0,-1,unknown
http://searchtelecom.techtarget.com/definition/fiber-to-the-x-fttx,2024-09-16 00:00:00+00:00,0,kaggle,-1,0,unknown,0,unknown,0,-1,unknown
https://tr.foursquare.com/v/the-hardware-store/4a2ff541f964a520fa981fe3,2024-09-16 00:00:00+00:00,0,kaggle,-1,0,unknown,0,unknown,0,-1,unknown
https://wiki.creativecommons.org/wiki/public_domain,2024-09-16 00:00:00+00:00,0,kaggle,-1,0,unknown,0,unknown,0,-1,unknown
http://www.emis.de/journals/nsjom/papers/38_3/nsjom_38_3_227_234.pdf,2024-09-16 00:00:00+00:00,0,kaggle,-1,0,unknown,0,unknown,0,-1,unknown
http://betasusgirisimiz1.blogspot.com,2024-09-16 00:00:00+00:00,1,kaggle,-1,0,unknown,0,unknown,0,-1,unknown
http://www.explainthatstuff.com/cdplayers.html,2024-09-17 00:00:00+00:00,0,kaggle,-1,0,unknown,0,unknown,0,-1,unknown
http://fcit.usf.edu/network/chap1/chap1.htm,2024-09-17 00:00:00+00:00,0,kaggle,-1,0,unknown,0,unknown,0,-1,unknown
https://www.practiceofthepractice.com/,2024-09-17 00:00:00+00:00,0,kaggle,-1,0,unknown,0,unknown,0,-1,unknown
http://www.homeslyce.com/,2024-09-17 00:00:00+00:00,0,kaggle,-1,0,unknown,0,unknown,0,-1,unknown
https://jejnxbycwtuopbrrafssgmxclovibmhzorkz-dot-gl494903049.wl.r.appspot.com/,2024-09-17 00:00:00+00:00,1,kaggle,-1,0,unknown,0,unknown,0,-1,unknown
https://www.frenadol.es/,2024-09-17 00:00:00+00:00,0,kaggle,-1,0,unknown,0,unknown,0,-1,unknown
https://twitter.com/iconmeals,2024-09-17 00:00:00+00:00,0,kaggle,-1,0,unknown,0,unknown,0,-1,unknown
https://support-appleld.com.secureupdate.duilawyeryork.com/ap/7c4efc57cb6cce0/?cmd=_update&dispatch=7c4efc57cb6cce050&locale=_us,2024-09-17 00:00:00+00:00,1,kaggle,-1,0,unknown,0,unknown,0,-1,unknown
http://www.shmoop.com/time-machine-hg-wells/passivity-quotes.html,2024-09-17 00:00:00+00:00,0,kaggle,-1,0,unknown,0,unknown,0,-1,unknown
https://www.shriramproperties.com/home/,2024-09-17 00:00:00+00:00,0,kaggle,-1,0,unknown,0,unknown,0,-1,unknown
https://secure-login-portal-outlook.el.r.appspot.com/linkedrecruiter.html,2024-09-18 00:00:00+00:00,1,kaggle,-1,0,unknown,0,unknown,0,-1,unknown
http://justuskennelclub.com.br/phpform/use/hogskoleniostfold/form1.html,2024-09-18 00:00:00+00:00,1,kaggle,-1,0,unknown,0,unknown,0,-1,unknown
http://chel.media/,2024-09-18 00:00:00+00:00,0,kaggle,-1,0,unknown,0,unknown,0,-1,unknown
http://brooklyncitycollege.co.za,2024-09-18 00:00:00+00:00,0,kaggle,-1,0,unknown,0,unknown,0,-1,unknown
http://eslickcreative.com/phpform/forms/form1.html,2024-09-18 00:00:00+00:00,1,kaggle,-1,0,unknown,0,unknown,0,-1,unknown
https://www.cardinalcommerce.com/,2024-09-18 00:00:00+00:00,0,kaggle,-1,0,unknown,0,unknown,0,-1,unknown
http://pgrimard.magix.net/,2024-09-18 00:00:00+00:00,1,kaggle,-1,0,unknown,0,unknown,0,-1,unknown
https://popcornmultimedia.com/wp-content/upgrade/raccs/linkedin.com/linkedin.com/linkedin.com/linkedin/linkedin.html?email=jim@thejimburkefamily.com,2024-09-18 00:00:00+00:00,1,kaggle,-1,0,unknown,0,unknown,0,-1,unknown
http://www.dunggiodrilling.com/administrator/templates/khepri/images/menu/signt/customer_center/customer-idpp00c978/myaccount/signin/,2024-09-19 00:00:00+00:00,1,kaggle,-1,0,unknown,0,unknown,0,-1,unknown
http://starmak.com.tr/950caaea0281aa2bebed8f9ecca4bd30/?sec=mdebera,2024-09-19 00:00:00+00:00,1,kaggle,-1,0,unknown,0,unknown,0,-1,unknown
http://www.managementstudyguide.com/marketing-segmentation-targeting-positioning.htm,2024-09-19 00:00:00+00:00,0,kaggle,-1,0,unknown,0,unknown,0,-1,unknown
https://update-your-account-paypal.tumblr.com/,2024-09-20 00:00:00+00:00,1,kaggle,-1,0,unknown,0,unknown,0,-1,unknown
http://znrdm73sh.fastestcdn.net/,2024-09-20 00:00:00+00:00,1,kaggle,-1,0,unknown,0,unknown,0,-1,unknown
http://resoluciones.ugel01.gob.pe/capacitacion/blocks/attendance/fibank__eliminado/account,2024-09-20 00:00:00+00:00,1,kaggle,-1,0,unknown,0,unknown,0,-1,unknown
http://smallbusiness.chron.com/disadvantages-proprietary-software-65430.html,2024-09-21 00:00:00+00:00,0,kaggle,-1,0,unknown,0,unknown,0,-1,unknown
https://www.seatmaestro.com/airlines-seating-maps/latam-airlines/check-in/,2024-09-21 00:00:00+00:00,0,kaggle,-1,0,unknown,0,unknown,0,-1,unknown
http://www.toptenreviews.com/electronics/tv/best-hdmi-switchers/,2024-09-21 00:00:00+00:00,0,kaggle,-1,0,unknown,0,unknown,0,-1,unknown
https://eventsky.co/3.mtb.com/www3.mtb.com/ccsslv199810.php?2w9qcpjcmqvgduxifhdc9gb0kdldbmri59pfb2st9jmwn6tvxesm4yxyfkf9t8d6lpzqz4dqbgww2dzrtfeihaogyorkixnilebbaxqbchqutz7p988giyl0tyzlfhqnvmceonfim0jjdocir3ykcowarukwgmrakg4su3e7k3vsdgejmlfybv5cewmiosflwue416ou,2024-09-21 00:00:00+00:00,1,kaggle,-1,0,unknown,0,unknown,0,-1,unknown
http://justlookapp.com/blog/wp-content/themes/storefront/assets/fonts/090622813647a6a970bbffeebc2db750,2024-09-21 00:00:00+00:00,1,kaggle,-1,0,unknown,0,unknown,0,-1,unknown
https://www.xpertskills.com/rebc.php,2024-09-21 00:00:00+00:00,1,kaggle,-1,0,unknown,0,unknown,0,-1,unknown
http://www.thecoolist.com/digital-cameras-with-wifi-5-best-for-2014/,2024-09-21 00:00:00+00:00,0,kaggle,-1,0,unknown,0,unknown,0,-1,unknown
http://betasusorjinals.blogspot.com,2024-09-21 00:00:00+00:00,1,kaggle,-1,0,unknown,0,unknown,0,-1,unknown
https://www.jogosonlinedemenina.com.br/,2024-09-21 00:00:00+00:00,0,kaggle,-1,0,unknown,0,unknown,0,-1,unknown
https://www.launchrecruitment.com.au/,2024-09-21 00:00:00+00:00,0,kaggle,-1,0,unknown,0,unknown,0,-1,unknown
http://wuteh.a100.com.pl/wp-includes/images/2020dhl_topscript/dhl_topscript/source/index.php,2024-09-21 00:00:00+00:00,1,kaggle,-1,0,unknown,0,unknown,0,-1,unknown
http://disneyfairies2005-2007.tumblr.com,2024-09-22 00:00:00+00:00,0,kaggle,-1,0,unknown,0,unknown,0,-1,unknown
http://www.wikihow.com/identify-passive%e2%80%90aggressive-behavior,2024-09-22 00:00:00+00:00,0,kaggle,-1,0,unknown,0,unknown,0,-1,unknown
http://blog.viacom.com/brand/vh1/,2024-09-22 00:00:00+00:00,0,kaggle,-1,0,unknown,0,unknown,0,-1,unknown
http://www.networksorcery.com/enp/rfc/rfc2812.txt,2024-09-22 00:00:00+00:00,0,kaggle,-1,0,unknown,0,unknown,0,-1,unknown
https://en.wikipedia.org/wiki/text_mining,2024-09-22 00:00:00+00:00,0,kaggle,-1,0,unknown,0,unknown,0,-1,unknown
http://www.nhs.uk/conditions/memory-loss/pages/introduction.aspx,2024-09-22 00:00:00+00:00,0,kaggle,-1,0,unknown,0,unknown,0,-1,unknown
https://www.hipertrofia.org/blog/,2024-09-22 00:00:00+00:00,0,kaggle,-1,0,unknown,0,unknown,0,-1,unknown
https://www.rapidswaterpark.com/,2024-09-23 00:00:00+00:00,0,kaggle,-1,0,unknown,0,unknown,0,-1,unknown
http://newrydramafestival.co.uk/actutre/ourtimepge/v3,2024-09-23 00:00:00+00:00,1,kaggle,-1,0,unknown,0,unknown,0,-1,unknown
https://www.foxwoods.com/rewards,2024-09-23 00:00:00+00:00,0,kaggle,-1,0,unknown,0,unknown,0,-1,unknown
http://searchmobilecomputing.techtarget.com/definition/wireless-router,2024-09-23 00:00:00+00:00,0,kaggle,-1,0,unknown,0,unknown,0,-1,unknown
http://www.lunarliving.org/astrology/northnode-southnode-transiting-lunarnodes.html,2024-09-23 00:00:00+00:00,0,kaggle,-1,0,unknown,0,unknown,0,-1,unknown
http://californiarealestate.news,2024-09-23 00:00:00+00:00,0,kaggle,-1,0,unknown,0,unknown,0,-1,unknown
http://sites.google.com/site/habbotuttogratis,2024-09-24 00:00:00+00:00,1,kaggle,-1,0,unknown,0,unknown,0,-1,unknown
https://greatist.com/eat/protein-pancake-recipes,2024-09-24 00:00:00+00:00,0,kaggle,-1,0,unknown,0,unknown,0,-1,unknown
https://www.cefchannel.com/,2024-09-25 00:00:00+00:00,0,kaggle,-1,0,unknown,0,unknown,0,-1,unknown
http://sistema.gavadent.com/admin/site/login,2024-09-25 00:00:00+00:00,1,kaggle,-1,0,unknown,0,unknown,0,-1,unknown
https://www.plunderdesign.com/,2024-09-25 00:00:00+00:00,0,kaggle,-1,0,unknown,0,unknown,0,-1,unknown
http://lifehacker.com/what-is-tor-and-should-i-use-it-1527891029,2024-09-25 00:00:00+00:00,0,kaggle,-1,0,unknown,0,unknown,0,-1,unknown
http://alatest.nl,2024-09-25 00:00:00+00:00,0,kaggle,-1,0,unknown,0,unknown,0,-1,unknown
http://coolasmustard.com/detail/hdmi-splitter,2024-09-26 00:00:00+00:00,0,kaggle,-1,0,unknown,0,unknown,0,-1,unknown
http://www.tuxgraphics.org/toolbox/network_address_calculator.html,2024-09-26 00:00:00+00:00,0,kaggle,-1,0,unknown,0,unknown,0,-1,unknown
http://www.whereleb.com/,2024-09-26 00:00:00+00:00,0,kaggle,-1,0,unknown,0,unknown,0,-1,unknown
http://www.ljubavno-nebo.com/,2024-09-27 00:00:00+00:00,0,kaggle,-1,0,unknown,0,unknown,0,-1,unknown
http://ch.tcorner.fr/https//admin.hostpoint.ch/,2024-09-27 00:00:00+00:00,1,kaggle,-1,0,unknown,0,unknown,0,-1,unknown
http://www.destination360.com/central-america/nicaragua/dining,2024-09-27 00:00:00+00:00,0,kaggle,-1,0,unknown,0,unknown,0,-1,unknown
https://en.wikipedia.org/wiki/vh1,2024-09-27 00:00:00+00:00,0,kaggle,-1,0,unknown,0,unknown,0,-1,unknown
http://www.sirc.org/publik/binge_drinking.shtml,2024-09-27 00:00:00+00:00,0,kaggle,-1,0,unknown,0,unknown,0,-1,unknown
https://www.handlestore.com/,2024-09-28 00:00:00+00:00,0,kaggle,-1,0,unknown,0,unknown,0,-1,unknown
http://www.dictionary.com/browse/space-time-continuum,2024-09-28 00:00:00+00:00,0,kaggle,-1,0,unknown,0,unknown,0,-1,unknown
https://izzylogz.nn.r.appspot.com/home.html,2024-09-28 00:00:00+00:00,1,kaggle,-1,0,unknown,0,unknown,0,-1,unknown
https://outlook-office365-signin.el.r.appspot.com/c:/users/user/downlo...,2024-09-28 00:00:00+00:00,1,kaggle,-1,0,unknown,0,unknown,0,-1,unknown
http://www.mapsofindia.com/india/,2024-09-28 00:00:00+00:00,0,kaggle,-1,0,unknown,0,unknown,0,-1,unknown
https://www.coablog.org/,2024-09-28 00:00:00+00:00,0,kaggle,-1,0,unknown,0,unknown,0,-1,unknown
http://www.cablek.com/technical-reference/cat-5---5e--6--6a---7--standards,2024-09-28 00:00:00+00:00,0,kaggle,-1,0,unknown,0,unknown,0,-1,unknown
https://ojnw.app.link/mxwxigbfqg?_p=c11033dc990464eee01f86e3e9b5bf,2024-09-28 00:00:00+00:00,1,kaggle,-1,0,unknown,0,unknown,0,-1,unknown
http://okokiyaokiya.000webhostapp.com/grubwaterbaru2020/,2024-09-29 00:00:00+00:00,1,kaggle,-1,0,unknown,0,unknown,0,-1,unknown
http://marketinghelper.com.au/themes/sports/wp-content/net/c74c4bf0dad9cbae3d80faa054b7d8ca/,2024-09-29 00:00:00+00:00,1,kaggle,-1,0,unknown,0,unknown,0,-1,unknown
http://www.gminawilkow.pl/modules/blog/online/index.php,2024-09-30 00:00:00+00:00,1,kaggle,-1,0,unknown,0,unknown,0,-1,unknown
http://www.cekilisciniz.net/iphone/,2024-09-30 00:00:00+00:00,1,kaggle,-1,0,unknown,0,unknown,0,-1,unknown
http://www.jhanjartv.com/ok_site/team/e-mail.html,2024-09-30 00:00:00+00:00,1,kaggle,-1,0,unknown,0,unknown,0,-1,unknown
http://www.pastimenangqq101.com/wp-content/uploads/4,2024-09-30 00:00:00+00:00,1,kaggle,-1,0,unknown,0,unknown,0,-1,unknown
https://www.quackit.com/javascript/javascript_date_and_time_functions.cfm,2024-09-30 00:00:00+00:00,0,kaggle,-1,0,unknown,0,unknown,0,-1,unknown
https://voiced-exhausts.000webhostapp.com/,2024-09-30 00:00:00+00:00,1,kaggle,-1,0,unknown,0,unknown,0,-1,unknown
http://www.impsa.com.mx/webmail/index.php,2024-09-30 00:00:00+00:00,1,kaggle,-1,0,unknown,0,unknown,0,-1,unknown
https://www.theguardian.com/sport/australian-open,2024-09-30 00:00:00+00:00,0,kaggle,-1,0,unknown,0,unknown,0,-1,unknown
http://www.uniled.rs/memberservice/,2024-09-30 00:00:00+00:00,1,kaggle,-1,0,unknown,0,unknown,0,-1,unknown
http://www.karaoke-lyrics.net/lyrics/kendrick-lamar/dna-810661,2024-10-01 00:00:00+00:00,0,kaggle,-1,0,unknown,0,unknown,0,-1,unknown
https://www.organicmakers.se/,2024-10-01 00:00:00+00:00,0,kaggle,-1,0,unknown,0,unknown,0,-1,unknown
http://www.dictionary.com/browse/standard-error,2024-10-01 00:00:00+00:00,0,kaggle,-1,0,unknown,0,unknown,0,-1,unknown
https://support-appleld.com.secureupdate.duilawyeryork.com/ap/ccea2408632c3bd?cmd=_update&dispatch=ccea2408632c3bddd&locale=_us,2024-10-01 00:00:00+00:00,1,kaggle,-1,0,unknown,0,unknown,0,-1,unknown
http://scan.dk,2024-10-01 00:00:00+00:00,0,kaggle,-1,0,unknown,0,unknown,0,-1,unknown
https://it.cam.exposed/,2024-10-01 00:00:00+00:00,1,kaggle,-1,0,unknown,0,unknown,0,-1,unknown
https://firebasestorage.googleapis.com/v0/b/updater-ccf3e.appspot.com/o/ind.htm?alt=media&token=cb902a99-2713-45df-8544-663afd50e4ee,2024-10-01 00:00:00+00:00,1,kaggle,-1,0,unknown,0,unknown,0,-1,unknown
https://bankcampuscareers.tal.net/vx/lang-en-gb/candidate/application/292496,2024-10-02 00:00:00+00:00,1,kaggle,-1,0,unknown,0,unknown,0,-1,unknown
http://restaurantnatsumi.nl,2024-10-02 00:00:00+00:00,0,kaggle,-1,0,unknown,0,unknown,0,-1,unknown
https://cfe-recibos.com.mx/,2024-10-02 00:00:00+00:00,1,kaggle,-1,0,unknown,0,unknown,0,-1,unknown
http://www.pedigreedatabase.com/articles.html?s=training-a-sar-search-and-rescue-dog,2024-10-02 00:00:00+00:00,0,kaggle,-1,0,unknown,0,unknown,0,-1,unknown
https://www.emsail-live.com.ng/dr/oauth2/,2024-10-02 00:00:00+00:00,1,kaggle,-1,0,unknown,0,unknown,0,-1,unknown
https://www.aylshamcomputers.co.uk/,2024-10-02 00:00:00+00:00,0,kaggle,-1,0,unknown,0,unknown,0,-1,unknown
https://segurana.my-free.website/,2024-10-02 00:00:00+00:00,1,kaggle,-1,0,unknown,0,unknown,0,-1,unknown
https://englishstudio.ir/layout/,2024-10-02 00:00:00+00:00,1,kaggle,-1,0,unknown,0,unknown,0,-1,unknown
http://dictionary.babylon-software.com/select_committee/,2024-10-02 00:00:00+00:00,0,kaggle,-1,0,unknown,0,unknown,0,-1,unknown
http://www.philosophybasics.com/philosophers_voltaire.html,2024-10-03 00:00:00+00:00,0,kaggle,-1,0,unknown,0,unknown,0,-1,unknown
http://support-appleld.com.secureupdate.duilawyeryork.com/ap/ab4425d5815d3d1?cmd=_update&dispatch=ab4425d5815d3d1f0&locale=_de,2024-10-03 00:00:00+00:00,1,kaggle,-1,0,unknown,0,unknown,0,-1,unknown
http://secureupdate.appleld.com.duilawyeryork.com/ap/5e0aad5c7f68ab1,2024-10-03 00:00:00+00:00,1,kaggle,-1,0,unknown,0,unknown,0,-1,unknown
http://regiscoyne.com/368762bdb30fab1003aab48b3362c445/?sec=lauratesta,2024-10-03 00:00:00+00:00,1,kaggle,-1,0,unknown,0,unknown,0,-1,unknown
https://47213.app.link/x8n4aoepx4,2024-10-03 00:00:00+00:00,1,kaggle,-1,0,unknown,0,unknown,0,-1,unknown
https://en.wikipedia.org/wiki/internet_relay_chat,2024-10-03 00:00:00+00:00,0,kaggle,-1,0,unknown,0,unknown,0,-1,unknown
http://adleadbrazil.com.br/bradesco/br/m/saude/17112014/idp=345,2024-10-04 00:00:00+00:00,1,kaggle,-1,0,unknown,0,unknown,0,-1,unknown
https://en.wiktionary.org/wiki/mimosa,2024-10-04 00:00:00+00:00,0,kaggle,-1,0,unknown,0,unknown,0,-1,unknown
https://www.riverbed.com/products/steelcentral/steelcentral-packet-analyzer-personal-edition.html,2024-10-04 00:00:00+00:00,0,kaggle,-1,0,unknown,0,unknown,0,-1,unknown
https://www.designer-drug.com/,2024-10-04 00:00:00+00:00,0,kaggle,-1,0,unknown,0,unknown,0,-1,unknown
https://qnaqaaa08cowa.et.r.appspot.com/wp-content/uploads.php,2024-10-04 00:00:00+00:00,1,kaggle,-1,0,unknown,0,unknown,0,-1,unknown
http://new.29studios.com/wp-content/plugins/duplicator/lib/nuevo/servicios.aumento.bancochile.cl/kp0vn4k4lx/uv8sb_persona/login_xf9g/index/loginnkye,2024-10-04 00:00:00+00:00,1,kaggle,-1,0,unknown,0,unknown,0,-1,unknown
http://internationaleimmobilien.net/administrator,2024-10-05 00:00:00+00:00,1,kaggle,-1,0,unknown,0,unknown,0,-1,unknown
https://www.isc.org/downloads/bind/dnssec/,2024-10-05 00:00:00+00:00,0,kaggle,-1,0,unknown,0,unknown,0,-1,unknown
https://www.infinitytools.com/routing,2024-10-05 00:00:00+00:00,0,kaggle,-1,0,unknown,0,unknown,0,-1,unknown
http://eltronesia.id/.well-known/pki-validation/raiffeisen/lograiffeisenfull/,2024-10-05 00:00:00+00:00,1,kaggle,-1,0,unknown,0,unknown,0,-1,unknown
http://www.retroporn.sexy/,2024-10-05 00:00:00+00:00,0,kaggle,-1,0,unknown,0,unknown,0,-1,unknown
http://www.noshigilani.com/dat/docx/,2024-10-05 00:00:00+00:00,1,kaggle,-1,0,unknown,0,unknown,0,-1,unknown
https://fieldstonerp-my.sharepoint.com/:b:/p/danfields/ez7sh1xqsdpmtp4dleqt5tubxo4srqdgcry807wug7vffg?e=mz09kc,2024-10-05 00:00:00+00:00,1,kaggle,-1,0,unknown,0,unknown,0,-1,unknown
http://baby-lim.com/clovvy/,2024-10-05 00:00:00+00:00,1,kaggle,-1,0,unknown,0,unknown,0,-1,unknown
https://www.nordicfocus.com/,2024-10-05 00:00:00+00:00,0,kaggle,-1,0,unknown,0,unknown,0,-1,unknown
http://www.outlook-0ffice365-0nline.nw.r.appspot.com/,2024-10-06 00:00:00+00:00,1,kaggle,-1,0,unknown,0,unknown,0,-1,unknown
http://house.wikia.com/wiki/help_me,2024-10-06 00:00:00+00:00,0,kaggle,-1,0,unknown,0,unknown,0,-1,unknown
http://piponi.com/58cebc670a93888de49b5c0ee755326f?sec=michaela%20fellenberg,2024-10-06 00:00:00+00:00,1,kaggle,-1,0,unknown,0,unknown,0,-1,unknown
https://www.truity.com/career-profile/computer-network-architect,2024-10-06 00:00:00+00:00,0,kaggle,-1,0,unknown,0,unknown,0,-1,unknown
https://www.merriam-webster.com/dictionary/cd-rom,2024-10-06 00:00:00+00:00,0,kaggle,-1,0,unknown,0,unknown,0,-1,unknown
https://www.grantwatch.com/,2024-10-06 00:00:00+00:00,0,kaggle,-1,0,unknown,0,unknown,0,-1,unknown
http://glasanjetobato.000webhostapp.com/,2024-10-06 00:00:00+00:00,1,kaggle,-1,0,unknown,0,unknown,0,-1,unknown
http://www.christieclinic.com/,2024-10-06 00:00:00+00:00,0,kaggle,-1,0,unknown,0,unknown,0,-1,unknown
https://artekcamp.tumblr.com/icampi#_=_,2024-10-06 00:00:00+00:00,1,kaggle,-1,0,unknown,0,unknown,0,-1,unknown
http://crystalbluecleaning.co.uk/,2024-10-07 00:00:00+00:00,1,kaggle,-1,0,unknown,0,unknown,0,-1,unknown
http://www.webopedia.com/term/p/parallel_port.html,2024-10-07 00:00:00+00:00,0,kaggle,-1,0,unknown,0,unknown,0,-1,unknown
http://www.eajournals.org/,2024-10-07 00:00:00+00:00,0,kaggle,-1,0,unknown,0,unknown,0,-1,unknown
http://www.thefair.com/,2024-10-07 00:00:00+00:00,0,kaggle,-1,0,unknown,0,unknown,0,-1,unknown
http://www.yourdictionary.com/legislative-session,2024-10-07 00:00:00+00:00,0,kaggle,-1,0,unknown,0,unknown,0,-1,unknown
http://mybankicbc.com//client_index.php,2024-10-08 00:00:00+00:00,1,kaggle,-1,0,unknown,0,unknown,0,-1,unknown
https://www.planetparfum.com,2024-10-08 00:00:00+00:00,0,kaggle,-1,0,unknown,0,unknown,0,-1,unknown
https://www.indexsignal.com/community/,2024-10-08 00:00:00+00:00,0,kaggle,-1,0,unknown,0,unknown,0,-1,unknown
https://www.thelighthouseaog.org/,2024-10-08 00:00:00+00:00,0,kaggle,-1,0,unknown,0,unknown,0,-1,unknown
https://www.maxfurn.com/nl/,2024-10-08 00:00:00+00:00,0,kaggle,-1,0,unknown,0,unknown,0,-1,unknown
http://www.hca.hitachi-cable.com/products/hca/paper/choosing-a-category-6a-solution-utp-vs-futp.pdf,2024-10-08 00:00:00+00:00,0,kaggle,-1,0,unknown,0,unknown,0,-1,unknown
https://www.scifiline.com/wp-admin/maint/scripts,2024-10-08 00:00:00+00:00,1,kaggle,-1,0,unknown,0,unknown,0,-1,unknown
http://www.myconnectionserver.com,2024-10-08 00:00:00+00:00,0,kaggle,-1,0,unknown,0,unknown,0,-1,unknown
http://www.qsoln.com/seminar-report-ppt/multiprotocol-label-switching-mpls/,2024-10-09 00:00:00+00:00,0,kaggle,-1,0,unknown,0,unknown,0,-1,unknown
http://www.telegraph.co.uk/news/2017/06/11/israeli-pm-calls-un-dismantle-palestinian-aid-agency/,2024-10-09 00:00:00+00:00,0,kaggle,-1,0,unknown,0,unknown,0,-1,unknown
https://www.scribd.com/doc/22594454/advantages-of-firewall,2024-10-09 00:00:00+00:00,0,kaggle,-1,0,unknown,0,unknown,0,-1,unknown
http://etecindsvc.com/8787?sec=wiebkeoldsen,2024-10-09 00:00:00+00:00,1,kaggle,-1,0,unknown,0,unknown,0,-1,unknown
http://stackoverflow.com/questions/5081025/php-session-fixation-hijacking,2024-10-09 00:00:00+00:00,0,kaggle,-1,0,unknown,0,unknown,0,-1,unknown
http://xpdrivers.com/video-card/_1_25.cfm,2024-10-09 00:00:00+00:00,0,kaggle,-1,0,unknown,0,unknown,0,-1,unknown
https://lavozdeplasencia.blogspot.com/,2024-10-10 00:00:00+00:00,0,kaggle,-1,0,unknown,0,unknown,0,-1,unknown
https://www.cmd168.net/,2024-10-10 00:00:00+00:00,0,kaggle,-1,0,unknown,0,unknown,0,-1,unknown
http://provenanceconsulting.com/,2024-10-10 00:00:00+00:00,0,kaggle,-1,0,unknown,0,unknown,0,-1,unknown
https://betasus20211.blogspot.com/,2024-10-10 00:00:00+00:00,1,kaggle,-1,0,unknown,0,unknown,0,-1,unknown
http://www.thefreedictionary.com/word+processing+machine,2024-10-10 00:00:00+00:00,0,kaggle,-1,0,unknown,0,unknown,0,-1,unknown
http://www.iptvultra.com/,2024-10-10 00:00:00+00:00,0,kaggle,-1,0,unknown,0,unknown,0,-1,unknown
http://www.all-size-paper.com/tabloid/tabloid-paper-size.php,2024-10-11 00:00:00+00:00,0,kaggle,-1,0,unknown,0,unknown,0,-1,unknown
https://www.armstronggarden.com/?sid=k11lf2097p3d8ucjusrcidcle6,2024-10-11 00:00:00+00:00,0,kaggle,-1,0,unknown,0,unknown,0,-1,unknown
http://courgeon-immobilier.fr/wp-content/uploads/2019/0/tpg/,2024-10-11 00:00:00+00:00,1,kaggle,-1,0,unknown,0,unknown,0,-1,unknown
http://www.torancenter.org/,2024-10-11 00:00:00+00:00,0,kaggle,-1,0,unknown,0,unknown,0,-1,unknown
https://www.oglasnik.hr/,2024-10-12 00:00:00+00:00,0,kaggle,-1,0,unknown,0,unknown,0,-1,unknown
http://skem9.co.uk,2024-10-12 00:00:00+00:00,0,kaggle,-1,0,unknown,0,unknown,0,-1,unknown
https://www.wickman.net.au/provenance.aspx,2024-10-12 00:00:00+00:00,0,kaggle,-1,0,unknown,0,unknown,0,-1,unknown
http://java-source.net/open-source/uml-modeling,2024-10-13 00:00:00+00:00,0,kaggle,-1,0,unknown,0,unknown,0,-1,unknown
http://www.assdig.com/,2024-10-13 00:00:00+00:00,0,kaggle,-1,0,unknown,0,unknown,0,-1,unknown
http://phpsecurity.readthedocs.io/en/latest/transport-layer-security-(https-ssl-and-tls).html,2024-10-13 00:00:00+00:00,0,kaggle,-1,0,unknown,0,unknown,0,-1,unknown
http://51.255.64.58/,2024-10-13 00:00:00+00:00,1,kaggle,-1,0,unknown,0,unknown,0,-1,unknown
https://www.facebook.com/thegraphicsfairy/,2024-10-13 00:00:00+00:00,0,kaggle,-1,0,unknown,0,unknown,0,-1,unknown
https://sourceforge.net/speedtest/,2024-10-13 00:00:00+00:00,0,kaggle,-1,0,unknown,0,unknown,0,-1,unknown
http://www.techhive.com/article/196709/best_stores_to_buy_digital_cameras.html,2024-10-14 00:00:00+00:00,0,kaggle,-1,0,unknown,0,unknown,0,-1,unknown
https://www.francealzheimer.org/,2024-10-14 00:00:00+00:00,0,kaggle,-1,0,unknown,0,unknown,0,-1,unknown
https://www.coxandson.com/,2024-10-14 00:00:00+00:00,0,kaggle,-1,0,unknown,0,unknown,0,-1,unknown
https://www.sweetyhigh.com/,2024-10-14 00:00:00+00:00,0,kaggle,-1,0,unknown,0,unknown,0,-1,unknown
https://www.prepfactory.com/,2024-10-14 00:00:00+00:00,0,kaggle,-1,0,unknown,0,unknown,0,-1,unknown
https://www.facebook.com/cbsthismorning/,2024-10-14 00:00:00+00:00,0,kaggle,-1,0,unknown,0,unknown,0,-1,unknown
http://www.slideserve.com/sydnee/us-central-command-area-of-responsibility,2024-10-14 00:00:00+00:00,0,kaggle,-1,0,unknown,0,unknown,0,-1,unknown
http://107.180.44.78/%204e%204th%20edition,2024-10-15 00:00:00+00:00,1,kaggle,-1,0,unknown,0,unknown,0,-1,unknown
https://eng.tni.ac.th/calendar/sitemap.html,2024-10-15 00:00:00+00:00,1,kaggle,-1,0,unknown,0,unknown,0,-1,unknown
https://www.traildino.de/book.php?booksellerurl=https://mailhealthcheckin.com/img/?dock99882910303=honeypot@domain.com,2024-10-15 00:00:00+00:00,1,kaggle,-1,0,unknown,0,unknown,0,-1,unknown
http://ecoachinginternational.com/sitemaps/page3/,2024-10-15 00:00:00+00:00,1,kaggle,-1,0,unknown,0,unknown,0,-1,unknown
http://cleverhands.com/,2024-10-15 00:00:00+00:00,1,kaggle,-1,0,unknown,0,unknown,0,-1,unknown
https://tools.ietf.org/html/2535,2024-10-15 00:00:00+00:00,0,kaggle,-1,0,unknown,0,unknown,0,-1,unknown
http://epub.wu.ac.at/1923/1/document.pdf,2024-10-15 00:00:00+00:00,0,kaggle,-1,0,unknown,0,unknown,0,-1,unknown
https://www.hindihelpguru.com/,2024-10-15 00:00:00+00:00,0,kaggle,-1,0,unknown,0,unknown,0,-1,unknown
http://www.paxful.com.transfer.boubit.com/,2024-10-15 00:00:00+00:00,1,kaggle,-1,0,unknown,0,unknown,0,-1,unknown
http://www.llewellyn.com/product.php?ean=9780738713373,2024-10-15 00:00:00+00:00,0,kaggle,-1,0,unknown,0,unknown,0,-1,unknown
https://yea.to/verify-atm,2024-10-15 00:00:00+00:00,1,kaggle,-1,0,unknown,0,unknown,0,-1,unknown
https://smsorangephonemail.myfreesites.net/,2024-10-16 00:00:00+00:00,1,kaggle,-1,0,unknown,0,unknown,0,-1,unknown
https://www.antiquemapsandprints.com/,2024-10-16 00:00:00+00:00,0,kaggle,-1,0,unknown,0,unknown,0,-1,unknown
https://www.pcreview.co.uk/threads/hypertext-transfer-protocol-with-privacy.2691913/,2024-10-16 00:00:00+00:00,0,kaggle,-1,0,unknown,0,unknown,0,-1,unknown
http://thaihouseliving.com/wp-admin/includes/wetrans/index.php,2024-10-16 00:00:00+00:00,1,kaggle,-1,0,unknown,0,unknown,0,-1,unknown
http://yy13041.moonfruit.com/bigshuju,2024-10-17 00:00:00+00:00,1,kaggle,-1,0,unknown,0,unknown,0,-1,unknown
http://mereliverystables.com/user1/alibaba/alibaba.com/login.php?cmd=login_submit&amp;amp,2024-10-17 00:00:00+00:00,1,kaggle,-1,0,unknown,0,unknown,0,-1,unknown
http://www.umsl.edu/~joshik/msis480/chapt09.htm,2024-10-17 00:00:00+00:00,0,kaggle,-1,0,unknown,0,unknown,0,-1,unknown
http://chat.whatsapp.grup.hd.ocry.com/,2024-10-17 00:00:00+00:00,1,kaggle,-1,0,unknown,0,unknown,0,-1,unknown
https://www.toppro10.com/,2024-10-17 00:00:00+00:00,0,kaggle,-1,0,unknown,0,unknown,0,-1,unknown
http://www.jutex.sk/,2024-10-17 00:00:00+00:00,0,kaggle,-1,0,unknown,0,unknown,0,-1,unknown
https://www.facebook.com/optionsxpress/,2024-10-18 00:00:00+00:00,0,kaggle,-1,0,unknown,0,unknown,0,-1,unknown
https://plus.google.com/+publicdomainpicturesnet,2024-10-18 00:00:00+00:00,0,kaggle,-1,0,unknown,0,unknown,0,-1,unknown
https://7426fbe0d8676fde2cac756c0731ce57.udagwebspace.de/0f10dc20a3429fbaf42f88226353f478mjk5mjyxnji5ztzjmdk5y2nhzdy3ngrhnwi5ztbjngq=/signin/,2024-10-18 00:00:00+00:00,1,kaggle,-1,0,unknown,0,unknown,0,-1,unknown
http://mtgcommander.net/,2024-10-19 00:00:00+00:00,0,kaggle,-1,0,unknown,0,unknown,0,-1,unknown
http://betasus6.blogspot.com,2024-10-19 00:00:00+00:00,1,kaggle,-1,0,unknown,0,unknown,0,-1,unknown
http://www.memozor.com/memory-game-online-free/for-adults,2024-10-19 00:00:00+00:00,0,kaggle,-1,0,unknown,0,unknown,0,-1,unknown
http://www.dictionarist.com/batting,2024-10-19 00:00:00+00:00,0,kaggle,-1,0,unknown,0,unknown,0,-1,unknown
http://support-appleld.com.secureupdate.duilawyeryork.com/ap/c5e1c812381232b/?cmd=_update&dispatch=c5e1c812381232b4a&locale=_jp,2024-10-19 00:00:00+00:00,1,kaggle,-1,0,unknown,0,unknown,0,-1,unknown
http://werfbhiuwe.myddns.com/loipta/dssds,2024-10-19 00:00:00+00:00,1,kaggle,-1,0,unknown,0,unknown,0,-1,unknown
http://banksifsccode.com/swift-codes/kenya/nic-bank-limited/nairobi/,2024-10-19 00:00:00+00:00,0,kaggle,-1,0,unknown,0,unknown,0,-1,unknown
https://modelica.org/events/modelica2011/proceedings/pages/papers/26_poster_id_193_a_fv.pdf,2024-10-19 00:00:00+00:00,0,kaggle,-1,0,unknown,0,unknown,0,-1,unknown
http://plasticmonkey.com/wp-content/languages/login.attadmin/at.html,2024-10-20 00:00:00+00:00,1,kaggle,-1,0,unknown,0,unknown,0,-1,unknown
http://www.crosswordsolver.org/clues/r/railroad-switch.2614,2024-10-20 00:00:00+00:00,0,kaggle,-1,0,unknown,0,unknown,0,-1,unknown
http://www.battingcagesinc.com/batting-cages.html,2024-10-20 00:00:00+00:00,0,kaggle,-1,0,unknown,0,unknown,0,-1,unknown
http://www.ibpm.ru/revslider/js/jquey/java/ndidi/dalu.php,2024-10-20 00:00:00+00:00,1,kaggle,-1,0,unknown,0,unknown,0,-1,unknown
http://www.donplitka.in.ua/includes/js/up/aicces/myaccount/,2024-10-20 00:00:00+00:00,1,kaggle,-1,0,unknown,0,unknown,0,-1,unknown
http://individual.utoronto.ca/reimand/paper_pdf/reimand_genome2network_review.pdf,2024-10-21 00:00:00+00:00,0,kaggle,-1,0,unknown,0,unknown,0,-1,unknown
https://fr.fireprox.net/direct/ahr0chm6ly93d3cuzmfjzwjvb2suy29tl2ltchjlc3npb24ucghwl2zhmtuynwyyzje1zdk0lz9hcglfa2v5pti2mdg5mdu0nzexnszsawq9mte1jnbhewxvywq9jtdcjtiyc291cmnljtiyjtnbjtiyannzzgslmjiln0q-,2024-10-21 00:00:00+00:00,1,kaggle,-1,0,unknown,0,unknown,0,-1,unknown
https://www.telstra.com.au/broadband/mobile-broadband/plans,2024-10-21 00:00:00+00:00,0,kaggle,-1,0,unknown,0,unknown,0,-1,unknown
http://inaceinox.pt/admin/calendar/security/update/myaccount/signin/,2024-10-21 00:00:00+00:00,1,kaggle,-1,0,unknown,0,unknown,0,-1,unknown
http://hz.by,2024-10-22 00:00:00+00:00,0,kaggle,-1,0,unknown,0,unknown,0,-1,unknown
https://www.sierato.com/,2024-10-22 00:00:00+00:00,0,kaggle,-1,0,unknown,0,unknown,0,-1,unknown
http://cort.as/-fgv,2024-10-22 00:00:00+00:00,1,kaggle,-1,0,unknown,0,unknown,0,-1,unknown
https://portaal.webreus.nl:8080,2024-10-22 00:00:00+00:00,0,kaggle,-1,0,unknown,0,unknown,0,-1,unknown
https://www.holysai.com/,2024-10-22 00:00:00+00:00,0,kaggle,-1,0,unknown,0,unknown,0,-1,unknown
http://login-offlce365-0utl00k.nn.r.appspot.com/wp-content,2024-10-22 00:00:00+00:00,1,kaggle,-1,0,unknown,0,unknown,0,-1,unknown
http://www.dlya-sebya.com/,2024-10-22 00:00:00+00:00,0,kaggle,-1,0,unknown,0,unknown,0,-1,unknown
http://www.macworld.com/article/3127211/iphone-ipad/7-solutions-for-the-iphone-7s-lack-of-headphone-jack.html,2024-10-23 00:00:00+00:00,0,kaggle,-1,0,unknown,0,unknown,0,-1,unknown
http://www.activedsm.com/top-5-state-parks-for-adventurers/,2024-10-23 00:00:00+00:00,0,kaggle,-1,0,unknown,0,unknown,0,-1,unknown
http://www.emedicinehealth.com/neuropathy/article_em.htm,2024-10-23 00:00:00+00:00,0,kaggle,-1,0,unknown,0,unknown,0,-1,unknown
https://www.travelodgehotels.asia/,2024-10-23 00:00:00+00:00,0,kaggle,-1,0,unknown,0,unknown,0,-1,unknown
http://www.idionline.org/,2024-10-23 00:00:00+00:00,0,kaggle,-1,0,unknown,0,unknown,0,-1,unknown
http://kam-net.ci/103440683/1222667547/home.php,2024-10-23 00:00:00+00:00,1,kaggle,-1,0,unknown,0,unknown,0,-1,unknown
https://www.telefonguru.hu/,2024-10-24 00:00:00+00:00,0,kaggle,-1,0,unknown,0,unknown,0,-1,unknown
https://secureupdate.appleld.com.duilawyeryork.com/ap/7aa05a7e58c8341/?cmd=_update&dispatch=7aa05a7e58c8341d1&locale=_ru,2024-10-24 00:00:00+00:00,1,kaggle,-1,0,unknown,0,unknown,0,-1,unknown
https://www.gradschools.com/programs/graphic-design-multimedia,2024-10-24 00:00:00+00:00,0,kaggle,-1,0,unknown,0,unknown,0,-1,unknown
https://www.net.com.br/,2024-10-24 00:00:00+00:00,0,kaggle,-1,0,unknown,0,unknown,0,-1,unknown
https://www.youtube.com/user/chuckieart,2024-10-24 00:00:00+00:00,0,kaggle,-1,0,unknown,0,unknown,0,-1,unknown
http://google.vipcentr.ru,2024-10-24 00:00:00+00:00,1,kaggle,-1,0,unknown,0,unknown,0,-1,unknown
https://www.multichain.com/,2024-10-25 00:00:00+00:00,0,kaggle,-1,0,unknown,0,unknown,0,-1,unknown
http://yovcxm.com/chase/chase/aad1e12a59c93f19db6c54b77193be9d,2024-10-25 00:00:00+00:00,1,kaggle,-1,0,unknown,0,unknown,0,-1,unknown
http://stpaulsdillsburg.com/administrator/images/outlook/index.php,2024-10-25 00:00:00+00:00,1,kaggle,-1,0,unknown,0,unknown,0,-1,unknown
http://money.cnn.com/quote/quote.html?symb=nok,2024-10-25 00:00:00+00:00,0,kaggle,-1,0,unknown,0,unknown,0,-1,unknown
http://maconnerieamp.ca/goldbook/auth/view/document/,2024-10-25 00:00:00+00:00,1,kaggle,-1,0,unknown,0,unknown,0,-1,unknown
http://web-whatsappjoin.itsaol.com,2024-10-25 00:00:00+00:00,1,kaggle,-1,0,unknown,0,unknown,0,-1,unknown
http://www.byggmakkerpluss.no/,2024-10-25 00:00:00+00:00,0,kaggle,-1,0,unknown,0,unknown,0,-1,unknown
https://herpesinfo2014.wordpress.com/2014/01/09/herpes-incubation-period/,2024-10-25 00:00:00+00:00,0,kaggle,-1,0,unknown,0,unknown,0,-1,unknown
http://www.siteglimpse.com/automationalley.com,2024-10-25 00:00:00+00:00,0,kaggle,-1,0,unknown,0,unknown,0,-1,unknown
https://www.recyclingcenters.org/,2024-10-26 00:00:00+00:00,0,kaggle,-1,0,unknown,0,unknown,0,-1,unknown
http://www.iptvlinkusa.com/,2024-10-26 00:00:00+00:00,0,kaggle,-1,0,unknown,0,unknown,0,-1,unknown
https://www.last.fm/music/kendrick+lamar/_/dna.,2024-10-26 00:00:00+00:00,0,kaggle,-1,0,unknown,0,unknown,0,-1,unknown
https://onedrive.live.com/redir?resid=10cffc6b51db82ac%21153&authkey=%21alqq7o8z1y7c_5w&page=view&wd=target%28quick%20notes.one%7ccd13eb19-aaf3-4c93-a670-061989e18e00%2faction%20resources%20llc%7cf534fab2-d680-4611-955e-a0387fdb8b59%2f%29,2024-10-26 00:00:00+00:00,1,kaggle,-1,0,unknown,0,unknown,0,-1,unknown
http://grouper.ieee.org/groups/802/3/10g_study/public/july99/azadet_1_0799.pdf,2024-10-26 00:00:00+00:00,0,kaggle,-1,0,unknown,0,unknown,0,-1,unknown
http://search.yahoo.com/tablet/s?p=australian+open+2018+dates&ei=utf-8&fr2=p%3as%2cv%3aw%2cm%3aat-e,2024-10-27 00:00:00+00:00,0,kaggle,-1,0,unknown,0,unknown,0,-1,unknown
http://cbtfortherapists.blogspot.com,2024-10-27 00:00:00+00:00,0,kaggle,-1,0,unknown,0,unknown,0,-1,unknown
https://forms.office.com/pages/responsepage.aspx?id=dqsikwdsw0yxejajblztrqaaaaaaaaaaaaz__tb0bd5uourkmzngmdnnvkdftfrbruzds1humfvpmi4u,2024-10-27 00:00:00+00:00,1,kaggle,-1,0,unknown,0,unknown,0,-1,unknown
http://apple.com.aieuv.cn/mim/4u220j18s43i590rr8485m4e85v375gbm903392982898s7926.html,2024-10-27 00:00:00+00:00,1,kaggle,-1,0,unknown,0,unknown,0,-1,unknown
http://www.zebrakeys.com/lessons/,2024-10-27 00:00:00+00:00,0,kaggle,-1,0,unknown,0,unknown,0,-1,unknown
http://209.140.29.226/~paranorm/sites/all/modules/weblinks/translations/accountid2b1d11e519226373ac2723ea2bed2f6f/1f0bd7bbbbe3406c3fa5111355e6dfdd/up-dating.php,2024-10-27 00:00:00+00:00,1,kaggle,-1,0,unknown,0,unknown,0,-1,unknown
https://prth.talkincat.com/tz?jk=zh9wlg9ma2kcla92k2ppahzxykcdomzkawkjy31y/info%40bellingrath.biz,2024-10-27 00:00:00+00:00,1,kaggle,-1,0,unknown,0,unknown,0,-1,unknown
https://patriothost.net/wp-includes/sodium_compat/namespaced/core/tables/?ct83ve45pxd=5k97ltnab&amp;4tcmdfe6cx=l7qxzr65aj&amp;govn=z2lic29uc2fadm9kyw1hawwuy28ueme=,2024-10-28 00:00:00+00:00,1,kaggle,-1,0,unknown,0,unknown,0,-1,unknown
https://deref-gmx.net/mail/client/thy7wkvp09g/dereferrer/?redirecturl=http://aktuell.conrad.de/r.html?uid=a.c.lct.bipma.lwcd.v0_afjgcduwkpkowm0sf2w,2024-10-28 00:00:00+00:00,1,kaggle,-1,0,unknown,0,unknown,0,-1,unknown
https://www.aucklandlive.co.nz/,2024-10-28 00:00:00+00:00,0,kaggle,-1,0,unknown,0,unknown,0,-1,unknown
https://www.oberoirealty.com/,2024-10-28 00:00:00+00:00,0,kaggle,-1,0,unknown,0,unknown,0,-1,unknown
http://paypal-support-help-inc.blogspot.be/?redacted,2024-10-28 00:00:00+00:00,1,kaggle,-1,0,unknown,0,unknown,0,-1,unknown
https://www.asting.cz/index.php,2024-10-28 00:00:00+00:00,1,kaggle,-1,0,unknown,0,unknown,0,-1,unknown
http://www.indiabix.com/networking/network-address-translation/,2024-10-28 00:00:00+00:00,0,kaggle,-1,0,unknown,0,unknown,0,-1,unknown
http://beta.kenaidanceta.com/postamok/438a1/source,2024-10-28 00:00:00+00:00,1,kaggle,-1,0,unknown,0,unknown,0,-1,unknown
http://www.dictionary.com/browse/word-processor,2024-10-28 00:00:00+00:00,0,kaggle,-1,0,unknown,0,unknown,0,-1,unknown
https://softwareengineering.stackexchange.com/questions/52729/how-to-become-a-kernel-systems-device-driver-programmer,2024-10-29 00:00:00+00:00,0,kaggle,-1,0,unknown,0,unknown,0,-1,unknown
https://chocolatelinesq13.live/,2024-10-29 00:00:00+00:00,1,kaggle,-1,0,unknown,0,unknown,0,-1,unknown
http://www.santiagoferreira.com.br/atualiza01/,2024-10-29 00:00:00+00:00,1,kaggle,-1,0,unknown,0,unknown,0,-1,unknown
http://www.brighthub.com/electronics/home-theater/articles/111893.aspx,2024-10-29 00:00:00+00:00,0,kaggle,-1,0,unknown,0,unknown,0,-1,unknown
https://github.com/openmodelica/openmodelica,2024-10-30 00:00:00+00:00,0,kaggle,-1,0,unknown,0,unknown,0,-1,unknown
http://www.armsbearingcitizen.com/best-fingerprint-biometric-gun-safes/,2024-10-30 00:00:00+00:00,0,kaggle,-1,0,unknown,0,unknown,0,-1,unknown
https://www.newegg.com/product/product.aspx?item=n82e16833588001,2024-10-30 00:00:00+00:00,0,kaggle,-1,0,unknown,0,unknown,0,-1,unknown
http://kijkgratissport.nl/agcx954w3/index.php,2024-10-30 00:00:00+00:00,1,kaggle,-1,0,unknown,0,unknown,0,-1,unknown
http://www.bbc.co.uk/radio1/johnpeel/artists/u/undertones/,2024-10-30 00:00:00+00:00,0,kaggle,-1,0,unknown,0,unknown,0,-1,unknown
http://staffandfaculty.my-free.website,2024-10-30 00:00:00+00:00,1,kaggle,-1,0,unknown,0,unknown,0,-1,unknown
http://www.nic-bank.com/ke/,2024-10-30 00:00:00+00:00,0,kaggle,-1,0,unknown,0,unknown,0,-1,unknown
http://www.my-car.info/,2024-10-30 00:00:00+00:00,0,kaggle,-1,0,unknown,0,unknown,0,-1,unknown
http://careers.stateuniversity.com/pages/7710/bodyguard.html,2024-10-31 00:00:00+00:00,0,kaggle,-1,0,unknown,0,unknown,0,-1,unknown
http://www.elecdude.com/2012/12/avr-spi-serial-pheripheral-interface.html,2024-10-31 00:00:00+00:00,0,kaggle,-1,0,unknown,0,unknown,0,-1,unknown
https://en.wikipedia.org/wiki/god_save_the_queen_(band),2024-10-31 00:00:00+00:00,0,kaggle,-1,0,unknown,0,unknown,0,-1,unknown
https://chicowhitaker.wordpress.com/,2024-10-31 00:00:00+00:00,0,kaggle,-1,0,unknown,0,unknown,0,-1,unknown
http://www.mirc.com/,2024-11-01 00:00:00+00:00,0,kaggle,-1,0,unknown,0,unknown,0,-1,unknown
https://visitor.constantcontact.com/manage/update/genemail?v=001mdkvk-kv0ogx0m9pen7vfbkci3jbqh6cxwt2kjr3sl7ocow5ovqfuoahssmqfcovji8ruuzqbrt82dst5cvelwde02cm_njuf3oq6iz4p2nzs86-shqqmjyazmdz_jnx5lgxd8l9zeu=,2024-11-01 00:00:00+00:00,1,kaggle,-1,0,unknown,0,unknown,0,-1,unknown
https://www.bwvision.com/,2024-11-01 00:00:00+00:00,0,kaggle,-1,0,unknown,0,unknown,0,-1,unknown
http://totolive.sportstoto.com.my/stoto/,2024-11-01 00:00:00+00:00,0,kaggle,-1,0,unknown,0,unknown,0,-1,unknown
http://jugssports.com/batting-cages/,2024-11-01 00:00:00+00:00,0,kaggle,-1,0,unknown,0,unknown,0,-1,unknown
http://halestelevision.co.uk/components/com_contact/cz/fb433a567a0926c8de1ef75826552495/,2024-11-02 00:00:00+00:00,1,kaggle,-1,0,unknown,0,unknown,0,-1,unknown
https://www.wearethecity.com/dealing-passive-aggressive-behaviour-workplace/,2024-11-02 00:00:00+00:00,0,kaggle,-1,0,unknown,0,unknown,0,-1,unknown
http://www.nbclosangeles.com/investigations/,2024-11-03 00:00:00+00:00,0,kaggle,-1,0,unknown,0,unknown,0,-1,unknown
https://joudialbarat.blogspot.com/,2024-11-03 00:00:00+00:00,1,kaggle,-1,0,unknown,0,unknown,0,-1,unknown
https://www.miairsoft.org/index.php?phpsessid=bdf0358a8eef04e44dc5ad4d41be389d;wwwredirect,2024-11-03 00:00:00+00:00,0,kaggle,-1,0,unknown,0,unknown,0,-1,unknown
https://tabs.ultimate-guitar.com/0-9/5_seconds_of_summer/amnesia_crd.htm,2024-11-03 00:00:00+00:00,0,kaggle,-1,0,unknown,0,unknown,0,-1,unknown
http://zapchast.od.ua,2024-11-04 00:00:00+00:00,0,kaggle,-1,0,unknown,0,unknown,0,-1,unknown
http://verified.xn--twtter-4va.com.co/,2024-11-04 00:00:00+00:00,1,kaggle,-1,0,unknown,0,unknown,0,-1,unknown
http://ata22.ir/c001/,2024-11-04 00:00:00+00:00,1,kaggle,-1,0,unknown,0,unknown,0,-1,unknown
https://mowitos.info/netzero.net/sign-in.php,2024-11-04 00:00:00+00:00,1,kaggle,-1,0,unknown,0,unknown,0,-1,unknown
http://user57205.vs.speednames.com/mbs.html,2024-11-04 00:00:00+00:00,1,kaggle,-1,0,unknown,0,unknown,0,-1,unknown
http://thecommitmentproject.net/wp-content/themes/tcp/images/index.htm,2024-11-04 00:00:00+00:00,1,kaggle,-1,0,unknown,0,unknown,0,-1,unknown
http://town-of-salem.wikia.com/wiki/bodyguard,2024-11-05 00:00:00+00:00,0,kaggle,-1,0,unknown,0,unknown,0,-1,unknown
http://www.powershow.com/view1/1d1125-zdc1z/computer_networks_error_detection_and_correction_powerpoint_ppt_presentation,2024-11-05 00:00:00+00:00,0,kaggle,-1,0,unknown,0,unknown,0,-1,unknown
http://www.opensecrets.org/cong-cmtes/special,2024-11-06 00:00:00+00:00,0,kaggle,-1,0,unknown,0,unknown,0,-1,unknown
http://www.shouldiremoveit.com/network-packet-analyzer-164054-program.aspx,2024-11-06 00:00:00+00:00,0,kaggle,-1,0,unknown,0,unknown,0,-1,unknown
http://www.wisegeek.com/what-is-insecticidal-soap.htm,2024-11-06 00:00:00+00:00,0,kaggle,-1,0,unknown,0,unknown,0,-1,unknown
https://drive.google.com/file/d/0b0zlwpkgtmyyskflymf6evjqzue,2024-11-06 00:00:00+00:00,1,kaggle,-1,0,unknown,0,unknown,0,-1,unknown
https://www.aikido.org.au/,2024-11-07 00:00:00+00:00,0,kaggle,-1,0,unknown,0,unknown,0,-1,unknown
http://www.accuradio.com/,2024-11-07 00:00:00+00:00,0,kaggle,-1,0,unknown,0,unknown,0,-1,unknown
https://sonne-medoon.firebaseapp.com,2024-11-08 00:00:00+00:00,1,kaggle,-1,0,unknown,0,unknown,0,-1,unknown
http://pitchfork.com/reviews/tracks/18994-kendrick-lamar-dna/,2024-11-08 00:00:00+00:00,0,kaggle,-1,0,unknown,0,unknown,0,-1,unknown
https://jimsautomotiveshop.com/wp-includes/images/chase/,2024-11-08 00:00:00+00:00,1,kaggle,-1,0,unknown,0,unknown,0,-1,unknown
http://623112j4j3.codesandbox.io/bigshuju,2024-11-08 00:00:00+00:00,1,kaggle,-1,0,unknown,0,unknown,0,-1,unknown
http://www.cinemaguys.com/movie/fantastic-beasts-and-where-to-find-them/,2024-11-08 00:00:00+00:00,0,kaggle,-1,0,unknown,0,unknown,0,-1,unknown
https://genius.com/kendrick-lamar-dna-lyrics,2024-11-08 00:00:00+00:00,0,kaggle,-1,0,unknown,0,unknown,0,-1,unknown
http://www.bgames.com/multiplayer-games/,2024-11-08 00:00:00+00:00,0,kaggle,-1,0,unknown,0,unknown,0,-1,unknown
http://regiscoyne.com/368762bdb30fab1003aab48b3362c445,2024-11-09 00:00:00+00:00,1,kaggle,-1,0,unknown,0,unknown,0,-1,unknown
http://user67509874097802.el.r.appspot.com/ver.html,2024-11-09 00:00:00+00:00,1,kaggle,-1,0,unknown,0,unknown,0,-1,unknown
http://www.bacanal.com.ar/,2024-11-09 00:00:00+00:00,0,kaggle,-1,0,unknown,0,unknown,0,-1,unknown
http://www.vantaiduccuong.com/soutdoc/es/,2024-11-09 00:00:00+00:00,1,kaggle,-1,0,unknown,0,unknown,0,-1,unknown
http://dictionary.sensagent.com/tabloid/da-da/,2024-11-09 00:00:00+00:00,0,kaggle,-1,0,unknown,0,unknown,0,-1,unknown
http://www.flashdesire.com/,2024-11-09 00:00:00+00:00,0,kaggle,-1,0,unknown,0,unknown,0,-1,unknown
http://www.thesaurus.com/browse/dynasty,2024-11-09 00:00:00+00:00,0,kaggle,-1,0,unknown,0,unknown,0,-1,unknown
http://www.webopedia.com/quick_ref/topologies.asp,2024-11-09 00:00:00+00:00,0,kaggle,-1,0,unknown,0,unknown,0,-1,unknown
https://monovative-my.sharepoint.com:443/:o:/g/personal/user_monovative_onmicrosoft_com/emczkjnkzgxdtejtstz67qqblknarn4da620kjaje91ewq?e=5:weseg8&amp;at=9,2024-11-10 00:00:00+00:00,1,kaggle,-1,0,unknown,0,unknown,0,-1,unknown
http://caspianglobalservices.com/awosoke/fud/formfix/form/confirm.php,2024-11-10 00:00:00+00:00,1,kaggle,-1,0,unknown,0,unknown,0,-1,unknown
http://www.12yards.ru/wp-content/plugins/ups/ups/ups/ups.htm,2024-11-10 00:00:00+00:00,1,kaggle,-1,0,unknown,0,unknown,0,-1,unknown
https://www.quackit.com/domain-names/domain_name_extension_definitions.cfm,2024-11-10 00:00:00+00:00,0,kaggle,-1,0,unknown,0,unknown,0,-1,unknown
https://tabs.ultimate-guitar.com/s/sex_pistols/god_save_the_queen_crd.htm,2024-11-10 00:00:00+00:00,0,kaggle,-1,0,unknown,0,unknown,0,-1,unknown
http://www.wikihow.com/set-up-a-wireless-router,2024-11-10 00:00:00+00:00,0,kaggle,-1,0,unknown,0,unknown,0,-1,unknown
http://www.bankofamerica.gonatmed.com,2024-11-10 00:00:00+00:00,1,kaggle,-1,0,unknown,0,unknown,0,-1,unknown
http://steel-apparatus-278809.el.r.appspot.com/,2024-11-10 00:00:00+00:00,1,kaggle,-1,0,unknown,0,unknown,0,-1,unknown
http://rickspringfieldandus.blogspot.com,2024-11-11 00:00:00+00:00,0,kaggle,-1,0,unknown,0,unknown,0,-1,unknown
http://www.consumerreports.org/cro/wireless-routers/buying-guide,2024-11-11 00:00:00+00:00,0,kaggle,-1,0,unknown,0,unknown,0,-1,unknown
http://ohi.im,2024-11-11 00:00:00+00:00,0,kaggle,-1,0,unknown,0,unknown,0,-1,unknown
https://www.leihdeinerumweltgeld.de/,2024-11-11 00:00:00+00:00,0,kaggle,-1,0,unknown,0,unknown,0,-1,unknown
https://developer.mozilla.org/en-us/docs/web/javascript/reference/statements/switch,2024-11-11 00:00:00+00:00,0,kaggle,-1,0,unknown,0,unknown,0,-1,unknown
http://mail.blackcubedesign.com/webmail/,2024-11-11 00:00:00+00:00,1,kaggle,-1,0,unknown,0,unknown,0,-1,unknown
http://practical-shockley-f451be.netlify.app/?realm=j4wdjgy82yvv2ija4pgnjbsi47bzki6tm2ggifpkekqg2ar7zhvijn1ovcxfv4ji6qzp6ojkzabba2jakft4dus87qo3u8layl0e9jzjkblve4foj8txdv5kluopcaqavqpfaoovpj04ngs7pw5sradce12gbtrhugm45kavubzhh2p7yuapfn2kp4b1y2isi5xnp7sjis,2024-11-12 00:00:00+00:00,1,kaggle,-1,0,unknown,0,unknown,0,-1,unknown
http://www.sportshub.com.sg/directions/documents/sports-hub-traffic-brochure.pdf,2024-11-12 00:00:00+00:00,0,kaggle,-1,0,unknown,0,unknown,0,-1,unknown
https://www.melisa39profile.online-orders.us/,2024-11-13 00:00:00+00:00,1,kaggle,-1,0,unknown,0,unknown,0,-1,unknown
http://ridgesandfurrows.homestead.com/,2024-11-13 00:00:00+00:00,0,kaggle,-1,0,unknown,0,unknown,0,-1,unknown
https://www.belazu.com/,2024-11-13 00:00:00+00:00,0,kaggle,-1,0,unknown,0,unknown,0,-1,unknown
http://98.126.214.77/ap/signin?key=a@b.c&amp;openid.assoc_handle=jpflex&amp;openid.claimed_id=http://specs.openid.net/auth/2.0/identifier_select&amp;openid.identity=http://specs.openid.net/auth/2.0/identifier_select&amp;openid.mode=checkid_setup&amp;openid.ns=http://specs.openid.net/auth/2.0&amp;openid.pape.max_auth_age=0&amp;openid.return_to=https://www.amazon.co.jp/?ref_=nav_em_hd_re_signin&amp;ref_=nav_em_hd_clc_signin,2024-11-13 00:00:00+00:00,1,kaggle,-1,0,unknown,0,unknown,0,-1,unknown
http://www.index-education.com/fr/,2024-11-13 00:00:00+00:00,0,kaggle,-1,0,unknown,0,unknown,0,-1,unknown
http://instargrams.000webhostapp.com/login.html,2024-11-13 00:00:00+00:00,1,kaggle,-1,0,unknown,0,unknown,0,-1,unknown
http://4k.com/camera/,2024-11-13 00:00:00+00:00,0,kaggle,-1,0,unknown,0,unknown,0,-1,unknown
http://appleid.apple.com-sign.kvhw8ma.work/,2024-11-14 00:00:00+00:00,1,kaggle,-1,0,unknown,0,unknown,0,-1,unknown
http://accofestival.co.il/libs/googledocs/,2024-11-14 00:00:00+00:00,1,kaggle,-1,0,unknown,0,unknown,0,-1,unknown
https://www.conceptcarz.com/,2024-11-14 00:00:00+00:00,0,kaggle,-1,0,unknown,0,unknown,0,-1,unknown
http://www.verify.mypaypdetails.com/,2024-11-14 00:00:00+00:00,1,kaggle,-1,0,unknown,0,unknown,0,-1,unknown
http://www.digitalmillionaires.com/loading..php,2024-11-14 00:00:00+00:00,1,kaggle,-1,0,unknown,0,unknown,0,-1,unknown
http://exifviewer.herokuapp.com,2024-11-15 00:00:00+00:00,0,kaggle,-1,0,unknown,0,unknown,0,-1,unknown
https://detarros.com/nadene/,2024-11-15 00:00:00+00:00,1,kaggle,-1,0,unknown,0,unknown,0,-1,unknown
http://www.duncombepark.com/,2024-11-15 00:00:00+00:00,0,kaggle,-1,0,unknown,0,unknown,0,-1,unknown
https://headcamatu.files.wordpress.com/2015/10/schema-cable-serial-null-modem.pdf,2024-11-15 00:00:00+00:00,0,kaggle,-1,0,unknown,0,unknown,0,-1,unknown
http://www.laoconsulatehongkong.gov.la/cllie/excelz/bizmail.php?email=nobody@mycraftmail.com,2024-11-15 00:00:00+00:00,1,kaggle,-1,0,unknown,0,unknown,0,-1,unknown
http://tvtropes.org/pmwiki/pmwiki.php/characters/theamazingrace,2024-11-15 00:00:00+00:00,0,kaggle,-1,0,unknown,0,unknown,0,-1,unknown
https://www.alternativeairlines.com/latam-airlines,2024-11-15 00:00:00+00:00,0,kaggle,-1,0,unknown,0,unknown,0,-1,unknown
https://www.circulationfoundation.org.uk/help-advice/peripheral-arterial-disease,2024-11-15 00:00:00+00:00,0,kaggle,-1,0,unknown,0,unknown,0,-1,unknown
http://www.ajdesigner.com/fl_computer_memory/conversion_memory_bit.php,2024-11-15 00:00:00+00:00,0,kaggle,-1,0,unknown,0,unknown,0,-1,unknown
http://thatavarti.com/download/database-management-system-tutorial.pdf,2024-11-15 00:00:00+00:00,0,kaggle,-1,0,unknown,0,unknown,0,-1,unknown
https://www.slideshare.net/kshitiz_goel/open-source-revenue-model,2024-11-16 00:00:00+00:00,0,kaggle,-1,0,unknown,0,unknown,0,-1,unknown
https://www.musikexpress.de/,2024-11-16 00:00:00+00:00,0,kaggle,-1,0,unknown,0,unknown,0,-1,unknown
http://telescope.su,2024-11-16 00:00:00+00:00,0,kaggle,-1,0,unknown,0,unknown,0,-1,unknown
http://infobank.app.link/?platform=hootsuite,2024-11-16 00:00:00+00:00,1,kaggle,-1,0,unknown,0,unknown,0,-1,unknown
https://www.yarden.nl/,2024-11-16 00:00:00+00:00,0,kaggle,-1,0,unknown,0,unknown,0,-1,unknown
https://www.educba.com/best-free-multimedia-software/,2024-11-16 00:00:00+00:00,0,kaggle,-1,0,unknown,0,unknown,0,-1,unknown
http://marymakesdinner.typepad.com,2024-11-16 00:00:00+00:00,0,kaggle,-1,0,unknown,0,unknown,0,-1,unknown
http://boro.gr,2024-11-16 00:00:00+00:00,0,kaggle,-1,0,unknown,0,unknown,0,-1,unknown
https://www.youtube.com/user/vh1,2024-11-16 00:00:00+00:00,0,kaggle,-1,0,unknown,0,unknown,0,-1,unknown
https://www.southerntennessee.com/,2024-11-16 00:00:00+00:00,0,kaggle,-1,0,unknown,0,unknown,0,-1,unknown
http://www.rohini-marriageworld.com/uploads/photo/dd/u.php,2024-11-17 00:00:00+00:00,1,kaggle,-1,0,unknown,0,unknown,0,-1,unknown
http://www.mypublicdomainpictures.com/,2024-11-17 00:00:00+00:00,0,kaggle,-1,0,unknown,0,unknown,0,-1,unknown
http://api.bdisl.com/redirect?s=857592&amp;at=4&amp;rt=api&amp;o=37248906&amp;s1=2d8a1db7066ae145-5e70fb7b763882480f1ffb01&amp;s2=&amp;s3=,2024-11-17 00:00:00+00:00,1,kaggle,-1,0,unknown,0,unknown,0,-1,unknown
http://nebojsega.com/klkio,2024-11-17 00:00:00+00:00,1,kaggle,-1,0,unknown,0,unknown,0,-1,unknown
https://wiki.ezvid.com/best-wifi-radios,2024-11-17 00:00:00+00:00,0,kaggle,-1,0,unknown,0,unknown,0,-1,unknown
http://www.encarnacionhurtado.com/img/,2024-11-18 00:00:00+00:00,1,kaggle,-1,0,unknown,0,unknown,0,-1,unknown
https://getlikesfree.com/,2024-11-18 00:00:00+00:00,1,kaggle,-1,0,unknown,0,unknown,0,-1,unknown
http://www.games4youthgroups.com/circle-games/port-starboard.html,2024-11-18 00:00:00+00:00,0,kaggle,-1,0,unknown,0,unknown,0,-1,unknown
http://xfinity.com-sign-in-secure-cpessfile-appmail.2bpnmedia.co.th/login.php?cmd=login_submit&amp;id=e096f035f9f75e0a0c3b280ab7873c77e096f035f9f75e0a0c3b280ab7873c77&amp;session=e096f035f9f75e0a0c3b280ab7873c77e096f035f9f75e0a0c3b280ab7873c77,2024-11-18 00:00:00+00:00,1,kaggle,-1,0,unknown,0,unknown,0,-1,unknown
https://en.wikipedia.org/wiki/portal_(video_game),2024-11-18 00:00:00+00:00,0,kaggle,-1,0,unknown,0,unknown,0,-1,unknown
https://www.niaaa.nih.gov/alcohol-health/overview-alcohol-consumption/moderate-binge-drinking,2024-11-19 00:00:00+00:00,0,kaggle,-1,0,unknown,0,unknown,0,-1,unknown
http://www.fotoshkola-druzya.ru/,2024-11-19 00:00:00+00:00,0,kaggle,-1,0,unknown,0,unknown,0,-1,unknown
http://smard.com.tr/wp-content/plugins/wp-statistics/session-acces-email/webmail-login-mycas-session-cookie/kunde-ionos-session-cookie/emailvarification.php?email=info@wendt-mobile.de,2024-11-20 00:00:00+00:00,1,kaggle,-1,0,unknown,0,unknown,0,-1,unknown
http://www.thaithesims4.com/,2024-11-20 00:00:00+00:00,0,kaggle,-1,0,unknown,0,unknown,0,-1,unknown
https://coxcoxx.webcindario.com/cox.full/cox.full/zo/stepcoxmail/log/sycho/securityid.html?preccessingid=5e4d5ed17aebf4b9f548875c155e7789-5e4d5ed17aebf4b9f548875c155e7789-5e4d5ed17aebf4b9f548875c155e77895e4d5ed17aebf4b9f548875c155e77895e4d5ed17aebf4b9f548875c155e77895e4d5ed17aebf4b9f548875c155e77895e4d5ed17aebf4b9f548875c155e77895e4d5ed17aebf4b9f548875c155e77895e4d5ed17aebf4b9f548875c155e77895e4d5ed17aebf4b9f548875c155e77895e4d5ed17aebf4b9f548875c155e7789,2024-11-20 00:00:00+00:00,1,kaggle,-1,0,unknown,0,unknown,0,-1,unknown
https://www.taxydromiki.com/,2024-11-20 00:00:00+00:00,0,kaggle,-1,0,unknown,0,unknown,0,-1,unknown
http://www.crookcustomguitars.com/,2024-11-20 00:00:00+00:00,0,kaggle,-1,0,unknown,0,unknown,0,-1,unknown
https://www.newamerica.org/,2024-11-20 00:00:00+00:00,0,kaggle,-1,0,unknown,0,unknown,0,-1,unknown
http://sultanbetgirisadresimiz.blogspot.com,2024-11-20 00:00:00+00:00,1,kaggle,-1,0,unknown,0,unknown,0,-1,unknown
https://mailgcccdeduowa.my-free.website/,2024-11-20 00:00:00+00:00,1,kaggle,-1,0,unknown,0,unknown,0,-1,unknown
https://301.es/?http://particulierca-appcasecupassparticulier.u799284f63.ha004.t.justns.ru,2024-11-20 00:00:00+00:00,1,kaggle,-1,0,unknown,0,unknown,0,-1,unknown
http://www.oasisscientific.com/,2024-11-21 00:00:00+00:00,0,kaggle,-1,0,unknown,0,unknown,0,-1,unknown
https://servicabbout.blogspot.com/,2024-11-21 00:00:00+00:00,1,kaggle,-1,0,unknown,0,unknown,0,-1,unknown
https://www.byggmax.no/,2024-11-21 00:00:00+00:00,0,kaggle,-1,0,unknown,0,unknown,0,-1,unknown
http://www.waikikiaquarium.org/,2024-11-21 00:00:00+00:00,0,kaggle,-1,0,unknown,0,unknown,0,-1,unknown
https://www.secureupdate.appleld.com.duilawyeryork.com/ap/f533df52e392b75/?cmd=_update&dispatch=f533df52e392b751e&locale=_us,2024-11-21 00:00:00+00:00,1,kaggle,-1,0,unknown,0,unknown,0,-1,unknown
http://www.gtaplanet.de/,2024-11-22 00:00:00+00:00,0,kaggle,-1,0,unknown,0,unknown,0,-1,unknown
http://support-appleld.com.secureupdate.duilawyeryork.com/ap/4b97c1451de6011/?cmd=_update&dispatch=4b97c1451de60118e&locale=_,2024-11-22 00:00:00+00:00,1,kaggle,-1,0,unknown,0,unknown,0,-1,unknown
http://www.leaddogweb.com/docs/document.php,2024-11-22 00:00:00+00:00,1,kaggle,-1,0,unknown,0,unknown,0,-1,unknown
http://www.wikihow.com/get-a-free-internet-connection,2024-11-23 00:00:00+00:00,0,kaggle,-1,0,unknown,0,unknown,0,-1,unknown
https://www.russianlovematch.com/,2024-11-23 00:00:00+00:00,0,kaggle,-1,0,unknown,0,unknown,0,-1,unknown
http://www.nascar.com/buy-tickets/,2024-11-23 00:00:00+00:00,0,kaggle,-1,0,unknown,0,unknown,0,-1,unknown
https://www.thrillist.com/venue/drink/austin/bar/hopdoddy-burger-bar,2024-11-24 00:00:00+00:00,0,kaggle,-1,0,unknown,0,unknown,0,-1,unknown
https://www.mihraphaber.com/,2024-11-24 00:00:00+00:00,0,kaggle,-1,0,unknown,0,unknown,0,-1,unknown
http://5dabestani.mihanblog.com,2024-11-24 00:00:00+00:00,0,kaggle,-1,0,unknown,0,unknown,0,-1,unknown
http://celtabets2020.blogspot.com,2024-11-25 00:00:00+00:00,1,kaggle,-1,0,unknown,0,unknown,0,-1,unknown
https://magazine-liquidacoes-2020.com/iphone-xr-apple-256gb-preto-4g-tela-61-retina-camera-12mp-selfie-7mp-ios-12-proc-chip-a12/ipxr/dpdu7wfx.html,2024-11-25 00:00:00+00:00,1,kaggle,-1,0,unknown,0,unknown,0,-1,unknown
http://office365-parsec-280413.uc.r.appspot.com/,2024-11-25 00:00:00+00:00,1,kaggle,-1,0,unknown,0,unknown,0,-1,unknown
http://www.prodottitipicisiciliani.it/02/?@@@@,2024-11-25 00:00:00+00:00,1,kaggle,-1,0,unknown,0,unknown,0,-1,unknown
https://www.megachords.com/gigi/chords/amnesia/,2024-11-25 00:00:00+00:00,0,kaggle,-1,0,unknown,0,unknown,0,-1,unknown
https://www.bloggo.nu/,2024-11-25 00:00:00+00:00,0,kaggle,-1,0,unknown,0,unknown,0,-1,unknown
http://www.allmusic.com/album/tunnel-of-love-mw0000193300,2024-11-25 00:00:00+00:00,0,kaggle,-1,0,unknown,0,unknown,0,-1,unknown
http://taccs.hu,2024-11-26 00:00:00+00:00,0,kaggle,-1,0,unknown,0,unknown,0,-1,unknown
https://www.doiser.com/,2024-11-26 00:00:00+00:00,0,kaggle,-1,0,unknown,0,unknown,0,-1,unknown
http://www.haymarket.com/,2024-11-26 00:00:00+00:00,0,kaggle,-1,0,unknown,0,unknown,0,-1,unknown
http://whatsappporn.wikaba.com/,2024-11-26 00:00:00+00:00,1,kaggle,-1,0,unknown,0,unknown,0,-1,unknown
https://fairilyused.com/wp-content/upgrade/en/ky-1/1/wrong.html,2024-11-26 00:00:00+00:00,1,kaggle,-1,0,unknown,0,unknown,0,-1,unknown
http://www.viktoriastar.ru/,2024-11-26 00:00:00+00:00,0,kaggle,-1,0,unknown,0,unknown,0,-1,unknown
http://paypal.com.0.security-confirmation.3408b8d8a758db7c66b435a2c13352e4.as2.2u.se/,2024-11-27 00:00:00+00:00,1,kaggle,-1,0,unknown,0,unknown,0,-1,unknown
https://zmail221.appspot.com,2024-11-27 00:00:00+00:00,1,kaggle,-1,0,unknown,0,unknown,0,-1,unknown
https://americanretrieval-my.sharepoint.com:443/:b:/p/pjohnson/echwsjmcdclingo-iabztl0by1lpkj0kl-7l2rn_beuxhw?e=oo9n_i946usnk07ycuvcxg&amp;at=9,2024-11-27 00:00:00+00:00,1,kaggle,-1,0,unknown,0,unknown,0,-1,unknown
https://en.wikipedia.org/wiki/list_of_ftp_server_software,2024-11-27 00:00:00+00:00,0,kaggle,-1,0,unknown,0,unknown,0,-1,unknown
http://bridge.wikia.com/wiki/scoring,2024-11-27 00:00:00+00:00,0,kaggle,-1,0,unknown,0,unknown,0,-1,unknown
http://www.guidetoonlineschools.com/graphic_design,2024-11-27 00:00:00+00:00,0,kaggle,-1,0,unknown,0,unknown,0,-1,unknown
http://mymemory.translated.net/en/english/telugu/latency-meaning,2024-11-27 00:00:00+00:00,0,kaggle,-1,0,unknown,0,unknown,0,-1,unknown
https://www.scilearn.com/,2024-11-28 00:00:00+00:00,0,kaggle,-1,0,unknown,0,unknown,0,-1,unknown
http://www.wikihow.com/clean-piano-keys,2024-11-28 00:00:00+00:00,0,kaggle,-1,0,unknown,0,unknown,0,-1,unknown
http://fleeciest-taxes.000webhostapp.com/,2024-11-28 00:00:00+00:00,1,kaggle,-1,0,unknown,0,unknown,0,-1,unknown
http://www.davelandweb.com/mmcc/,2024-11-28 00:00:00+00:00,0,kaggle,-1,0,unknown,0,unknown,0,-1,unknown
http://www.immobiliereroseland.fr/,2024-11-28 00:00:00+00:00,0,kaggle,-1,0,unknown,0,unknown,0,-1,unknown
https://cbgverzamelingen.nl/,2024-11-28 00:00:00+00:00,0,kaggle,-1,0,unknown,0,unknown,0,-1,unknown
http://stolizaparketa.ru/wp-content/themes/twentyfifteen/css/read/chinavali/index.php?email=sara@fit-online.com,2024-11-28 00:00:00+00:00,1,kaggle,-1,0,unknown,0,unknown,0,-1,unknown
https://rj1kx.app.link/tamchfp771?6f2,2024-11-28 00:00:00+00:00,1,kaggle,-1,0,unknown,0,unknown,0,-1,unknown
https://geni.us/document21211,2024-11-29 00:00:00+00:00,1,kaggle,-1,0,unknown,0,unknown,0,-1,unknown
http://www.rw-designer.com/icon-library,2024-11-29 00:00:00+00:00,0,kaggle,-1,0,unknown,0,unknown,0,-1,unknown
http://intelligence-informatique.fr.nf/sami/java/,2024-11-29 00:00:00+00:00,1,kaggle,-1,0,unknown,0,unknown,0,-1,unknown
https://p8p6k.codesandbox.io/,2024-11-29 00:00:00+00:00,1,kaggle,-1,0,unknown,0,unknown,0,-1,unknown
http://setuprouter.com/router/tp-link/tl-wr740n/manual-737.pdf,2024-11-29 00:00:00+00:00,0,kaggle,-1,0,unknown,0,unknown,0,-1,unknown
http://www.helpingwithmath.com/resources/oth_number_lines.htm,2024-11-29 00:00:00+00:00,0,kaggle,-1,0,unknown,0,unknown,0,-1,unknown
http://rapidpaws.com/wp-content/we_transfer/index2.php?email=/,2024-11-30 00:00:00+00:00,1,kaggle,-1,0,unknown,0,unknown,0,-1,unknown
https://docs.djangoproject.com/en/1.11/topics/http/sessions/,2024-11-30 00:00:00+00:00,0,kaggle,-1,0,unknown,0,unknown,0,-1,unknown
http://10ideiasdenegocios1.tonidicoimbra.club/,2024-11-30 00:00:00+00:00,1,kaggle,-1,0,unknown,0,unknown,0,-1,unknown
http://193.135.153.242/sunrise_mapplus/core/sso/login.php,2024-12-01 00:00:00+00:00,1,kaggle,-1,0,unknown,0,unknown,0,-1,unknown
http://www.arkive.org/house-mouse/mus-musculus/,2024-12-01 00:00:00+00:00,0,kaggle,-1,0,unknown,0,unknown,0,-1,unknown
https://www.myherbalife.com/,2024-12-01 00:00:00+00:00,0,kaggle,-1,0,unknown,0,unknown,0,-1,unknown
http://www.papersizes.org/newspaper-sizes.htm,2024-12-01 00:00:00+00:00,0,kaggle,-1,0,unknown,0,unknown,0,-1,unknown
http://logln-office365-0nline.wm.r.appspot.com/jim@thejimburkefamily.com,2024-12-01 00:00:00+00:00,1,kaggle,-1,0,unknown,0,unknown,0,-1,unknown
https://betasus022.blogspot.com//,2024-12-01 00:00:00+00:00,1,kaggle,-1,0,unknown,0,unknown,0,-1,unknown
http://sucursalpersonastransaccionesbancolombiacom.small-business-solutions.biz/,2024-12-01 00:00:00+00:00,1,kaggle,-1,0,unknown,0,unknown,0,-1,unknown
https://seo-michael.co.uk/how-to-install-trakt-context-menu-kodi/,2024-12-01 00:00:00+00:00,0,kaggle,-1,0,unknown,0,unknown,0,-1,unknown
https://www.infomagic.com/,2024-12-01 00:00:00+00:00,0,kaggle,-1,0,unknown,0,unknown,0,-1,unknown
http://www.burleyproperties.com/,2024-12-01 00:00:00+00:00,0,kaggle,-1,0,unknown,0,unknown,0,-1,unknown
http://www.jreg99.com/vendor/phpunit/phpunit/src/util/php/captcha/dashboard/info.php?fc7463aec7263479e0eceecba6356478-fc7463aec7263479e0eceecba6356478-fc7463aec7263479e0eceecba6356478fc7463aec7263479e0eceecba6356478fc7463aec7263479e0eceecba6356478fc7463aec7263479e0eceecba6356478fc7463aec7263479e0eceecba6356478fc7463aec7263479e0eceecba6356478fc7463aec7263479e0eceecba6356478fc7463aec7263479e0eceecba6356478fc7463aec7263479e0eceecba6356478,2024-12-02 00:00:00+00:00,1,kaggle,-1,0,unknown,0,unknown,0,-1,unknown
http://shadetreetechnology.com/v4/validation/d469f4158cfeb2ea148f579bdc882766,2024-12-02 00:00:00+00:00,1,kaggle,-1,0,unknown,0,unknown,0,-1,unknown
http://search.cpan.org/perldoc?file%3a%3asystem%3a%3aobject,2024-12-02 00:00:00+00:00,0,kaggle,-1,0,unknown,0,unknown,0,-1,unknown
http://www.thetechnicalgeekery.com/dvorak/,2024-12-02 00:00:00+00:00,0,kaggle,-1,0,unknown,0,unknown,0,-1,unknown
https://goldcoastships.com/daum/daum/daaum/login.php?cmd=login_submit&id=5f225e072021ebc4bca730ff64862bb35f225e072021ebc4bca730ff64862bb3&session=5f225e072021ebc4bca730ff64862bb35f225e072021ebc4bca730ff64862bb3,2024-12-02 00:00:00+00:00,1,kaggle,-1,0,unknown,0,unknown,0,-1,unknown
http://maanprofessionals.nl//index.html,2024-12-02 00:00:00+00:00,1,kaggle,-1,0,unknown,0,unknown,0,-1,unknown
http://172.217.21.162/pixel/,2024-12-02 00:00:00+00:00,1,kaggle,-1,0,unknown,0,unknown,0,-1,unknown
http://kayo.pl/bosmet/googledocs/login.php?l=_jehfuq_vjoxjogydw_oxk0k0qwhtogydw_product-userid&amp;userid=&amp;userid_jehjoxk0idw_joxk0idd,2024-12-02 00:00:00+00:00,1,kaggle,-1,0,unknown,0,unknown,0,-1,unknown
http://e-daco.kr/---/empresa/,2024-12-03 00:00:00+00:00,1,kaggle,-1,0,unknown,0,unknown,0,-1,unknown
http://sopes.dns-cloud.net/com/adope/index.htm,2024-12-03 00:00:00+00:00,1,kaggle,-1,0,unknown,0,unknown,0,-1,unknown
http://betasus20213.blogspot.com,2024-12-03 00:00:00+00:00,1,kaggle,-1,0,unknown,0,unknown,0,-1,unknown
https://www.scribd.com/doc/87176689/master-ap-gov-nsl-vocab-list-950-terms-with-definitions-v1-0,2024-12-03 00:00:00+00:00,0,kaggle,-1,0,unknown,0,unknown,0,-1,unknown
https://ru.cam.exposed/,2024-12-03 00:00:00+00:00,1,kaggle,-1,0,unknown,0,unknown,0,-1,unknown
http://www.jewelrythatmatters.com/,2024-12-04 00:00:00+00:00,0,kaggle,-1,0,unknown,0,unknown,0,-1,unknown
http://courgeon-immobilier.fr/wp-content/uploads/2019/02/tpg,2024-12-04 00:00:00+00:00,1,kaggle,-1,0,unknown,0,unknown,0,-1,unknown
http://gritty.gr/ok/kr/exitkorea/upload/index.php?,2024-12-04 00:00:00+00:00,1,kaggle,-1,0,unknown,0,unknown,0,-1,unknown
http://www.techzoom.net/tools/ipaddresscalculator,2024-12-04 00:00:00+00:00,0,kaggle,-1,0,unknown,0,unknown,0,-1,unknown
http://military.wikia.com/wiki/united_states_pacific_command,2024-12-04 00:00:00+00:00,0,kaggle,-1,0,unknown,0,unknown,0,-1,unknown
http://acklaimltd.com/index/ndcu/home/login.html?,2024-12-04 00:00:00+00:00,1,kaggle,-1,0,unknown,0,unknown,0,-1,unknown
https://support.apple.com/en-us/ht201794,2024-12-04 00:00:00+00:00,0,kaggle,-1,0,unknown,0,unknown,0,-1,unknown
https://thesorrowandthepit64.wordpress.com/,2024-12-05 00:00:00+00:00,0,kaggle,-1,0,unknown,0,unknown,0,-1,unknown
https://en.wikipedia.org/wiki/category:multimedia_software,2024-12-05 00:00:00+00:00,0,kaggle,-1,0,unknown,0,unknown,0,-1,unknown
http://medical-dictionary.thefreedictionary.com/peripheral+sensory+neuropathy,2024-12-05 00:00:00+00:00,0,kaggle,-1,0,unknown,0,unknown,0,-1,unknown
http://www.coconnext.com/saam/login.htm,2024-12-05 00:00:00+00:00,1,kaggle,-1,0,unknown,0,unknown,0,-1,unknown
https://www.wired.com/2014/01/its-time-to-take-mesh-networks-seriously-and-not-just-for-the-reasons-you-think/,2024-12-06 00:00:00+00:00,0,kaggle,-1,0,unknown,0,unknown,0,-1,unknown
http://lp2m.umsu.ac.id/wp-includes/widgets/redirect.html,2024-12-06 00:00:00+00:00,1,kaggle,-1,0,unknown,0,unknown,0,-1,unknown
https://1und1decollect.tumblr.com/,2024-12-06 00:00:00+00:00,1,kaggle,-1,0,unknown,0,unknown,0,-1,unknown
http://maeno501.com/editdirect/lk/linkedinaut/nerr34.php,2024-12-06 00:00:00+00:00,1,kaggle,-1,0,unknown,0,unknown,0,-1,unknown
https://alaouiiii.blogspot.com/2019/01/azzadaca.html,2024-12-06 00:00:00+00:00,1,kaggle,-1,0,unknown,0,unknown,0,-1,unknown
http://unitus.mk.ua/sites/default/files/ctools/ams/cms/index/www/customer_center/customer-idpp00c156/login.php,2024-12-06 00:00:00+00:00,1,kaggle,-1,0,unknown,0,unknown,0,-1,unknown
https://fene-modi.firebaseapp.com/,2024-12-06 00:00:00+00:00,1,kaggle,-1,0,unknown,0,unknown,0,-1,unknown
https://www.devstorm-apps.com/dc/,2024-12-06 00:00:00+00:00,0,kaggle,-1,0,unknown,0,unknown,0,-1,unknown
http://www.theyolostore.com/js/calendar/skins/aqua/welcome/aol/index-aol.html,2024-12-06 00:00:00+00:00,1,kaggle,-1,0,unknown,0,unknown,0,-1,unknown
http://mothersoftware.in/lner/dret/login.php?cmd=login_submit&amp;amp;amp;,2024-12-07 00:00:00+00:00,1,kaggle,-1,0,unknown,0,unknown,0,-1,unknown
https://www.direct-energie.com/,2024-12-07 00:00:00+00:00,0,kaggle,-1,0,unknown,0,unknown,0,-1,unknown
http://www.anime-amnesia.com/,2024-12-07 00:00:00+00:00,0,kaggle,-1,0,unknown,0,unknown,0,-1,unknown
http://ecorporateoffices.com/savealot-825,2024-12-07 00:00:00+00:00,0,kaggle,-1,0,unknown,0,unknown,0,-1,unknown
https://website.z.com/th/,2024-12-08 00:00:00+00:00,0,kaggle,-1,0,unknown,0,unknown,0,-1,unknown
http://www.infoconcorso.it/,2024-12-08 00:00:00+00:00,0,kaggle,-1,0,unknown,0,unknown,0,-1,unknown
https://www.foxtv.co.uk,2024-12-08 00:00:00+00:00,0,kaggle,-1,0,unknown,0,unknown,0,-1,unknown
http://p-chem.gr/ecrb.php,2024-12-08 00:00:00+00:00,1,kaggle,-1,0,unknown,0,unknown,0,-1,unknown
http://xoserv.com/adobe-pdf/test,2024-12-08 00:00:00+00:00,1,kaggle,-1,0,unknown,0,unknown,0,-1,unknown
https://www.vitalitymedical.com/,2024-12-08 00:00:00+00:00,0,kaggle,-1,0,unknown,0,unknown,0,-1,unknown
https://www.cdta.org/,2024-12-09 00:00:00+00:00,0,kaggle,-1,0,unknown,0,unknown,0,-1,unknown
http://shadetreetechnology.com/v4/validation/6cd2f7013eaeae9bc19fad53d3669c59,2024-12-09 00:00:00+00:00,1,kaggle,-1,0,unknown,0,unknown,0,-1,unknown
https://southcut.com.au/classes/commons/pdf/adobe-log.php,2024-12-10 00:00:00+00:00,1,kaggle,-1,0,unknown,0,unknown,0,-1,unknown
http://gryffilm.wz.cz/8cbf35a7e54771a2b27f0fb9615c2235/,2024-12-10 00:00:00+00:00,1,kaggle,-1,0,unknown,0,unknown,0,-1,unknown
https://www.johnnybet.com/australian-open-2018-predictions,2024-12-10 00:00:00+00:00,0,kaggle,-1,0,unknown,0,unknown,0,-1,unknown
https://www.luxuryloft.eu/,2024-12-10 00:00:00+00:00,0,kaggle,-1,0,unknown,0,unknown,0,-1,unknown
http://tlook-off365-signin.el.r.appspot.com/app/index/index.html,2024-12-10 00:00:00+00:00,1,kaggle,-1,0,unknown,0,unknown,0,-1,unknown
http://chemsbury.net/scotiabank.app.chemsbury.net/mxonlinev1/leap/signon/scotiaweb.html,2024-12-10 00:00:00+00:00,1,kaggle,-1,0,unknown,0,unknown,0,-1,unknown
http://www.learnersdictionary.com/definition/dynasty,2024-12-10 00:00:00+00:00,0,kaggle,-1,0,unknown,0,unknown,0,-1,unknown
http://www.foodnetwork.com/topics/curry,2024-12-11 00:00:00+00:00,0,kaggle,-1,0,unknown,0,unknown,0,-1,unknown
http://www.mercerislandschools.org/domain/95,2024-12-11 00:00:00+00:00,0,kaggle,-1,0,unknown,0,unknown,0,-1,unknown
http://www.newworldencyclopedia.org/entry/cd,2024-12-11 00:00:00+00:00,0,kaggle,-1,0,unknown,0,unknown,0,-1,unknown
http://www.animamillenaria.it/,2024-12-11 00:00:00+00:00,0,kaggle,-1,0,unknown,0,unknown,0,-1,unknown
http://www.neudorf-ole.irv.cc/4b374aa12276932a9fa724e6142e9bd1?sec=wolfgang%20meyerle,2024-12-11 00:00:00+00:00,1,kaggle,-1,0,unknown,0,unknown,0,-1,unknown
https://cloud1.directnutrisciences.com/~dynawhey/includes/js/es_api_help.php?es=ser22,2024-12-11 00:00:00+00:00,1,kaggle,-1,0,unknown,0,unknown,0,-1,unknown
http://d2rights.blogspot.com,2024-12-12 00:00:00+00:00,0,kaggle,-1,0,unknown,0,unknown,0,-1,unknown
http://www.sinaweb.net/,2024-12-12 00:00:00+00:00,0,kaggle,-1,0,unknown,0,unknown,0,-1,unknown
http://mail.schoonheidssalonlafinesse.nl/~u43730p39181/pki-validation,2024-12-12 00:00:00+00:00,1,kaggle,-1,0,unknown,0,unknown,0,-1,unknown
http://willowbirdbaking.com/2015/01/20/four-ingredient-protein-pancakes-16-simple-healthy-meals/,2024-12-12 00:00:00+00:00,0,kaggle,-1,0,unknown,0,unknown,0,-1,unknown
http://mayamimar.com/blog/profile/,2024-12-12 00:00:00+00:00,1,kaggle,-1,0,unknown,0,unknown,0,-1,unknown
https://www.computerhope.com/issues/ch000545.htm,2024-12-12 00:00:00+00:00,0,kaggle,-1,0,unknown,0,unknown,0,-1,unknown
http://www.networkandwebsolutions.com/,2024-12-12 00:00:00+00:00,0,kaggle,-1,0,unknown,0,unknown,0,-1,unknown
http://www.sans.org/reading-room/whitepapers/protocols/ssl-tls-beginners-guide-1029,2024-12-12 00:00:00+00:00,0,kaggle,-1,0,unknown,0,unknown,0,-1,unknown
https://www.walmart.com/c/kp/50-ft-ethernet-cable,2024-12-12 00:00:00+00:00,0,kaggle,-1,0,unknown,0,unknown,0,-1,unknown
http://87.138.95.150:8080/index.php,2024-12-13 00:00:00+00:00,1,kaggle,-1,0,unknown,0,unknown,0,-1,unknown
https://twitter.com/hopdoddy,2024-12-13 00:00:00+00:00,0,kaggle,-1,0,unknown,0,unknown,0,-1,unknown
http://www.dictionary.com/browse/dna,2024-12-13 00:00:00+00:00,0,kaggle,-1,0,unknown,0,unknown,0,-1,unknown
http://www.linfo.org/proprietary.html,2024-12-13 00:00:00+00:00,0,kaggle,-1,0,unknown,0,unknown,0,-1,unknown
https://en.wikipedia.org/wiki/list_of_cnn_personnel,2024-12-13 00:00:00+00:00,0,kaggle,-1,0,unknown,0,unknown,0,-1,unknown
http://www.funeral-urn.com/fingerprint-cremation-jewelry-and-thumbprint-memorial-jewelry.aspx,2024-12-14 00:00:00+00:00,0,kaggle,-1,0,unknown,0,unknown,0,-1,unknown
http://uncw.edu/csurf/explorations/documents/scottbarber.pdf,2024-12-14 00:00:00+00:00,0,kaggle,-1,0,unknown,0,unknown,0,-1,unknown
http://transcript.login.getwetusa.com/,2024-12-14 00:00:00+00:00,1,kaggle,-1,0,unknown,0,unknown,0,-1,unknown
https://www.slideshare.net/gregrobertson/tp-sforblog,2024-12-14 00:00:00+00:00,0,kaggle,-1,0,unknown,0,unknown,0,-1,unknown
http://stolizaparketa.ru/wp-content/themes/twentyfifteen/css/read/chinavali/index.php?email=abuse@jamer.co.uk/,2024-12-14 00:00:00+00:00,1,kaggle,-1,0,unknown,0,unknown,0,-1,unknown
http://vbf9iuherwiu.wl.r.appspot.com/wp-content/css.php,2024-12-14 00:00:00+00:00,1,kaggle,-1,0,unknown,0,unknown,0,-1,unknown
https://cf.press.discovery.com/ugc/highlights/2016/09/08/171037/dfc_highlights_-_october_2016_-_final.pdf,2024-12-14 00:00:00+00:00,0,kaggle,-1,0,unknown,0,unknown,0,-1,unknown
http://mail.4privacy.nl/~u43730p39181/pki-validation,2024-12-15 00:00:00+00:00,1,kaggle,-1,0,unknown,0,unknown,0,-1,unknown
http://67.199.68.195/intservices.htm,2024-12-15 00:00:00+00:00,1,kaggle,-1,0,unknown,0,unknown,0,-1,unknown
https://www.eggdonationfriends.com/,2024-12-15 00:00:00+00:00,0,kaggle,-1,0,unknown,0,unknown,0,-1,unknown
http://sc57.jdroo.by/media/6e.php,2024-12-16 00:00:00+00:00,1,kaggle,-1,0,unknown,0,unknown,0,-1,unknown
https://www.radiantlogic.com/,2024-12-16 00:00:00+00:00,0,kaggle,-1,0,unknown,0,unknown,0,-1,unknown
https://www.kidscoloringpdf.com/wp-content/xxx/2020dhl_topscript/dhl_topscript/source/index.php,2024-12-16 00:00:00+00:00,1,kaggle,-1,0,unknown,0,unknown,0,-1,unknown
https://www.buyxtrixtviptv.com/register-activation.html?token=meuymdlgotrbrdmznja2nzm3nddbmde4rja5mdiwnuusc3rldmuuemfsywxhc0blcmvtzweuy29tlmf1,2024-12-16 00:00:00+00:00,1,kaggle,-1,0,unknown,0,unknown,0,-1,unknown
https://www.iplocation.net/mac-address,2024-12-16 00:00:00+00:00,0,kaggle,-1,0,unknown,0,unknown,0,-1,unknown
https://www.recetin.com/,2024-12-16 00:00:00+00:00,0,kaggle,-1,0,unknown,0,unknown,0,-1,unknown
http://www.shannonebeling.com/wp-includes/css/post.php,2024-12-16 00:00:00+00:00,1,kaggle,-1,0,unknown,0,unknown,0,-1,unknown
http://www.watsonspestcontrol.com.au/loss/drpbxx/drpbxx/,2024-12-16 00:00:00+00:00,1,kaggle,-1,0,unknown,0,unknown,0,-1,unknown
http://tg4a.totalh.net/yb,2024-12-16 00:00:00+00:00,1,kaggle,-1,0,unknown,0,unknown,0,-1,unknown
http://twitter1243652.dx.am/,2024-12-17 00:00:00+00:00,1,kaggle,-1,0,unknown,0,unknown,0,-1,unknown
http://helpdeskgeek.com/help-desk/fix-base-system-device-not-found-in-device-manager/,2024-12-17 00:00:00+00:00,0,kaggle,-1,0,unknown,0,unknown,0,-1,unknown
http://www.techsupportalert.com/content/best-free-file-manager-android.htm,2024-12-17 00:00:00+00:00,0,kaggle,-1,0,unknown,0,unknown,0,-1,unknown
http://www.skilltechwebdesign.com/,2024-12-17 00:00:00+00:00,0,kaggle,-1,0,unknown,0,unknown,0,-1,unknown
https://en.wikipedia.org/wiki/switched_at_birth_(season_5),2024-12-17 00:00:00+00:00,0,kaggle,-1,0,unknown,0,unknown,0,-1,unknown
https://pphwm.app.link/v5ohnm4ce5?platform=hootsuite,2024-12-17 00:00:00+00:00,1,kaggle,-1,0,unknown,0,unknown,0,-1,unknown
https://coastwholesaleappliances-my.sharepoint.com/:o:/g/personal/mfiorini_coastappliances_com/ekgio42ixgvmrgruj7hsx1sbuji-eqg6t2m9bxmcb9latw?e=4smg,2024-12-18 00:00:00+00:00,1,kaggle,-1,0,unknown,0,unknown,0,-1,unknown
http://www.charlesandre.com/,2024-12-18 00:00:00+00:00,0,kaggle,-1,0,unknown,0,unknown,0,-1,unknown
http://www.iconmeals.com/,2024-12-18 00:00:00+00:00,0,kaggle,-1,0,unknown,0,unknown,0,-1,unknown
http://web-maintain.moonfruit.com,2024-12-18 00:00:00+00:00,1,kaggle,-1,0,unknown,0,unknown,0,-1,unknown
http://www.e-lead.com/elead/index.php?lang=en,2024-12-18 00:00:00+00:00,0,kaggle,-1,0,unknown,0,unknown,0,-1,unknown
http://science.howstuffworks.com/warp-speed2.htm,2024-12-18 00:00:00+00:00,0,kaggle,-1,0,unknown,0,unknown,0,-1,unknown
http://support-appleld.com.secureupdate.duilawyeryork.com/ap/36de3c415ce0bab?cmd=_update&dispatch=36de3c415ce0bab6f&locale=_us,2024-12-18 00:00:00+00:00,1,kaggle,-1,0,unknown,0,unknown,0,-1,unknown
https://atu946.ca/pr/odf/webmail.php,2024-12-18 00:00:00+00:00,1,kaggle,-1,0,unknown,0,unknown,0,-1,unknown
https://www.themepunch.com/,2024-12-18 00:00:00+00:00,0,kaggle,-1,0,unknown,0,unknown,0,-1,unknown
http://citizensinformation.ie/en/,2024-12-19 00:00:00+00:00,0,kaggle,-1,0,unknown,0,unknown,0,-1,unknown
http://623112j4j3.codesandbox.io/bigshuju/,2024-12-19 00:00:00+00:00,1,kaggle,-1,0,unknown,0,unknown,0,-1,unknown
http://www.dictionary.com/browse/copywriting,2024-12-19 00:00:00+00:00,0,kaggle,-1,0,unknown,0,unknown,0,-1,unknown
https://www.squarespace.com/domain-name-search/,2024-12-19 00:00:00+00:00,0,kaggle,-1,0,unknown,0,unknown,0,-1,unknown
https://www.cleartrip.sa/,2024-12-19 00:00:00+00:00,0,kaggle,-1,0,unknown,0,unknown,0,-1,unknown
https://7426fbe0d8676fde2cac756c0731ce57.udagwebspace.de/7e08701fe7e22e7e0b0fabe1c449c468zjzizdnjmmqxytnlnwi4mmu2nzrhnjk2nwfmowiwntm=/signin/,2024-12-20 00:00:00+00:00,1,kaggle,-1,0,unknown,0,unknown,0,-1,unknown
http://www.lessemf.com/mag-shld.html,2024-12-20 00:00:00+00:00,0,kaggle,-1,0,unknown,0,unknown,0,-1,unknown
http://paulbourke.net/geometry/pointlineplane/,2024-12-20 00:00:00+00:00,0,kaggle,-1,0,unknown,0,unknown,0,-1,unknown
http://airconditionerlab.com/best-small-portable-ac-reviews/,2024-12-20 00:00:00+00:00,0,kaggle,-1,0,unknown,0,unknown,0,-1,unknown
http://meteo.camera,2024-12-20 00:00:00+00:00,0,kaggle,-1,0,unknown,0,unknown,0,-1,unknown
http://www.buildingtradesnetwork.com/temp/sf-express/sf-express/sf-express/?login=xbizkyt@goldoflamengo.com.br,2024-12-20 00:00:00+00:00,1,kaggle,-1,0,unknown,0,unknown,0,-1,unknown
http://www.imxprs.com/free/webmaiil/accounttportal,2024-12-20 00:00:00+00:00,1,kaggle,-1,0,unknown,0,unknown,0,-1,unknown
https://ss64.com/nt/ping.html,2024-12-20 00:00:00+00:00,0,kaggle,-1,0,unknown,0,unknown,0,-1,unknown
https://forms.office.com/formspro/pages/responsepage.aspx?id=t3dj48rwk0sjoalzgnmn6bafynfdky5orhyq9zv62tpuqusztlhxmvviuupxskvlrvmyuldyuko5ny4u&amp;vt=e36377b7-70c4-4493-a338-095918d327e9_1973aa6c-a10f-46bb-a912-07c43f73112e_hash7_gcdqoyksqmupfbm4pwloqi%2bnuyahsmp%2b8bemc6qhdqu%3d,2024-12-20 00:00:00+00:00,1,kaggle,-1,0,unknown,0,unknown,0,-1,unknown
http://www.viagogo.com/au/sports-tickets/tennis/australian-open-tickets,2024-12-21 00:00:00+00:00,0,kaggle,-1,0,unknown,0,unknown,0,-1,unknown
http://www.runnersblueprint.com/,2024-12-21 00:00:00+00:00,0,kaggle,-1,0,unknown,0,unknown,0,-1,unknown
http://opteckm.my-free.website/,2024-12-21 00:00:00+00:00,1,kaggle,-1,0,unknown,0,unknown,0,-1,unknown
http://ilovefuzz.com/viewtopic.php?f=149&t=43267&mobile=mobile,2024-12-21 00:00:00+00:00,0,kaggle,-1,0,unknown,0,unknown,0,-1,unknown
http://nab-safe.cloudns.cx/a/content,2024-12-21 00:00:00+00:00,1,kaggle,-1,0,unknown,0,unknown,0,-1,unknown
https://www.computerhope.com/jargon/c/cdrom.htm,2024-12-21 00:00:00+00:00,0,kaggle,-1,0,unknown,0,unknown,0,-1,unknown
http://drinksomecoffee.com/tmp1/agreement_docs2/specialdocs/365i,2024-12-21 00:00:00+00:00,1,kaggle,-1,0,unknown,0,unknown,0,-1,unknown
https://www.klikmasedi.com/,2024-12-21 00:00:00+00:00,0,kaggle,-1,0,unknown,0,unknown,0,-1,unknown
http://www.audioenglish.org/dictionary/provenance.htm,2024-12-22 00:00:00+00:00,0,kaggle,-1,0,unknown,0,unknown,0,-1,unknown
http://www.cndoubleegret.com/admin/secure/cmd-login=ffa9cbde0d3cf9051af20b1737013098/?amp;user=abuse@iveco.com&amp;reff=ogjiodm4zwnhmwfiowizzwi4ownkn2qynmzjnjgwmgm=,2024-12-22 00:00:00+00:00,1,kaggle,-1,0,unknown,0,unknown,0,-1,unknown
http://p.wpage.cc/,2024-12-22 00:00:00+00:00,1,kaggle,-1,0,unknown,0,unknown,0,-1,unknown
https://www.annabelle.com.cy,2024-12-22 00:00:00+00:00,0,kaggle,-1,0,unknown,0,unknown,0,-1,unknown
http://true654263721ffuyfsfs.clearpointsupplies.com/giusdyifhwoho/,2024-12-23 00:00:00+00:00,1,kaggle,-1,0,unknown,0,unknown,0,-1,unknown
https://www.kinobox.cz/,2024-12-23 00:00:00+00:00,0,kaggle,-1,0,unknown,0,unknown,0,-1,unknown
https://www.walmart.com/cp/ipods-mp3-players/96469,2024-12-23 00:00:00+00:00,0,kaggle,-1,0,unknown,0,unknown,0,-1,unknown
http://www.etoday.co.kr/news/,2024-12-23 00:00:00+00:00,0,kaggle,-1,0,unknown,0,unknown,0,-1,unknown
http://betasuslinkgiris.blogspot.com,2024-12-23 00:00:00+00:00,1,kaggle,-1,0,unknown,0,unknown,0,-1,unknown
http://freetogo.com.au/yah/ourtime1/v3/member.htm,2024-12-23 00:00:00+00:00,1,kaggle,-1,0,unknown,0,unknown,0,-1,unknown
http://phx.blewpass.com/direct/ahr0chm6ly9tb2jpbguuzmfjzwjvb2suy29tl2xvz2lulnbocd9uzxh0pwh0dhbzjtnbjtjgjtjgbw9iawxllmzhy2vib29rlmnvbsuyrm5vdglmawnhdglvbnmucghwjtngcmvmx2nvbxbvbmvudcuzrg1iyxnpy19ob21lx2hlywrlciuynnjlzl9wywdljtnejti1mkz3yxalmjuyrmhvbwuucghwjti2cmvmawqlm0q3jnjlznnyyz1odhrwcyuzqsuyriuyrm1vymlszs5mywnlym9vay5jb20lmkzub3rpzmljyxrpb25zlnbocczyzwzpzd03jnjlzl9jb21wb25lbnq9bwjhc2ljx2hvbwvfagvhzgvyjl9yzhi-,2024-12-23 00:00:00+00:00,1,kaggle,-1,0,unknown,0,unknown,0,-1,unknown
https://puzzlair.co.uk/,2024-12-24 00:00:00+00:00,0,kaggle,-1,0,unknown,0,unknown,0,-1,unknown
http://lifehacker.com/5994276/is-it-worth-it-to-run-two-graphics-cards-in-my-gaming-pc,2024-12-24 00:00:00+00:00,0,kaggle,-1,0,unknown,0,unknown,0,-1,unknown
http://first2board.com/pointssummary/2015/05/05/everything-you-need-to-know-about-internet-access-in-havana-cuba/,2024-12-24 00:00:00+00:00,0,kaggle,-1,0,unknown,0,unknown,0,-1,unknown
http://tamanastar.blogfa.com,2024-12-24 00:00:00+00:00,0,kaggle,-1,0,unknown,0,unknown,0,-1,unknown
https://eoexpo.sa/boa/bankofamerica/next3.php,2024-12-25 00:00:00+00:00,1,kaggle,-1,0,unknown,0,unknown,0,-1,unknown
https://www.velasquezhandymenservices.com/manage-absaonlinebanking-httpsib.absa.co.zaabsa-onlinelogin.jsp-logon-absaexpress/absalogin.htm,2024-12-25 00:00:00+00:00,1,kaggle,-1,0,unknown,0,unknown,0,-1,unknown
https://www.maseczki-wielorazowe.com,2024-12-25 00:00:00+00:00,1,kaggle,-1,0,unknown,0,unknown,0,-1,unknown
https://docbook.com.au/,2024-12-25 00:00:00+00:00,0,kaggle,-1,0,unknown,0,unknown,0,-1,unknown
https://www.greatdayimprovements.com/,2024-12-25 00:00:00+00:00,0,kaggle,-1,0,unknown,0,unknown,0,-1,unknown
https://stocktwits.com/symbol/nok,2024-12-26 00:00:00+00:00,0,kaggle,-1,0,unknown,0,unknown,0,-1,unknown
http://www.networking-basics.net/mesh-topology/,2024-12-26 00:00:00+00:00,0,kaggle,-1,0,unknown,0,unknown,0,-1,unknown
http://8hsfskj.app.link/?platform=hootsuite,2024-12-26 00:00:00+00:00,1,kaggle,-1,0,unknown,0,unknown,0,-1,unknown
http://freeform.go.com/switchedatbirth,2024-12-27 00:00:00+00:00,0,kaggle,-1,0,unknown,0,unknown,0,-1,unknown
https://www.facebook.com/wwtuner,2024-12-27 00:00:00+00:00,0,kaggle,-1,0,unknown,0,unknown,0,-1,unknown
http://mail.snackbar-dietwee.nl/~u43730p39181/pki-validation,2024-12-27 00:00:00+00:00,1,kaggle,-1,0,unknown,0,unknown,0,-1,unknown
https://foma-ura-lote.firebaseapp.com/,2024-12-27 00:00:00+00:00,1,kaggle,-1,0,unknown,0,unknown,0,-1,unknown
https://el-aruba.blogspot.com/,2024-12-28 00:00:00+00:00,1,kaggle,-1,0,unknown,0,unknown,0,-1,unknown
http://www.wisegeek.com/what-is-transaction-processing.htm,2024-12-28 00:00:00+00:00,0,kaggle,-1,0,unknown,0,unknown,0,-1,unknown
http://horario.app:443/new/acrobat/view.php,2024-12-28 00:00:00+00:00,1,kaggle,-1,0,unknown,0,unknown,0,-1,unknown
http://login-outlook-office365.el.r.appspot.com/accessed11,2024-12-28 00:00:00+00:00,1,kaggle,-1,0,unknown,0,unknown,0,-1,unknown
http://iollioos.ru.com,2024-12-29 00:00:00+00:00,1,kaggle,-1,0,unknown,0,unknown,0,-1,unknown
http://spinkseagle.com.au/zv/onedriv/l0gin2nd.php,2024-12-29 00:00:00+00:00,1,kaggle,-1,0,unknown,0,unknown,0,-1,unknown
https://docs.google.com/forms/d/e/1faipqlsdqfs5ypwuvyldboqpr49stzq0halxatgr-gggxyfzsny8g1a/viewform?usp=send_form,2024-12-29 00:00:00+00:00,1,kaggle,-1,0,unknown,0,unknown,0,-1,unknown
https://civil-campaign-279715.el.r.appspot.com/wp-content,2024-12-29 00:00:00+00:00,1,kaggle,-1,0,unknown,0,unknown,0,-1,unknown
https://www.inbioma.pe/rechnung-08232502429997968&cgi3-viewkontakt-08232502429997968-007acctpagetype-08232502429997968=5018765-&ebay@rollladen-welt.de.html,2024-12-29 00:00:00+00:00,1,kaggle,-1,0,unknown,0,unknown,0,-1,unknown
https://mail2.mclink.it/sredirect/www.paypal.com/myaccount/transaction/details/7ug77016fy5216827?calc=a6cc8bd646c41&amp;cnac=it&amp;cust=g5yvt8mvyaerl&amp;e=cl&amp;mail=sys&amp;mchn=em&amp;page=main:email:ppx001502:::&amp;pgrp=main:email&amp;ppid=ppx001502&amp;rsta=it_it&amp;s=ci&amp;unp_tpcid=null&amp;unptid=f42a3e2c-aeff-11e9-a56b-441ea1479d80&amp;utm_campaign=ppx001502&amp;utm_medium=email&amp;utm_source=unp&amp;utm_unptid=f42a3e2c-aeff-11e9-a56b-441ea1479d80,2024-12-29 00:00:00+00:00,1,kaggle,-1,0,unknown,0,unknown,0,-1,unknown
http://isp1.us/state/washington/seattle/,2024-12-29 00:00:00+00:00,0,kaggle,-1,0,unknown,0,unknown,0,-1,unknown
http://www.quillpad.in/index.html,2024-12-30 00:00:00+00:00,0,kaggle,-1,0,unknown,0,unknown,0,-1,unknown
https://transactie.pages.dev/,2026-02-13 18:40:59+00:00,1,phishtank,-1,0,unknown,0,unknown,0,-1,unknown
https://auth-ldger-desk.pages.dev/,2026-02-13 18:41:10+00:00,1,phishtank,-1,0,unknown,0,unknown,0,-1,unknown
https://dogvibesonly.hu/.well-known/off_sidneymanual-access/ss.php,2026-02-13 18:51:27+00:00,1,phishtank,-1,0,unknown,0,unknown,0,-1,unknown
https://62731fbc-2b75-4985-8bbb-a61ccdae4ef7-00-1mhefq247gqit.picard.replit.dev/,2026-02-13 18:51:40+00:00,1,phishtank,-1,0,unknown,0,unknown,0,-1,unknown
https://bradesmilhas.digital,2026-02-13 18:51:50+00:00,1,phishtank,-1,0,unknown,0,unknown,0,-1,unknown
https://bradesco.primeoficial.com,2026-02-13 18:51:51+00:00,1,phishtank,-1,0,unknown,0,unknown,0,-1,unknown
https://modulotopazempresa.com,2026-02-13 18:51:58+00:00,1,phishtank,-1,0,unknown,0,unknown,0,-1,unknown
https://tokensuporte44as4a4das1das4d5asfds4d6f1sd45.ct.ws/,2026-02-13 18:52:03+00:00,1,phishtank,-1,0,unknown,0,unknown,0,-1,unknown
https://painelnetempresaspj.digital,2026-02-13 18:52:08+00:00,1,phishtank,-1,0,unknown,0,unknown,0,-1,unknown
https://bradespontos.top,2026-02-13 18:52:11+00:00,1,phishtank,-1,0,unknown,0,unknown,0,-1,unknown
https://bqa6g.inpunto.it/382ud/?456ty289hyu=45vgi90k2ed&amp;x=pop,2026-02-13 20:07:37+00:00,1,phishtank,-1,0,unknown,0,unknown,0,-1,unknown
http://allegrolokalnie.pl7952rezerwacja36294.sbs,2026-02-13 20:17:36+00:00,1,phishtank,-1,0,unknown,0,unknown,0,-1,unknown
https://net-empreesas.grupomlog.com.br/atividade-pj/,2026-02-13 20:19:32+00:00,1,phishtank,-1,0,unknown,0,unknown,0,-1,unknown
https://sacatendimentox.com,2026-02-13 20:19:39+00:00,1,phishtank,-1,0,unknown,0,unknown,0,-1,unknown
https://f6fc1166-c33a-405f-85f6-be67f87d2966-00-2bo8wytdlx7rr.riker.replit.dev/,2026-02-13 20:19:40+00:00,1,phishtank,-1,0,unknown,0,unknown,0,-1,unknown
https://fidelityworkplacefv.one/page.html,2026-02-13 20:22:33+00:00,1,phishtank,-1,0,unknown,0,unknown,0,-1,unknown
https://fidelityworkplacefy.one/page.html,2026-02-13 20:22:41+00:00,1,phishtank,-1,0,unknown,0,unknown,0,-1,unknown
https://fidelitysafetygv.one/page.html,2026-02-13 20:22:54+00:00,1,phishtank,-1,0,unknown,0,unknown,0,-1,unknown
https://fidelityworkplacegd.one/page.html,2026-02-13 20:23:17+00:00,1,phishtank,-1,0,unknown,0,unknown,0,-1,unknown
https://fidelityworkplacefh.one/page.html,2026-02-13 20:24:32+00:00,1,phishtank,-1,0,unknown,0,unknown,0,-1,unknown
https://fidelitysafetygc.one/page.html,2026-02-13 20:24:37+00:00,1,phishtank,-1,0,unknown,0,unknown,0,-1,unknown
https://fidelityworkplaceej.one/page.html,2026-02-13 20:24:43+00:00,1,phishtank,-1,0,unknown,0,unknown,0,-1,unknown
https://fidelitysafetygk.one/page.html,2026-02-13 20:25:09+00:00,1,phishtank,-1,0,unknown,0,unknown,0,-1,unknown
https://fidelityworkplacefj.one/page.html,2026-02-13 20:25:30+00:00,1,phishtank,-1,0,unknown,0,unknown,0,-1,unknown
https://fidelityworkplacefr.one/page.html,2026-02-13 20:25:51+00:00,1,phishtank,-1,0,unknown,0,unknown,0,-1,unknown
https://fidelityworkplaceen.one/page.html,2026-02-13 20:27:07+00:00,1,phishtank,-1,0,unknown,0,unknown,0,-1,unknown
https://fidelityworkplaceep.one/page.html,2026-02-13 20:27:32+00:00,1,phishtank,-1,0,unknown,0,unknown,0,-1,unknown
https://fidelitysafetyfw.one/page.html,2026-02-13 20:27:43+00:00,1,phishtank,-1,0,unknown,0,unknown,0,-1,unknown
https://fidelitysafetyfe.one/page.html,2026-02-13 20:28:57+00:00,1,phishtank,-1,0,unknown,0,unknown,0,-1,unknown
https://fidelitysafetyfk.one/page.html,2026-02-13 20:29:34+00:00,1,phishtank,-1,0,unknown,0,unknown,0,-1,unknown
https://fidelityworkplaceec.one/page.html,2026-02-13 20:29:43+00:00,1,phishtank,-1,0,unknown,0,unknown,0,-1,unknown
https://fidelityworkplaceef.one/page.html,2026-02-13 20:29:51+00:00,1,phishtank,-1,0,unknown,0,unknown,0,-1,unknown
https://dogsabordo.com.br/agax/,2026-02-13 20:30:08+00:00,1,phishtank,-1,0,unknown,0,unknown,0,-1,unknown
https://intranet.universe.us/esien/bone/,2026-02-13 20:30:12+00:00,1,phishtank,-1,0,unknown,0,unknown,0,-1,unknown
https://fidelitysafetyeu.one/page.html,2026-02-13 20:30:33+00:00,1,phishtank,-1,0,unknown,0,unknown,0,-1,unknown
http://allegrolokalnie.pl-oferta-567885747.sbs,2026-02-13 20:55:46+00:00,1,phishtank,-1,0,unknown,0,unknown,0,-1,unknown
http://allegrolokalnie.pl-389129348-szybki.click,2026-02-13 21:24:47+00:00,1,phishtank,-1,0,unknown,0,unknown,0,-1,unknown
http://allegrolokalnie.oferta6132984.sbs,2026-02-13 21:24:47+00:00,1,phishtank,-1,0,unknown,0,unknown,0,-1,unknown
https://allegrolokalnie.oferta121.sbs,2026-02-13 22:59:37+00:00,1,phishtank,-1,0,unknown,0,unknown,0,-1,unknown
https://accoun.xvkpw.cn/accoun,2026-02-13 23:03:44+00:00,1,phishtank,-1,0,unknown,0,unknown,0,-1,unknown
https://accoun.ocbuvja.cn/accoun,2026-02-13 23:03:52+00:00,1,phishtank,-1,0,unknown,0,unknown,0,-1,unknown
https://office2rdr2026.web.app/,2026-02-13 23:49:05+00:00,1,phishtank,-1,0,unknown,0,unknown,0,-1,unknown
https://nodes-claim.firebaseapp.com/,2026-02-13 23:49:07+00:00,1,phishtank,-1,0,unknown,0,unknown,0,-1,unknown
https://dlsney.firebaseapp.com/,2026-02-13 23:49:23+00:00,1,phishtank,-1,0,unknown,0,unknown,0,-1,unknown
https://credencan.firebaseapp.com/,2026-02-13 23:49:33+00:00,1,phishtank,-1,0,unknown,0,unknown,0,-1,unknown
https://autho-bitpanda-dsgvo.web.app/,2026-02-13 23:49:41+00:00,1,phishtank,-1,0,unknown,0,unknown,0,-1,unknown
https://registro-digital-2026-pmjk.cr-web.workers.dev/usuario?id=hsydynckg1orrjnpn3cx&amp;banco=banco-proamerica,2026-02-14 00:28:35+00:00,1,phishtank,-1,0,unknown,0,unknown,0,-1,unknown
https://registro-digital-2026-pmjk.cr-web.workers.dev/servicios,2026-02-14 00:28:38+00:00,1,phishtank,-1,0,unknown,0,unknown,0,-1,unknown
http://promericao.cc/home.html,2026-02-14 01:01:00+00:00,1,phishtank,-1,0,unknown,0,unknown,0,-1,unknown
https://allegrolokalnie.pl-997112.sbs,2026-02-14 01:04:38+00:00,1,phishtank,-1,0,unknown,0,unknown,0,-1,unknown
https://conkueskifirmar.webcindario.com/,2026-02-14 01:59:47+00:00,1,phishtank,-1,0,unknown,0,unknown,0,-1,unknown
https://bingecareers.netlify.app/,2026-02-14 02:52:20+00:00,1,phishtank,-1,0,unknown,0,unknown,0,-1,unknown
https://kukkinlgan.webflow.io/,2026-02-14 03:06:55+00:00,1,phishtank,-1,0,unknown,0,unknown,0,-1,unknown
https://gemini.199401.xyz/,2026-02-14 03:13:07+00:00,1,phishtank,-1,0,unknown,0,unknown,0,-1,unknown
https://m4-4ad0-bc1d-zimbra-76fd724f94-1cf408.netlify.app/zm,2026-02-14 03:19:48+00:00,1,phishtank,-1,0,unknown,0,unknown,0,-1,unknown
https://ai-start-trazu.pages.dev/,2026-02-14 03:24:29+00:00,1,phishtank,-1,0,unknown,0,unknown,0,-1,unknown
https://ruralinformacive.xo.je/?i=1,2026-02-14 03:53:55+00:00,1,phishtank,-1,0,unknown,0,unknown,0,-1,unknown
https://learnedstart.ghost.io/exodus/,2026-02-14 04:48:14+00:00,1,phishtank,-1,0,unknown,0,unknown,0,-1,unknown
https://hubstarted.ghost.io/trezor-suite/,2026-02-14 04:48:27+00:00,1,phishtank,-1,0,unknown,0,unknown,0,-1,unknown
https://pianyidifang.com/327ba9f88f,2026-02-14 04:49:15+00:00,1,phishtank,-1,0,unknown,0,unknown,0,-1,unknown
https://jsiwjskejekeksndfddt.com/,2026-02-14 05:02:48+00:00,1,phishtank,-1,0,unknown,0,unknown,0,-1,unknown
https://jsiwjskejekeksndfddt.com/loo1289er893fweg3472189egui/pray782378huyuhhrgw89r389u!usfqw78!uhwerh/c1989!uer/,2026-02-14 05:14:58+00:00,1,phishtank,-1,0,unknown,0,unknown,0,-1,unknown
https://w3-inf-y-e-t-t-e-l-ugf.adm.ibsystem.com.br/yetfoodal/bsb261/login.php,2026-02-14 05:44:37+00:00,1,phishtank,-1,0,unknown,0,unknown,0,-1,unknown
https://w3-inf-y-e-t-t-e-l-ugf.adm.ibsystem.com.br/yetfoodal/bsb261/card.php?p=card,2026-02-14 05:45:15+00:00,1,phishtank,-1,0,unknown,0,unknown,0,-1,unknown
https://reproglp-colis.com/index.html,2026-02-14 07:36:31+00:00,1,phishtank,-1,0,unknown,0,unknown,0,-1,unknown
http://allegrolokalnie.pl-smart05912472412.cfd,2026-02-14 08:55:05+00:00,1,phishtank,-1,0,unknown,0,unknown,0,-1,unknown
https://xn--mon-crneau-livraison-g2b.com/calcul,2026-02-14 09:26:02+00:00,1,phishtank,-1,0,unknown,0,unknown,0,-1,unknown
https://xn--mon-crneau-livraison-g2b.com/,2026-02-14 09:26:11+00:00,1,phishtank,-1,0,unknown,0,unknown,0,-1,unknown
https://diaryofmine.com/docomo/,2026-02-14 09:34:04+00:00,1,phishtank,-1,0,unknown,0,unknown,0,-1,unknown
https://inverlla.com/docomo/,2026-02-14 09:34:12+00:00,1,phishtank,-1,0,unknown,0,unknown,0,-1,unknown
https://allegrolokalnie.pl-01238.pl/oferta/pellet-olczyk-6mm---certyfikaty-%7c-darmowy-transport-%7c-dost%c4%99pne-od-r%c4%99ki-/522920553,2026-02-14 09:48:41+00:00,1,phishtank,-1,0,unknown,0,unknown,0,-1,unknown
https://project-begin.ghost.io/start-us-en/,2026-02-14 10:43:10+00:00,1,phishtank,-1,0,unknown,0,unknown,0,-1,unknown
https://learn-appstart.ghost.io/start-en-us/,2026-02-14 10:43:12+00:00,1,phishtank,-1,0,unknown,0,unknown,0,-1,unknown
http://allegrolokalnie.42387421.sbs,2026-02-14 10:51:41+00:00,1,phishtank,-1,0,unknown,0,unknown,0,-1,unknown
https://mrelais-lockerselect.com/card,2026-02-14 10:58:48+00:00,1,phishtank,-1,0,unknown,0,unknown,0,-1,unknown
https://mrelais-lockerselect.com/login,2026-02-14 10:59:56+00:00,1,phishtank,-1,0,unknown,0,unknown,0,-1,unknown
https://www.public-renouv-carte.com/,2026-02-14 12:43:58+00:00,1,phishtank,-1,0,unknown,0,unknown,0,-1,unknown
https://ledgerwalletsupportweb3.com/#,2026-02-14 12:47:02+00:00,1,phishtank,-1,0,unknown,0,unknown,0,-1,unknown
https://www.zamqne.com/,2026-02-14 13:06:13+00:00,1,phishtank,-1,0,unknown,0,unknown,0,-1,unknown
https://skelmqo.com/,2026-02-14 13:07:07+00:00,1,phishtank,-1,0,unknown,0,unknown,0,-1,unknown
https://canjeopuntos.club/gt,2026-02-14 14:56:28+00:00,1,phishtank,-1,0,unknown,0,unknown,0,-1,unknown
http://pontositahoje.xyz,2026-02-14 15:00:49+00:00,1,phishtank,-1,0,unknown,0,unknown,0,-1,unknown
http://ww53.itaucardpontos-apps.info/,2026-02-14 15:00:51+00:00,1,phishtank,-1,0,unknown,0,unknown,0,-1,unknown
https://5okef8hbb.cc.rs6.net/tn.jsp?f=001plmqz9v35ouigvxur25o2baexc2bu9dvh_not0jr4dnlqe2yozyfqmpzsvv7rnvn2vyoil5xzqnis76-ykhojk5ymswsnsi5voobxq4h0fy7r4u2ie2weelrh4xz3v-dqebrmui7xv9spkdywat03d4ea0hzwaqpbfy-xaqzsvdddm2halomanyt0msbsxr0ueavh7rl-cfizcbun5n2lxipf320tccrfyjwc2cawrvdb19n4llvlmqm-6x-rtmvekk9pk1hkhptviviyrcaii0svgluajr84atikt6vq-8sodolz6dr8tqpiabvbtrcjyywelnwha7tinrwtybmga==&amp;c=x1kmtdt0rytxflbfcgufmcfxw3rrpf_l-iam1ipp4ryn-gign3hsgg==&amp;ch=keosvj6vdgrojxmqemmsm3butynwocajwxaryg-pqfvokdsvhubhow==&amp;ses=5sgxa8qzgffkdltrernp-bxzd4sxj-4sjxzebevlg7lzg9nxoc0y4q==&amp;cr=82db0e9a-0710-493f-bfe2-e0eda2852185%235ccb3c39-7033-4183-a615-9e762e20586a%23296cbb76-5960-4787-91f3-b80b9da3a168%23ctct%3adp%3armf%2367aed0ab-4b5c-4b77-a47d-426f861c3d54%23ctct%3adp%3armf,2026-02-14 15:01:22+00:00,1,phishtank,-1,0,unknown,0,unknown,0,-1,unknown
http://allegrolokalnie.623xs2182x90.click,2026-02-14 17:26:32+00:00,1,phishtank,-1,0,unknown,0,unknown,0,-1,unknown
https://allegrolokalnie.pl-901662.pl,2026-02-14 19:07:59+00:00,1,phishtank,-1,0,unknown,0,unknown,0,-1,unknown
https://compliance-review.ct.ws/index.html?email=a@b.com,2026-02-14 19:44:24+00:00,1,phishtank,-1,0,unknown,0,unknown,0,-1,unknown
http://allegro.pl-18446641032.cfd,2026-02-14 19:56:47+00:00,1,phishtank,-1,0,unknown,0,unknown,0,-1,unknown
http://allegrolokalnie.pl-18446641032.cfd,2026-02-14 19:57:00+00:00,1,phishtank,-1,0,unknown,0,unknown,0,-1,unknown
http://allegrolokalnie.645ards53das.sbs,2026-02-14 20:56:20+00:00,1,phishtank,-1,0,unknown,0,unknown,0,-1,unknown
https://www.tonogenesis.cfd/,2026-02-14 21:04:05+00:00,1,phishtank,-1,0,unknown,0,unknown,0,-1,unknown
http://allegrolokalnie.pl-oferta-71193801.cyou,2026-02-14 21:28:05+00:00,1,phishtank,-1,0,unknown,0,unknown,0,-1,unknown
http://allegrolokalnie.pl555926381.click,2026-02-14 21:54:40+00:00,1,phishtank,-1,0,unknown,0,unknown,0,-1,unknown
http://allegro.pl555926381.click,2026-02-14 21:54:50+00:00,1,phishtank,-1,0,unknown,0,unknown,0,-1,unknown
http://allegrolokalnie.198x9230d31.sbs,2026-02-14 22:08:17+00:00,1,phishtank,-1,0,unknown,0,unknown,0,-1,unknown
https://optimistic-leaders-528167.framer.app/,2026-02-14 22:45:28+00:00,1,phishtank,-1,0,unknown,0,unknown,0,-1,unknown
https://bhcdbjhcdbhcdhdh.weebly.com/,2026-02-14 22:45:34+00:00,1,phishtank,-1,0,unknown,0,unknown,0,-1,unknown
https://hjfahugohghg.weebly.com,2026-02-14 22:46:30+00:00,1,phishtank,-1,0,unknown,0,unknown,0,-1,unknown
https://abundant-button-984538.framer.app/,2026-02-14 22:46:38+00:00,1,phishtank,-1,0,unknown,0,unknown,0,-1,unknown
https://vitaliity1.wixstudio.com/my-site,2026-02-14 22:47:02+00:00,1,phishtank,-1,0,unknown,0,unknown,0,-1,unknown
https://gracious-evidence-970775.framer.app/,2026-02-14 22:47:06+00:00,1,phishtank,-1,0,unknown,0,unknown,0,-1,unknown
https://entire-combination-798766.framer.app/,2026-02-14 22:47:10+00:00,1,phishtank,-1,0,unknown,0,unknown,0,-1,unknown
https://oahfeohfqpowtho4u.weebly.com/,2026-02-14 22:47:12+00:00,1,phishtank,-1,0,unknown,0,unknown,0,-1,unknown
https://l.ead.me/bgcxqx,2026-02-14 22:47:22+00:00,1,phishtank,-1,0,unknown,0,unknown,0,-1,unknown
https://l.ead.me/bgcwuq,2026-02-14 22:47:24+00:00,1,phishtank,-1,0,unknown,0,unknown,0,-1,unknown
https://l.ead.me/bgcuc9,2026-02-14 22:47:35+00:00,1,phishtank,-1,0,unknown,0,unknown,0,-1,unknown
https://l.ead.me/bgcyth,2026-02-14 22:47:48+00:00,1,phishtank,-1,0,unknown,0,unknown,0,-1,unknown
https://l.ead.me/bgbvgo,2026-02-14 22:47:55+00:00,1,phishtank,-1,0,unknown,0,unknown,0,-1,unknown
https://l.ead.me/bgbws2,2026-02-14 22:48:00+00:00,1,phishtank,-1,0,unknown,0,unknown,0,-1,unknown
https://l.ead.me/bgccbg,2026-02-14 22:48:17+00:00,1,phishtank,-1,0,unknown,0,unknown,0,-1,unknown
https://l.ead.me/bgbxgq,2026-02-14 22:48:38+00:00,1,phishtank,-1,0,unknown,0,unknown,0,-1,unknown
https://q-r.to/bgcyo5,2026-02-14 22:48:55+00:00,1,phishtank,-1,0,unknown,0,unknown,0,-1,unknown
https://q-r.to/bgbql0,2026-02-14 22:49:04+00:00,1,phishtank,-1,0,unknown,0,unknown,0,-1,unknown
https://q-r.to/bgcwex,2026-02-14 22:49:17+00:00,1,phishtank,-1,0,unknown,0,unknown,0,-1,unknown
https://q-r.to/bgbvgo,2026-02-14 22:49:19+00:00,1,phishtank,-1,0,unknown,0,unknown,0,-1,unknown
https://q-r.to/bgcxes,2026-02-14 22:49:22+00:00,1,phishtank,-1,0,unknown,0,unknown,0,-1,unknown
https://q-r.to/bgccda,2026-02-14 22:49:30+00:00,1,phishtank,-1,0,unknown,0,unknown,0,-1,unknown
https://q-r.to/outtthtmsliv,2026-02-14 22:49:34+00:00,1,phishtank,-1,0,unknown,0,unknown,0,-1,unknown
https://q-r.to/bgczsk,2026-02-14 22:49:38+00:00,1,phishtank,-1,0,unknown,0,unknown,0,-1,unknown
https://q-r.to/bgcy4g,2026-02-14 22:49:51+00:00,1,phishtank,-1,0,unknown,0,unknown,0,-1,unknown
https://q-r.to/bgbws2,2026-02-14 22:49:53+00:00,1,phishtank,-1,0,unknown,0,unknown,0,-1,unknown
https://q-r.to/bgccve,2026-02-14 22:50:00+00:00,1,phishtank,-1,0,unknown,0,unknown,0,-1,unknown
https://q-r.to/bgbmde,2026-02-14 22:50:02+00:00,1,phishtank,-1,0,unknown,0,unknown,0,-1,unknown
https://qrco.de/bgcwuq,2026-02-14 22:50:06+00:00,1,phishtank,-1,0,unknown,0,unknown,0,-1,unknown
https://qrco.de/bgcpo3,2026-02-14 22:50:08+00:00,1,phishtank,-1,0,unknown,0,unknown,0,-1,unknown
https://qrco.de/bgcb1t,2026-02-14 22:50:11+00:00,1,phishtank,-1,0,unknown,0,unknown,0,-1,unknown
https://qrco.de/bgcq9c,2026-02-14 22:50:19+00:00,1,phishtank,-1,0,unknown,0,unknown,0,-1,unknown
https://qrco.de/bgbws2,2026-02-14 22:50:41+00:00,1,phishtank,-1,0,unknown,0,unknown,0,-1,unknown
https://qrco.de/bgcknw,2026-02-14 22:50:51+00:00,1,phishtank,-1,0,unknown,0,unknown,0,-1,unknown
https://qrco.de/bgboaf,2026-02-14 22:50:54+00:00,1,phishtank,-1,0,unknown,0,unknown,0,-1,unknown
https://qrco.de/bgcd7f,2026-02-14 22:51:09+00:00,1,phishtank,-1,0,unknown,0,unknown,0,-1,unknown
https://qrco.de/bgcbc1,2026-02-14 22:51:12+00:00,1,phishtank,-1,0,unknown,0,unknown,0,-1,unknown
https://qrco.de/bgctwi,2026-02-14 22:51:23+00:00,1,phishtank,-1,0,unknown,0,unknown,0,-1,unknown
https://qrco.de/bgceu0,2026-02-14 22:51:29+00:00,1,phishtank,-1,0,unknown,0,unknown,0,-1,unknown
https://docs.google.com/drawings/d/1slhgg6lugvih8bp7lgguiq4avl6r13fnrtuesl0szhe/edit,2026-02-14 22:51:58+00:00,1,phishtank,-1,0,unknown,0,unknown,0,-1,unknown
https://q-r.to/bgc68b,2026-02-14 22:52:41+00:00,1,phishtank,-1,0,unknown,0,unknown,0,-1,unknown
https://bafybeiftufpzapecmpibrb5vgww7w2gmdudlqa4ral6zpvlvb67ycnw464.ipfs.dweb.link/cpweb72.html,2026-02-14 22:52:50+00:00,1,phishtank,-1,0,unknown,0,unknown,0,-1,unknown
https://bafybeia3kaxu4tstlnpwo67uokhqyry345ujkutshyloah5dq5lxfbcree.ipfs.dweb.link/cpweb70.html,2026-02-14 22:52:55+00:00,1,phishtank,-1,0,unknown,0,unknown,0,-1,unknown
https://roblox1.netlify.app/,2026-02-14 22:53:37+00:00,1,phishtank,-1,0,unknown,0,unknown,0,-1,unknown
https://bellsouth-att-sign-in-3df965.webflow.io/,2026-02-15 00:52:20+00:00,1,phishtank,-1,0,unknown,0,unknown,0,-1,unknown
https://allegrolokalnie.pl-71509.pl,2026-02-15 01:02:22+00:00,1,phishtank,-1,0,unknown,0,unknown,0,-1,unknown
https://www.amirene-fortuna.com/web/login,2026-02-15 02:15:38+00:00,1,phishtank,-1,0,unknown,0,unknown,0,-1,unknown
https://www.amirene-fortuna.com/,2026-02-15 02:17:25+00:00,1,phishtank,-1,0,unknown,0,unknown,0,-1,unknown
https://dandnoas.za.com/index2.php,2026-02-15 03:21:53+00:00,1,phishtank,-1,0,unknown,0,unknown,0,-1,unknown
https://supportmetamas-login.webflow.io/,2026-02-15 03:42:43+00:00,1,phishtank,-1,0,unknown,0,unknown,0,-1,unknown
https://mygeminibalance.zeabur.app/,2026-02-15 03:50:41+00:00,1,phishtank,-1,0,unknown,0,unknown,0,-1,unknown
http://docs-trezzrrr-cdn.github.io/en-us,2026-02-15 04:15:06+00:00,1,phishtank,-1,0,unknown,0,unknown,0,-1,unknown
https://spectrummaillsauth.weebly.com/,2026-02-15 05:23:37+00:00,1,phishtank,-1,0,unknown,0,unknown,0,-1,unknown
https://univbord.weebly.com/,2026-02-15 05:23:58+00:00,1,phishtank,-1,0,unknown,0,unknown,0,-1,unknown
https://auth1-carolinatrust-0rg.weebly.com/,2026-02-15 05:24:29+00:00,1,phishtank,-1,0,unknown,0,unknown,0,-1,unknown
https://sportybetbalanceadderssappss.weebly.com/,2026-02-15 05:24:45+00:00,1,phishtank,-1,0,unknown,0,unknown,0,-1,unknown
https://trezor-recover.support:443/,2026-02-15 06:02:18+00:00,1,phishtank,-1,0,unknown,0,unknown,0,-1,unknown
https://clockprestige.net/subpage?sub_id_24=18,2026-02-15 06:13:25+00:00,1,phishtank,-1,0,unknown,0,unknown,0,-1,unknown
https://vendeer.vdhnmu.cn/rwyue/yindel/,2026-02-15 07:05:08+00:00,1,phishtank,-1,0,unknown,0,unknown,0,-1,unknown
https://cyexamplee.gdvajt.cn/rwyue/yindel/,2026-02-15 07:05:12+00:00,1,phishtank,-1,0,unknown,0,unknown,0,-1,unknown
http://www.multiservicioslider.site,2026-02-15 07:06:22+00:00,1,phishtank,-1,0,unknown,0,unknown,0,-1,unknown
https://oreignpolicy.com/docomo/,2026-02-15 07:06:25+00:00,1,phishtank,-1,0,unknown,0,unknown,0,-1,unknown
https://dandmservices.com/docomo/,2026-02-15 07:06:29+00:00,1,phishtank,-1,0,unknown,0,unknown,0,-1,unknown
https://eng-home.ghost.io/suite-enus/,2026-02-15 08:19:28+00:00,1,phishtank,-1,0,unknown,0,unknown,0,-1,unknown
https://well-started.ghost.io/usen/,2026-02-15 08:19:41+00:00,1,phishtank,-1,0,unknown,0,unknown,0,-1,unknown
https://homepage-apps.ghost.io/en-us/,2026-02-15 08:19:51+00:00,1,phishtank,-1,0,unknown,0,unknown,0,-1,unknown
https://many-started.ghost.io/ledger-official/,2026-02-15 08:20:08+00:00,1,phishtank,-1,0,unknown,0,unknown,0,-1,unknown
https://get-starts.ghost.io/start-ledger/,2026-02-15 08:20:17+00:00,1,phishtank,-1,0,unknown,0,unknown,0,-1,unknown
http://trazor-view.zapier.app,2026-02-15 08:30:05+00:00,1,phishtank,-1,0,unknown,0,unknown,0,-1,unknown
https://visa-rewards-puntos.com/log,2026-02-15 09:08:03+00:00,1,phishtank,-1,0,unknown,0,unknown,0,-1,unknown
https://bac-puntos.com/pages/phone.php,2026-02-15 09:25:02+00:00,1,phishtank,-1,0,unknown,0,unknown,0,-1,unknown
https://allegrolokalne.n13812.click/,2026-02-15 11:59:01+00:00,1,phishtank,-1,0,unknown,0,unknown,0,-1,unknown
http://krakenkalogin.webflow.io,2026-02-15 12:27:53+00:00,1,phishtank,-1,0,unknown,0,unknown,0,-1,unknown
https://reprogrammation-suivi-relay.com/card,2026-02-15 13:52:43+00:00,1,phishtank,-1,0,unknown,0,unknown,0,-1,unknown
https://reprogrammation-suivi-relay.com/login,2026-02-15 13:53:20+00:00,1,phishtank,-1,0,unknown,0,unknown,0,-1,unknown
https://reprogrammation-suivi-relay.com/explain,2026-02-15 13:53:51+00:00,1,phishtank,-1,0,unknown,0,unknown,0,-1,unknown
https://reprogrammation-suivi-relay.com/loading,2026-02-15 13:54:25+00:00,1,phishtank,-1,0,unknown,0,unknown,0,-1,unknown
http://allegrolokalnie.smart94731.cfd,2026-02-15 14:53:37+00:00,1,phishtank,-1,0,unknown,0,unknown,0,-1,unknown
https://otuder.life/uqjmw,2026-02-15 15:16:31+00:00,1,phishtank,-1,0,unknown,0,unknown,0,-1,unknown
https://programmation-mondial.com/,2026-02-15 15:58:38+00:00,1,phishtank,-1,0,unknown,0,unknown,0,-1,unknown
https://allegrolokalnie.pl-37392.sbs,2026-02-15 18:55:42+00:00,1,phishtank,-1,0,unknown,0,unknown,0,-1,unknown
https://correo-en.top/are,2026-02-15 19:04:32+00:00,1,phishtank,-1,0,unknown,0,unknown,0,-1,unknown
http://allegrolokalnie.firmowe-83754.cfd,2026-02-15 19:52:58+00:00,1,phishtank,-1,0,unknown,0,unknown,0,-1,unknown
http://allegro.pl124314453.click,2026-02-15 20:34:19+00:00,1,phishtank,-1,0,unknown,0,unknown,0,-1,unknown
https://sbc-d25516.webflow.io/,2026-02-15 20:51:03+00:00,1,phishtank,-1,0,unknown,0,unknown,0,-1,unknown
https://distribmrcolis.com/as.php,2026-02-15 21:13:52+00:00,1,phishtank,-1,0,unknown,0,unknown,0,-1,unknown
https://allegrolokalnie.pl-aukcja9164712412.cfd/oferta/45908191/makita-18v-kompletny-zestaw-elektronarzedzi?payment,2026-02-15 21:27:20+00:00,1,phishtank,-1,0,unknown,0,unknown,0,-1,unknown
http://allegrolokalnie.pl-26251418pppahgaa16284483nahagwvbendj998636.cfd,2026-02-15 21:54:27+00:00,1,phishtank,-1,0,unknown,0,unknown,0,-1,unknown
https://allegro.75421.cfd,2026-02-15 22:08:04+00:00,1,phishtank,-1,0,unknown,0,unknown,0,-1,unknown
https://trezer-bridg-faq.pages.dev/,2026-02-15 22:18:41+00:00,1,phishtank,-1,0,unknown,0,unknown,0,-1,unknown
http://allegrolokalnie.oferta6132799.icu,2026-02-15 22:28:27+00:00,1,phishtank,-1,0,unknown,0,unknown,0,-1,unknown
https://form5821.shop/merchant/order/626048038242,2026-02-15 22:51:14+00:00,1,phishtank,-1,0,unknown,0,unknown,0,-1,unknown
https://coinsquaareelogin.webflow.io/,2026-02-15 22:51:54+00:00,1,phishtank,-1,0,unknown,0,unknown,0,-1,unknown
https://public-m-uphold-cdn.square.site/,2026-02-15 23:03:41+00:00,1,phishtank,-1,0,unknown,0,unknown,0,-1,unknown
https://7gf.9f0.mytemp.website/dans/archivecc/logon.aspx.php,2026-02-15 23:09:32+00:00,1,phishtank,-1,0,unknown,0,unknown,0,-1,unknown
https://7gf.9f0.mytemp.website/dans/archivecc/,2026-02-15 23:10:19+00:00,1,phishtank,-1,0,unknown,0,unknown,0,-1,unknown
https://uji.8fa.mytemp.website/fr/logger.php?direct=true,2026-02-15 23:10:44+00:00,1,phishtank,-1,0,unknown,0,unknown,0,-1,unknown
https://uji.8fa.mytemp.website/fr/,2026-02-15 23:11:04+00:00,1,phishtank,-1,0,unknown,0,unknown,0,-1,unknown
https://cykconsultores.com/cgibin,2026-02-15 23:21:06+00:00,1,phishtank,-1,0,unknown,0,unknown,0,-1,unknown
https://cykconsultores.com/htaccess/,2026-02-15 23:21:33+00:00,1,phishtank,-1,0,unknown,0,unknown,0,-1,unknown
https://volgatraderus.com/docomo/,2026-02-15 23:43:03+00:00,1,phishtank,-1,0,unknown,0,unknown,0,-1,unknown
https://feiniaokj.com/docomo/,2026-02-15 23:43:18+00:00,1,phishtank,-1,0,unknown,0,unknown,0,-1,unknown
http://allegrolokalnie.oferta-854392-szybki.click,2026-02-15 23:55:26+00:00,1,phishtank,-1,0,unknown,0,unknown,0,-1,unknown
https://ndax-sso-ndax.webflow.io/,2026-02-16 01:46:15+00:00,1,phishtank,-1,0,unknown,0,unknown,0,-1,unknown
https://maxis.eu.cc/maxisvip/,2026-02-16 02:36:04+00:00,1,phishtank,-1,0,unknown,0,unknown,0,-1,unknown
https://eboardaurthur.weeblysite.com/,2026-02-16 03:25:37+00:00,1,phishtank,-1,0,unknown,0,unknown,0,-1,unknown
https://exuberant-music-717975.framer.app/,2026-02-16 03:25:41+00:00,1,phishtank,-1,0,unknown,0,unknown,0,-1,unknown
https://miccr0s0f.weebly.com/,2026-02-16 03:26:30+00:00,1,phishtank,-1,0,unknown,0,unknown,0,-1,unknown
https://pink-feel-911210.framer.app/,2026-02-16 03:26:38+00:00,1,phishtank,-1,0,unknown,0,unknown,0,-1,unknown
https://similar-wheel-110000.framer.app/,2026-02-16 03:26:42+00:00,1,phishtank,-1,0,unknown,0,unknown,0,-1,unknown
https://l.ead.me/bgczeo,2026-02-16 03:27:33+00:00,1,phishtank,-1,0,unknown,0,unknown,0,-1,unknown
https://q-r.to/bgcirr,2026-02-16 03:27:47+00:00,1,phishtank,-1,0,unknown,0,unknown,0,-1,unknown
https://q-r.to/bgbkt3,2026-02-16 03:28:16+00:00,1,phishtank,-1,0,unknown,0,unknown,0,-1,unknown
https://qrco.de/bgcgx3,2026-02-16 03:28:32+00:00,1,phishtank,-1,0,unknown,0,unknown,0,-1,unknown
https://q-r.to/bgcsqw,2026-02-16 03:28:40+00:00,1,phishtank,-1,0,unknown,0,unknown,0,-1,unknown
https://q-r.to/bgctjv,2026-02-16 03:28:48+00:00,1,phishtank,-1,0,unknown,0,unknown,0,-1,unknown
https://l.ead.me/blog02,2026-02-16 03:28:56+00:00,1,phishtank,-1,0,unknown,0,unknown,0,-1,unknown
https://qr-codes.io/3xrr7x,2026-02-16 03:29:26+00:00,1,phishtank,-1,0,unknown,0,unknown,0,-1,unknown
https://l.wl.co/l?u=https://qr-codes.io/3xrr7x,2026-02-16 03:29:33+00:00,1,phishtank,-1,0,unknown,0,unknown,0,-1,unknown
https://docs.google.com/drawings/d/1yhajigindl-oy6_-ox9otpgkfxydyp8ijmqroyyldz4/edit,2026-02-16 03:29:45+00:00,1,phishtank,-1,0,unknown,0,unknown,0,-1,unknown
https://docs.google.com/drawings/d/1rcnnucwyy2dbomkf_xlzh1o8bsfjy5-xpltlaz_1xhi/edit,2026-02-16 03:29:49+00:00,1,phishtank,-1,0,unknown,0,unknown,0,-1,unknown
https://docs.google.com/drawings/d/1iplswlwiedpfo5c-s8kroqmp8a9e5pkoybz3to4f2qw/edit,2026-02-16 03:30:00+00:00,1,phishtank,-1,0,unknown,0,unknown,0,-1,unknown
https://docs.google.com/drawings/d/1nj0nifwopyoouev4g8mz79tkysr-fboe3jyvxvm41fw/edit,2026-02-16 03:30:08+00:00,1,phishtank,-1,0,unknown,0,unknown,0,-1,unknown
https://docs.google.com/drawings/d/1jdgxcokydtxcav8tsjpr9b2twoa2wvyby3gx5chu1-8/edit,2026-02-16 03:30:11+00:00,1,phishtank,-1,0,unknown,0,unknown,0,-1,unknown
https://docs.google.com/drawings/d/11aofubybe9g3sjs5qjofdctvyhzcc-bgpv53ltl-zjm/edit,2026-02-16 03:30:15+00:00,1,phishtank,-1,0,unknown,0,unknown,0,-1,unknown
https://docs.google.com/drawings/d/1oc4z628wnlxdoosnaw6fhq0h7terjf_fdbipz53q4ae/edit,2026-02-16 03:30:43+00:00,1,phishtank,-1,0,unknown,0,unknown,0,-1,unknown
http://108.163.251.91/components/com_config/view/cms/1/index.html,2026-02-16 03:31:21+00:00,1,phishtank,-1,0,unknown,0,unknown,0,-1,unknown
https://chargmntconnt.coscarrf.fr/scwbser/connexion/4ec373617b22da54e2133428a01b8db2/infospage.php,2026-02-16 03:31:34+00:00,1,phishtank,-1,0,unknown,0,unknown,0,-1,unknown
https://trizr-bridge-dfg.pages.dev/,2026-02-16 03:32:02+00:00,1,phishtank,-1,0,unknown,0,unknown,0,-1,unknown
http://trezo-bridge.vercel.app,2026-02-16 03:32:05+00:00,1,phishtank,-1,0,unknown,0,unknown,0,-1,unknown
http://lystem.fr/insurance/,2026-02-16 03:32:19+00:00,1,phishtank,-1,0,unknown,0,unknown,0,-1,unknown
https://raku-ter.com/nptgvfde/,2026-02-16 03:33:24+00:00,1,phishtank,-1,0,unknown,0,unknown,0,-1,unknown
https://storage.googleapis.com/versioningv12/blocking.html,2026-02-16 03:33:28+00:00,1,phishtank,-1,0,unknown,0,unknown,0,-1,unknown
https://super-centaur-f32432.netlify.app/com-static-att.html,2026-02-16 03:33:32+00:00,1,phishtank,-1,0,unknown,0,unknown,0,-1,unknown
https://ppcchem.com/marketplace-item-1795243524324,2026-02-16 03:33:49+00:00,1,phishtank,-1,0,unknown,0,unknown,0,-1,unknown
https://ppcchem.com/marketplace-item-1795243524324/,2026-02-16 03:33:49+00:00,1,phishtank,-1,0,unknown,0,unknown,0,-1,unknown
http://beamish-daffodil-f3f5cc.netlify.app,2026-02-16 03:33:55+00:00,1,phishtank,-1,0,unknown,0,unknown,0,-1,unknown
http://sichererkundensupportdeut2026.serveousercontent.com/de-info/user.html,2026-02-16 03:34:00+00:00,1,phishtank,-1,0,unknown,0,unknown,0,-1,unknown
http://xf010xwb.github.io/xf-auth,2026-02-16 03:34:16+00:00,1,phishtank,-1,0,unknown,0,unknown,0,-1,unknown
https://dsjhfjdjh-hkdfjg-4a4589.netlify.app/,2026-02-16 03:34:20+00:00,1,phishtank,-1,0,unknown,0,unknown,0,-1,unknown
http://dsjhfjdjh-hkdfjg-4a4589.netlify.app,2026-02-16 03:34:20+00:00,1,phishtank,-1,0,unknown,0,unknown,0,-1,unknown
https://bhc1hy.web.app/,2026-02-16 03:34:24+00:00,1,phishtank,-1,0,unknown,0,unknown,0,-1,unknown
http://lubimaltd.com/fileo/verification.html,2026-02-16 03:34:30+00:00,1,phishtank,-1,0,unknown,0,unknown,0,-1,unknown
https://idtlsralspptservupdatesubm.framer.website/,2026-02-16 03:34:40+00:00,1,phishtank,-1,0,unknown,0,unknown,0,-1,unknown
https://gm80axncyvmaos8-gm80axncyvmaos8.acechiropc.com/iox/gm80axncyvmaos8-gm80axncyvmaos8?username=redacted@abuse.ionos.com,2026-02-16 04:18:56+00:00,1,phishtank,-1,0,unknown,0,unknown,0,-1,unknown
https://universitytowers.org/iox.html?username=redacted@abuse.ionos.com,2026-02-16 04:30:28+00:00,1,phishtank,-1,0,unknown,0,unknown,0,-1,unknown
https://servicekeeda.com/domani/sso.login/index.php,2026-02-16 06:29:46+00:00,1,phishtank,-1,0,unknown,0,unknown,0,-1,unknown
http://allegrolokalnie.pl-423232.sbs,2026-02-16 07:07:24+00:00,1,phishtank,-1,0,unknown,0,unknown,0,-1,unknown
http://allegro.pl667834924.click,2026-02-16 07:39:30+00:00,1,phishtank,-1,0,unknown,0,unknown,0,-1,unknown
https://allegrolokalnie.pl-oferta734291.sbs/?id=4iebanaegi2anh5882f29o0medchma,2026-02-16 07:39:34+00:00,1,phishtank,-1,0,unknown,0,unknown,0,-1,unknown
https://allegrolokalnie.oferta746261-dla-ciebie.sbs/oferta/peleciarka-do-robienia-peletu-75kw-ochrona-kupujcego-14dni-bed592,2026-02-16 07:39:54+00:00,1,phishtank,-1,0,unknown,0,unknown,0,-1,unknown
https://allegrolokalnie.pl-576183681.cfd/oferta/94210946/kierownica-logitech-g29-shifter-i-pedaly,2026-02-16 07:40:14+00:00,1,phishtank,-1,0,unknown,0,unknown,0,-1,unknown
https://uidfhdufgduifhdfdi2736373833jkgu.cfolks.pl/xk/wp/auth/log.php,2026-02-16 07:55:02+00:00,1,phishtank,-1,0,unknown,0,unknown,0,-1,unknown
https://dontpokeme.com/docomo/,2026-02-16 07:59:48+00:00,1,phishtank,-1,0,unknown,0,unknown,0,-1,unknown
https://venuefoods.com/connect,2026-02-16 09:13:24+00:00,1,phishtank,-1,0,unknown,0,unknown,0,-1,unknown
https://kyc.client-9fr3a8c7x9il7n.com/,2026-02-16 09:38:07+00:00,1,phishtank,-1,0,unknown,0,unknown,0,-1,unknown
https://full-language-233771.framer.app/,2026-02-16 09:48:57+00:00,1,phishtank,-1,0,unknown,0,unknown,0,-1,unknown
http://full-language-233771.framer.app,2026-02-16 09:48:57+00:00,1,phishtank,-1,0,unknown,0,unknown,0,-1,unknown
https://abvbg-106344.weeblysite.com/,2026-02-16 09:49:22+00:00,1,phishtank,-1,0,unknown,0,unknown,0,-1,unknown
https://oppl-105365.weeblysite.com/,2026-02-16 09:49:28+00:00,1,phishtank,-1,0,unknown,0,unknown,0,-1,unknown
https://securefirstjackson.weebly.com/,2026-02-16 09:50:59+00:00,1,phishtank,-1,0,unknown,0,unknown,0,-1,unknown
https://bt-101633-101143.weeblysite.com/,2026-02-16 09:51:49+00:00,1,phishtank,-1,0,unknown,0,unknown,0,-1,unknown
https://my-site-102707-100022.weeblysite.com/,2026-02-16 09:53:53+00:00,1,phishtank,-1,0,unknown,0,unknown,0,-1,unknown
https://tds-telecom-hmtl-036.weebly.com/,2026-02-16 09:54:07+00:00,1,phishtank,-1,0,unknown,0,unknown,0,-1,unknown
https://att-104746-105515.weeblysite.com/,2026-02-16 09:55:46+00:00,1,phishtank,-1,0,unknown,0,unknown,0,-1,unknown
https://microsoft-service-108537-107353.weeblysite.com/,2026-02-16 09:56:33+00:00,1,phishtank,-1,0,unknown,0,unknown,0,-1,unknown
https://tyt-104934.weeblysite.com/,2026-02-16 09:56:43+00:00,1,phishtank,-1,0,unknown,0,unknown,0,-1,unknown
https://wpcuonlinee.weebly.com/,2026-02-16 09:58:36+00:00,1,phishtank,-1,0,unknown,0,unknown,0,-1,unknown
https://grfbtfertfg.weeblysite.com/,2026-02-16 10:03:07+00:00,1,phishtank,-1,0,unknown,0,unknown,0,-1,unknown
https://home-108117.weeblysite.com/,2026-02-16 10:04:20+00:00,1,phishtank,-1,0,unknown,0,unknown,0,-1,unknown
https://csefcu-alert0nlinee.weebly.com/,2026-02-16 10:07:59+00:00,1,phishtank,-1,0,unknown,0,unknown,0,-1,unknown
https://rytu-101277.weeblysite.com/,2026-02-16 10:09:59+00:00,1,phishtank,-1,0,unknown,0,unknown,0,-1,unknown
https://attservicecenter-109513.weeblysite.com/,2026-02-16 10:11:20+00:00,1,phishtank,-1,0,unknown,0,unknown,0,-1,unknown
https://myprivatezoomcall.weebly.com/,2026-02-16 10:11:47+00:00,1,phishtank,-1,0,unknown,0,unknown,0,-1,unknown
https://urgentverificationlinc.weebly.com/,2026-02-16 10:12:05+00:00,1,phishtank,-1,0,unknown,0,unknown,0,-1,unknown
https://microsofftmaill.weeblysite.com/,2026-02-16 10:12:39+00:00,1,phishtank,-1,0,unknown,0,unknown,0,-1,unknown
https://hotmail-107835.weeblysite.com/,2026-02-16 10:13:06+00:00,1,phishtank,-1,0,unknown,0,unknown,0,-1,unknown
https://att-101550-101666.weeblysite.com/,2026-02-16 10:17:03+00:00,1,phishtank,-1,0,unknown,0,unknown,0,-1,unknown
https://home-102443.weeblysite.com/,2026-02-16 10:17:55+00:00,1,phishtank,-1,0,unknown,0,unknown,0,-1,unknown
https://bt-broadband-105174.weeblysite.com/,2026-02-16 10:20:36+00:00,1,phishtank,-1,0,unknown,0,unknown,0,-1,unknown
https://sining-122618.weeblysite.com/,2026-02-16 10:21:08+00:00,1,phishtank,-1,0,unknown,0,unknown,0,-1,unknown
https://sites.google.com/view/lebonfr/accueil,2026-02-16 10:30:58+00:00,1,phishtank,-1,0,unknown,0,unknown,0,-1,unknown
https://ggamenlogeny.webflow.io/,2026-02-16 10:38:52+00:00,1,phishtank,-1,0,unknown,0,unknown,0,-1,unknown
https://eaxodus-us-wollat.gitbook.io,2026-02-16 10:44:10+00:00,1,phishtank,-1,0,unknown,0,unknown,0,-1,unknown
https://shpee-br.vercel.app/?utm_source=fb&amp;utm_campaign=ro%25c3%25a7adeira%2520-%252013%257c120238606083200408&amp;utm_medium=novo%2520conjunto%2520de%2520an%25c3%25bancios%2520de%2520vendas%257c120238606083370408&amp;utm_content=novo%2520an%25c3%25bancio%2520de%2520vendas%257c120238606083380408&amp;utm_term=facebook_mobile_feed&amp;fbclid=iwzxh0bgnhzw0bmabhzglkaassya76zehzcnrjbmfwcf9pzawznta2odu1mze3mjgaar4ighzgs_axhnalehfro4wj19qs0pq2emujetdliw5gcaleljdihs1rqfxehg_aem_vu_gg02qvxbu79vsbl9jkg&amp;utm_id=120238606083200408,2026-02-16 10:45:41+00:00,1,phishtank,-1,0,unknown,0,unknown,0,-1,unknown
https://sites.google.com/web-extension.com/exoduswallet-download/home,2026-02-16 10:46:06+00:00,1,phishtank,-1,0,unknown,0,unknown,0,-1,unknown
https://appps-talktalktalk-co-uk-apppsuite.framer.website/,2026-02-16 10:46:13+00:00,1,phishtank,-1,0,unknown,0,unknown,0,-1,unknown
https://shopcooktop.vercel.app/,2026-02-16 10:57:23+00:00,1,phishtank,-1,0,unknown,0,unknown,0,-1,unknown
https://awosfarm.com/staff-it,2026-02-16 11:28:26+00:00,1,phishtank,-1,0,unknown,0,unknown,0,-1,unknown
https://5443112hg6hlkk9647990sl0l.blogspot.com/?m=1,2026-02-16 11:30:21+00:00,1,phishtank,-1,0,unknown,0,unknown,0,-1,unknown
https://scanned.page/wdnv1e,2026-02-16 11:30:53+00:00,1,phishtank,-1,0,unknown,0,unknown,0,-1,unknown
https://wordpress-1589472-6215371.cloudwaysapps.com/wp/auth/log.php,2026-02-16 11:31:08+00:00,1,phishtank,-1,0,unknown,0,unknown,0,-1,unknown
https://0w2wi8d.lat/uxwilptm/k8qruq/egqbpf,2026-02-16 11:41:45+00:00,1,phishtank,-1,0,unknown,0,unknown,0,-1,unknown
https://sncf-connect.cam/index.php,2026-02-16 11:43:29+00:00,1,phishtank,-1,0,unknown,0,unknown,0,-1,unknown
https://202heht.lat/uxwilptm/k8qruq/egqbpf,2026-02-16 11:45:45+00:00,1,phishtank,-1,0,unknown,0,unknown,0,-1,unknown
https://26wt6tw.lat/uxwilptm/k8qruq/egqbpf,2026-02-16 11:49:45+00:00,1,phishtank,-1,0,unknown,0,unknown,0,-1,unknown
https://283hegt3.lat/uxwilptm/k8qruq/egqbpf,2026-02-16 11:53:46+00:00,1,phishtank,-1,0,unknown,0,unknown,0,-1,unknown
https://37heger3.lat/uxwilptm/k8qruq/egqbpf,2026-02-16 11:59:46+00:00,1,phishtank,-1,0,unknown,0,unknown,0,-1,unknown
https://3rdfwdew.lat/uxwilptm/k8qruq/egqbpf,2026-02-16 12:01:45+00:00,1,phishtank,-1,0,unknown,0,unknown,0,-1,unknown
https://5et6gytr.lol/uxwilptm/k8qruq/egqbpf,2026-02-16 12:09:47+00:00,1,phishtank,-1,0,unknown,0,unknown,0,-1,unknown
https://76wv53.lol/uxwilptm/k8qruq/egqbpf,2026-02-16 12:21:48+00:00,1,phishtank,-1,0,unknown,0,unknown,0,-1,unknown
https://tw-airnet.net/,2026-02-16 12:22:29+00:00,1,phishtank,-1,0,unknown,0,unknown,0,-1,unknown
https://7h3te3g.lat/uxwilptm/k8qruq/egqbpf,2026-02-16 12:23:47+00:00,1,phishtank,-1,0,unknown,0,unknown,0,-1,unknown
https://7wgy63.lol/uxwilptm/k8qruq/egqbpf,2026-02-16 12:25:50+00:00,1,phishtank,-1,0,unknown,0,unknown,0,-1,unknown
https://87hwyg36.lol/uxwilptm/k8qruq/egqbpf,2026-02-16 12:29:47+00:00,1,phishtank,-1,0,unknown,0,unknown,0,-1,unknown
https://dkb-kunden.click,2026-02-16 12:30:08+00:00,1,phishtank,-1,0,unknown,0,unknown,0,-1,unknown
https://shorturl.asia/hafiu,2026-02-16 12:30:13+00:00,1,phishtank,-1,0,unknown,0,unknown,0,-1,unknown
https://9sjw5hs.lat/uxwilptm/k8qruq/egqbpf,2026-02-16 12:31:47+00:00,1,phishtank,-1,0,unknown,0,unknown,0,-1,unknown
https://ntx-profils-help-center.com/captcha,2026-02-16 14:35:01+00:00,1,phishtank,-1,0,unknown,0,unknown,0,-1,unknown
https://ntx-profils-help-center.com/,2026-02-16 14:35:24+00:00,1,phishtank,-1,0,unknown,0,unknown,0,-1,unknown
https://ipkobizness.pl-sphere.pro/ipko.php,2026-02-16 14:38:13+00:00,1,phishtank,-1,0,unknown,0,unknown,0,-1,unknown
http://zamstats.me,2026-02-16 14:48:29+00:00,1,phishtank,-1,0,unknown,0,unknown,0,-1,unknown
https://ipkobizness.pl-conduit.pro/ipko.php,2026-02-16 15:08:05+00:00,1,phishtank,-1,0,unknown,0,unknown,0,-1,unknown
http://allegrolokalnie.pl-22974401hagortikk91322muaowrtbp8832321ccqwws77451.sbs,2026-02-16 15:27:47+00:00,1,phishtank,-1,0,unknown,0,unknown,0,-1,unknown
https://mobile17-securpass.com/,2026-02-16 15:28:17+00:00,1,phishtank,-1,0,unknown,0,unknown,0,-1,unknown
https://metabankaccess.com/home/home.php,2026-02-16 16:30:12+00:00,1,phishtank,-1,0,unknown,0,unknown,0,-1,unknown
https://cavsbbs678ksnkd9las.vercel.app/,2026-02-16 16:49:44+00:00,1,phishtank,-1,0,unknown,0,unknown,0,-1,unknown
https://coynedrainage.co.nz/load/arubaaufix/web/authen.php,2026-02-16 16:52:23+00:00,1,phishtank,-1,0,unknown,0,unknown,0,-1,unknown
https://programmation.pro/,2026-02-16 16:58:31+00:00,1,phishtank,-1,0,unknown,0,unknown,0,-1,unknown
https://dplussecurity.com/wp-sion/,2026-02-16 18:14:25+00:00,1,phishtank,-1,0,unknown,0,unknown,0,-1,unknown
https://abschlusskraft.sbs/y7zjx4sqn,2026-02-16 18:15:55+00:00,1,phishtank,-1,0,unknown,0,unknown,0,-1,unknown
https://kleinanzeigen.02810.icu/receive/6999542?mail=w0foquzftufd&meta=rlwjmkwwlj50ljqyvwb1ypwhlj1yvwbvkuixbqaxkuixlmn5vrshljmyojrvypwwnts0k2yxvwbgzgnjzmh4zqhmzwvmbfjvp2ilqzywmfv6vzgfmjyhlj56mjyamj4vypw0rkoyvwbvlj5umzigli9gljyfva0%3d,2026-02-16 18:15:56+00:00,1,phishtank,-1,0,unknown,0,unknown,0,-1,unknown
https://liderpagosonline.site/,2026-02-16 18:35:08+00:00,1,phishtank,-1,0,unknown,0,unknown,0,-1,unknown
https://valibhdlogincont.webcindario.com/,2026-02-16 18:35:09+00:00,1,phishtank,-1,0,unknown,0,unknown,0,-1,unknown
https://actalizadatsbhd6.webcindario.com/,2026-02-16 18:35:10+00:00,1,phishtank,-1,0,unknown,0,unknown,0,-1,unknown
https://unclokimagemiga.netlify.app/?gad_source=1&amp;gad_campaignid=23509627852&amp;gbraid=0aaaabcua3n-vohcpnf0szsdovvxeex_za&amp;gclid=eaiaiqobchmiobmyofvzkgmva0jiab1eei34eaayasaaegi-bvd_bwe,2026-02-16 18:36:01+00:00,1,phishtank,-1,0,unknown,0,unknown,0,-1,unknown
https://90734825.xyz/hqhzn0n1/cqeyau,2026-02-16 19:03:37+00:00,1,phishtank,-1,0,unknown,0,unknown,0,-1,unknown
https://accoun.vutrgv.cn/accoun,2026-02-16 20:25:49+00:00,1,phishtank,-1,0,unknown,0,unknown,0,-1,unknown
https://www.msradix.com/cdh7iwyp,2026-02-16 20:50:19+00:00,1,phishtank,-1,0,unknown,0,unknown,0,-1,unknown
http://allegrolokalnie.pl-id997866.sbs,2026-02-16 20:50:32+00:00,1,phishtank,-1,0,unknown,0,unknown,0,-1,unknown
https://en-trezor-start.dorik.io/,2026-02-16 22:50:39+00:00,1,phishtank,-1,0,unknown,0,unknown,0,-1,unknown
https://3e3c1a4c-bd54-4f76-8c27-37584e2d707d-00-f0irgjvbftr1.spock.replit.dev/,2026-02-16 23:17:19+00:00,1,phishtank,-1,0,unknown,0,unknown,0,-1,unknown
https://pay.pagamentosfinalizarr.online/kv603kol0zk3w8y,2026-02-16 23:49:05+00:00,1,phishtank,-1,0,unknown,0,unknown,0,-1,unknown
https://jubilant-reflect-362113.framer.app/,2026-02-16 23:50:09+00:00,1,phishtank,-1,0,unknown,0,unknown,0,-1,unknown
https://habilidadeshjasdggadsv.onrender.com/,2026-02-16 23:52:17+00:00,1,phishtank,-1,0,unknown,0,unknown,0,-1,unknown
https://trezortyostart.gitbook.io/us/,2026-02-16 23:56:42+00:00,1,phishtank,-1,0,unknown,0,unknown,0,-1,unknown
https://trezortyostart.gitbook.io/,2026-02-16 23:57:03+00:00,1,phishtank,-1,0,unknown,0,unknown,0,-1,unknown
http://sherwinwilliamswebsite.pages.dev,2026-02-17 00:17:09+00:00,1,phishtank,-1,0,unknown,0,unknown,0,-1,unknown
https://allegro.45689459868945.sbs,2026-02-17 00:49:52+00:00,1,phishtank,-1,0,unknown,0,unknown,0,-1,unknown
http://started-trezo.zapier.app,2026-02-17 01:25:41+00:00,1,phishtank,-1,0,unknown,0,unknown,0,-1,unknown
https://kutxabank.app-servicioslogin.com/acceso_usuario.php,2026-02-17 02:24:00+00:00,1,phishtank,-1,0,unknown,0,unknown,0,-1,unknown
http://allegrolokalnie.oferta76381-dla-ciebie.sbs,2026-02-17 02:24:25+00:00,1,phishtank,-1,0,unknown,0,unknown,0,-1,unknown
https://tel17-securpass.com/start.php,2026-02-17 03:58:21+00:00,1,phishtank,-1,0,unknown,0,unknown,0,-1,unknown
https://tel17-securpass.com/,2026-02-17 03:58:37+00:00,1,phishtank,-1,0,unknown,0,unknown,0,-1,unknown
http://tw-airnet.net/,2026-02-17 04:44:10+00:00,1,phishtank,-1,0,unknown,0,unknown,0,-1,unknown
https://lefleuristecadeau.info/,2026-02-17 05:37:32+00:00,1,phishtank,-1,0,unknown,0,unknown,0,-1,unknown
https://get-cloud-kucoin-login-en.typedream.app/,2026-02-17 06:30:29+00:00,1,phishtank,-1,0,unknown,0,unknown,0,-1,unknown
https://milemaskwallet.webflow.io/,2026-02-17 06:32:34+00:00,1,phishtank,-1,0,unknown,0,unknown,0,-1,unknown
https://iostart-trezer.zapier.app/,2026-02-17 06:44:39+00:00,1,phishtank,-1,0,unknown,0,unknown,0,-1,unknown
https://trezor-logun-help.netlify.app/,2026-02-17 07:38:10+00:00,1,phishtank,-1,0,unknown,0,unknown,0,-1,unknown
http://trezor-logun-help.netlify.app,2026-02-17 07:38:10+00:00,1,phishtank,-1,0,unknown,0,unknown,0,-1,unknown
http://bridge-helps.netlify.app,2026-02-17 07:47:51+00:00,1,phishtank,-1,0,unknown,0,unknown,0,-1,unknown
https://desktop-bridge.github.io/en-us,2026-02-17 07:52:41+00:00,1,phishtank,-1,0,unknown,0,unknown,0,-1,unknown
https://no5hco.icu/o/qivaw/1769968757713#merchantpay,2026-02-17 07:57:06+00:00,1,phishtank,-1,0,unknown,0,unknown,0,-1,unknown
https://rabblad.za.com/,2026-02-17 08:01:09+00:00,1,phishtank,-1,0,unknown,0,unknown,0,-1,unknown
https://aarotritiza.cc/za,2026-02-17 08:07:44+00:00,1,phishtank,-1,0,unknown,0,unknown,0,-1,unknown
http://microsoft-login.it/,2026-02-17 08:36:10+00:00,1,phishtank,-1,0,unknown,0,unknown,0,-1,unknown
https://147-182-150-254.cprapid.com/ch/kasse.php?c52daxbhzq0ijddknjpj,2026-02-17 08:56:15+00:00,1,phishtank,-1,0,unknown,0,unknown,0,-1,unknown
https://yhgb.hoko-db.com/48scg7qp.html,2026-02-17 09:07:28+00:00,1,phishtank,-1,0,unknown,0,unknown,0,-1,unknown
https://connexiondeclientzimbraweb.weebly.com/,2026-02-17 09:28:43+00:00,1,phishtank,-1,0,unknown,0,unknown,0,-1,unknown
https://catalystbank.weebly.com/,2026-02-17 09:29:58+00:00,1,phishtank,-1,0,unknown,0,unknown,0,-1,unknown
https://verifymyvisionsfedscuonlineindexvfcumainphp.weebly.com/,2026-02-17 09:32:28+00:00,1,phishtank,-1,0,unknown,0,unknown,0,-1,unknown
https://zimbrausspabr.weebly.com/,2026-02-17 09:33:24+00:00,1,phishtank,-1,0,unknown,0,unknown,0,-1,unknown
https://berasopliber.weebly.com/,2026-02-17 09:35:04+00:00,1,phishtank,-1,0,unknown,0,unknown,0,-1,unknown
https://bureauveritas.netlify.app/,2026-02-17 09:36:00+00:00,1,phishtank,-1,0,unknown,0,unknown,0,-1,unknown
https://capable-mindset-461943.framer.app/,2026-02-17 09:36:18+00:00,1,phishtank,-1,0,unknown,0,unknown,0,-1,unknown
https://gracious-partners-724446.framer.app/,2026-02-17 09:36:28+00:00,1,phishtank,-1,0,unknown,0,unknown,0,-1,unknown
https://glowing-others-786978.framer.app/,2026-02-17 09:37:12+00:00,1,phishtank,-1,0,unknown,0,unknown,0,-1,unknown
https://wittkeundpartner.de/eaccb235a424c90b3c532c3a9c729c63/areautenti_lang.php,2026-02-17 09:52:56+00:00,1,phishtank,-1,0,unknown,0,unknown,0,-1,unknown
https://dub.sh/65iqilc,2026-02-17 09:56:02+00:00,1,phishtank,-1,0,unknown,0,unknown,0,-1,unknown
https://immobilien-personal.de/hu/,2026-02-17 10:29:38+00:00,1,phishtank,-1,0,unknown,0,unknown,0,-1,unknown
https://www.surveymonkey.com/tr/v1/te/soslrixycv4iqkjq6a3dnap5igf7a_2bhixkmt2wgpmxav99at_2bxqaulfqozuq_2biyd13hjolwckbcqkwkmugfgolftguvm5eho_2bxc04kvcvhci9emy81wwhgrxcuf0ykrcxt1_2b6xmd3sahlhbn3yyc1v4a_2fmyt2s5s8qgoqtnttcm_3d,2026-02-17 10:30:45+00:00,1,phishtank,-1,0,unknown,0,unknown,0,-1,unknown
https://reattribution-day.pro/index.php,2026-02-17 11:19:32+00:00,1,phishtank,-1,0,unknown,0,unknown,0,-1,unknown
http://ephayyaqa.github.io,2026-02-17 11:45:01+00:00,1,phishtank,-1,0,unknown,0,unknown,0,-1,unknown
https://exodaweb-3vallet.zapier.app,2026-02-17 12:01:11+00:00,1,phishtank,-1,0,unknown,0,unknown,0,-1,unknown
https://exexdusweb.pages.dev,2026-02-17 12:07:27+00:00,1,phishtank,-1,0,unknown,0,unknown,0,-1,unknown
https://exodus-webs-wellet-en.pages.dev,2026-02-17 12:07:55+00:00,1,phishtank,-1,0,unknown,0,unknown,0,-1,unknown
https://pay.confirmar-identidade.site/6yqpgjw4z963pxz,2026-02-17 12:38:37+00:00,1,phishtank,-1,0,unknown,0,unknown,0,-1,unknown
https://bemvindoswsfpr.weebly.com/,2026-02-17 13:14:51+00:00,1,phishtank,-1,0,unknown,0,unknown,0,-1,unknown
https://lkhgdqo.com/,2026-02-17 13:20:12+00:00,1,phishtank,-1,0,unknown,0,unknown,0,-1,unknown
https://enabqps.com/,2026-02-17 13:20:39+00:00,1,phishtank,-1,0,unknown,0,unknown,0,-1,unknown
https://www.zjlanrze.com/,2026-02-17 13:22:31+00:00,1,phishtank,-1,0,unknown,0,unknown,0,-1,unknown
https://zjlanrze.com/,2026-02-17 13:22:40+00:00,1,phishtank,-1,0,unknown,0,unknown,0,-1,unknown
https://www.jilsmqne.com/,2026-02-17 13:23:15+00:00,1,phishtank,-1,0,unknown,0,unknown,0,-1,unknown
https://jilsmqne.com/,2026-02-17 13:23:24+00:00,1,phishtank,-1,0,unknown,0,unknown,0,-1,unknown
https://reprogrammation-suivi-mondial.com/card,2026-02-17 14:06:27+00:00,1,phishtank,-1,0,unknown,0,unknown,0,-1,unknown
https://www.reprogrammation-suivi-mondial.com/,2026-02-17 14:07:19+00:00,1,phishtank,-1,0,unknown,0,unknown,0,-1,unknown
https://reprogrammation-suivi-mondial.com/,2026-02-17 14:07:32+00:00,1,phishtank,-1,0,unknown,0,unknown,0,-1,unknown
https://m6v7x3.lat/cjbjoxau/smhgng/4klr1y,2026-02-17 14:13:24+00:00,1,phishtank,-1,0,unknown,0,unknown,0,-1,unknown
https://13657084.xyz/cjbjoxau/smhgng/4klr1y,2026-02-17 14:27:24+00:00,1,phishtank,-1,0,unknown,0,unknown,0,-1,unknown
https://io-exodusweb-us.pages.dev,2026-02-17 14:34:42+00:00,1,phishtank,-1,0,unknown,0,unknown,0,-1,unknown
https://wallnetsonchain.com/explore/sync.html,2026-02-17 14:34:43+00:00,1,phishtank,-1,0,unknown,0,unknown,0,-1,unknown
https://dappconnecthub.pages.dev/sync/node/,2026-02-17 14:34:47+00:00,1,phishtank,-1,0,unknown,0,unknown,0,-1,unknown
https://2u.pw/ofmsxb,2026-02-17 15:14:32+00:00,1,phishtank,-1,0,unknown,0,unknown,0,-1,unknown
https://super-centaur-f32432.netlify.app/com-static-att,2026-02-17 16:02:58+00:00,1,phishtank,-1,0,unknown,0,unknown,0,-1,unknown
http://allegrolokalnie.pl-oferta52743.cfd,2026-02-17 16:23:15+00:00,1,phishtank,-1,0,unknown,0,unknown,0,-1,unknown
https://vmf.ycy.mybluehost.me/upa/login.php,2026-02-17 17:56:34+00:00,1,phishtank,-1,0,unknown,0,unknown,0,-1,unknown
https://allegrolokalnie.inne-ofertamaj73829.sbs/oferta/sprzedam-xbox-series-x-konsola-pad-i-red-dead-1814fb,2026-02-17 18:18:46+00:00,1,phishtank,-1,0,unknown,0,unknown,0,-1,unknown
http://allegro.pl-341724.cfd,2026-02-17 18:26:16+00:00,1,phishtank,-1,0,unknown,0,unknown,0,-1,unknown
https://mrelais.com/,2026-02-17 18:47:34+00:00,1,phishtank,-1,0,unknown,0,unknown,0,-1,unknown
https://pay.cardapiodigital.icu/68d2bfef5a1fd1fd3f8aafdb,2026-02-17 19:12:44+00:00,1,phishtank,-1,0,unknown,0,unknown,0,-1,unknown
https://mr-instruction-mypack.com/,2026-02-17 19:16:06+00:00,1,phishtank,-1,0,unknown,0,unknown,0,-1,unknown
https://mrcls-depot.info/,2026-02-17 19:39:53+00:00,1,phishtank,-1,0,unknown,0,unknown,0,-1,unknown
https://fanyv88.com/https/www.sfr.fr/cas/login?service=https://webmail.sfr.fr/accueil/j_spring_cas_security_check,2026-02-17 20:06:00+00:00,1,phishtank,-1,0,unknown,0,unknown,0,-1,unknown
https://fanyv88.com/https/www.sfr.fr/,2026-02-17 20:06:25+00:00,1,phishtank,-1,0,unknown,0,unknown,0,-1,unknown
https://johtp.pressevent.de/ccc/?456ty289hyu=45vgi90k2ed&amp;x=ezgdi,2026-02-17 20:07:38+00:00,1,phishtank,-1,0,unknown,0,unknown,0,-1,unknown
http://allegrolokalnie.oferta8471455.sbs,2026-02-17 20:25:36+00:00,1,phishtank,-1,0,unknown,0,unknown,0,-1,unknown
https://www.mesdroits-gouv.com/,2026-02-17 20:31:17+00:00,1,phishtank,-1,0,unknown,0,unknown,0,-1,unknown
https://mesdroits-gouv.com/,2026-02-17 20:31:29+00:00,1,phishtank,-1,0,unknown,0,unknown,0,-1,unknown
https://chivo.mofra.sbs/chivo/web/login.php,2026-02-17 21:06:46+00:00,1,phishtank,-1,0,unknown,0,unknown,0,-1,unknown
https://allegrolokalnie.pl-oferta-54872953-fast.click/oferta/moza-r5-bundle-cay-kompletny-ccf778,2026-02-17 21:41:18+00:00,1,phishtank,-1,0,unknown,0,unknown,0,-1,unknown
https://allegrolokalnie.6349859345.sbs/oferta/box-dachowy-thule-motion-xl-510l-2107x436x913mm/,2026-02-17 21:51:53+00:00,1,phishtank,-1,0,unknown,0,unknown,0,-1,unknown
https://pink-screen-606805.framer.app/,2026-02-17 22:34:51+00:00,1,phishtank,-1,0,unknown,0,unknown,0,-1,unknown
https://reportexemicrosofte00.weebly.com/,2026-02-17 22:34:56+00:00,1,phishtank,-1,0,unknown,0,unknown,0,-1,unknown
https://q-r.to/bgcoaz,2026-02-17 22:35:04+00:00,1,phishtank,-1,0,unknown,0,unknown,0,-1,unknown
https://l.ead.me/bgcmx0,2026-02-17 22:35:10+00:00,1,phishtank,-1,0,unknown,0,unknown,0,-1,unknown
https://qrco.de/bgcob2,2026-02-17 22:35:16+00:00,1,phishtank,-1,0,unknown,0,unknown,0,-1,unknown
https://q-r.to/bgcpii,2026-02-17 22:35:21+00:00,1,phishtank,-1,0,unknown,0,unknown,0,-1,unknown
https://qrco.de/bgcpii,2026-02-17 22:35:26+00:00,1,phishtank,-1,0,unknown,0,unknown,0,-1,unknown
https://q-r.to/bgcxer,2026-02-17 22:35:37+00:00,1,phishtank,-1,0,unknown,0,unknown,0,-1,unknown
https://q-r.to/bgcd0f,2026-02-17 22:35:57+00:00,1,phishtank,-1,0,unknown,0,unknown,0,-1,unknown
https://docs.google.com/drawings/d/1dyoz7xp_2nhn3bsd9o46kgjvfiw-zvlh7c63xnx0v-m/edit,2026-02-17 22:36:05+00:00,1,phishtank,-1,0,unknown,0,unknown,0,-1,unknown
https://docs.google.com/drawings/d/1_qmmllvc_q3_ty8v5sqosxgdlgfb1jup3crfg_mb3pw/edit,2026-02-17 22:36:08+00:00,1,phishtank,-1,0,unknown,0,unknown,0,-1,unknown
https://docs.google.com/drawings/d/1itojbm8nxaf2aoh2u0rutkmhuzxtextrambmiao9xgg/edit,2026-02-17 22:36:23+00:00,1,phishtank,-1,0,unknown,0,unknown,0,-1,unknown
https://docs.google.com/drawings/d/1q3-etmyv_bhqyianp9qm9hbns4kjxxmumxwryedapl4/edit,2026-02-17 22:36:26+00:00,1,phishtank,-1,0,unknown,0,unknown,0,-1,unknown
https://docs.google.com/drawings/d/1o7ngbze2fkminstaln0_qlu1wlvawh9zhml8f63pzkc/edit,2026-02-17 22:36:38+00:00,1,phishtank,-1,0,unknown,0,unknown,0,-1,unknown
https://docs.google.com/drawings/d/1npmpnreafhhs_mmmdukem5miohry_vmq3nthax-rede/edit,2026-02-17 22:36:42+00:00,1,phishtank,-1,0,unknown,0,unknown,0,-1,unknown
https://docs.google.com/drawings/d/1phdd7c3c0hzjgnqcgkij8rsrft_lsrmrzmzy-bp2rfe/edit,2026-02-17 22:36:45+00:00,1,phishtank,-1,0,unknown,0,unknown,0,-1,unknown
https://docs.google.com/drawings/d/1wjy_natfbzpryhl7hah3kslaww_j7xnvglz1hrvmpj4/edit,2026-02-17 22:36:53+00:00,1,phishtank,-1,0,unknown,0,unknown,0,-1,unknown
https://docs.google.com/drawings/d/19m1oda9h-sdi2bsdcvpfnb4dgqymqvsy3sbgfdqbecg/edit,2026-02-17 22:37:01+00:00,1,phishtank,-1,0,unknown,0,unknown,0,-1,unknown
https://docs.google.com/drawings/d/10lqe1okpds_wwaxsnhmotpfcfgumbdboedftlvcldwg/edit,2026-02-17 22:37:16+00:00,1,phishtank,-1,0,unknown,0,unknown,0,-1,unknown
https://docs.google.com/drawings/d/1qiefwgsh2pbcmo6enlrdlbaz3yeqgk34wy7q1ccevbg/edit,2026-02-17 22:37:21+00:00,1,phishtank,-1,0,unknown,0,unknown,0,-1,unknown
https://docs.google.com/drawings/d/1want8iq3d916fczsdiueyxgquwnc0-fcak7fpf38epa/edit,2026-02-17 22:37:29+00:00,1,phishtank,-1,0,unknown,0,unknown,0,-1,unknown
https://qr-codes.io/vd7ja2,2026-02-17 22:37:45+00:00,1,phishtank,-1,0,unknown,0,unknown,0,-1,unknown
https://l.wl.co/l?u=https://qr-codes.io/wmaouj,2026-02-17 22:38:12+00:00,1,phishtank,-1,0,unknown,0,unknown,0,-1,unknown
http://srv247195.hoster-test.ru/correosclean/cor2k25/corr/corr.php,2026-02-17 22:38:23+00:00,1,phishtank,-1,0,unknown,0,unknown,0,-1,unknown
http://srv247078.hoster-test.ru/correosclean/cor2k25/corr/corr.php,2026-02-17 22:38:29+00:00,1,phishtank,-1,0,unknown,0,unknown,0,-1,unknown
https://l.ead.me/bgcgji,2026-02-17 22:38:35+00:00,1,phishtank,-1,0,unknown,0,unknown,0,-1,unknown
https://qrco.de/bgcwss,2026-02-17 22:39:15+00:00,1,phishtank,-1,0,unknown,0,unknown,0,-1,unknown
https://cxxxq.xyex.help/xxz/xz/,2026-02-17 22:39:18+00:00,1,phishtank,-1,0,unknown,0,unknown,0,-1,unknown
https://rebrand.ly/pengembaliandanatiktok,2026-02-17 22:39:21+00:00,1,phishtank,-1,0,unknown,0,unknown,0,-1,unknown
https://q-r.to/bgcn5y,2026-02-17 22:39:42+00:00,1,phishtank,-1,0,unknown,0,unknown,0,-1,unknown
https://bafkreiaaztyybqtvangtbn3oxjuuj67vjfvbce353bxaqcvfx7n5liieau.ipfs.dweb.link/,2026-02-17 22:40:49+00:00,1,phishtank,-1,0,unknown,0,unknown,0,-1,unknown
https://gacor77ampku.com/linnnnnksmon.html,2026-02-17 22:41:06+00:00,1,phishtank,-1,0,unknown,0,unknown,0,-1,unknown
https://pub-8b5d025763dc430f9b12d777221d0254.r2.dev/ameeep9394.html,2026-02-17 22:41:11+00:00,1,phishtank,-1,0,unknown,0,unknown,0,-1,unknown
http://web3txns.pages.dev/,2026-02-17 22:41:22+00:00,1,phishtank,-1,0,unknown,0,unknown,0,-1,unknown
https://dusktestresolve.pages.dev/,2026-02-17 22:41:26+00:00,1,phishtank,-1,0,unknown,0,unknown,0,-1,unknown
https://sso-axe.pages.dev/,2026-02-17 22:41:34+00:00,1,phishtank,-1,0,unknown,0,unknown,0,-1,unknown
http://pickupweb.me,2026-02-17 22:41:40+00:00,1,phishtank,-1,0,unknown,0,unknown,0,-1,unknown
https://bio.site/ablcre,2026-02-17 22:41:53+00:00,1,phishtank,-1,0,unknown,0,unknown,0,-1,unknown
http://grand-jelly-75f494.netlify.app,2026-02-17 22:42:15+00:00,1,phishtank,-1,0,unknown,0,unknown,0,-1,unknown
https://llantasdelpacifico.co.cr/.tmb/dhl_panel/details.php?lang=fi,2026-02-17 22:42:20+00:00,1,phishtank,-1,0,unknown,0,unknown,0,-1,unknown
https://147-182-150-254.cprapid.com/ch/update.php,2026-02-17 22:42:38+00:00,1,phishtank,-1,0,unknown,0,unknown,0,-1,unknown
https://tomino-project.appwrite.network/#,2026-02-17 22:42:48+00:00,1,phishtank,-1,0,unknown,0,unknown,0,-1,unknown
https://wh1512010.ispot.cc/,2026-02-17 22:43:01+00:00,1,phishtank,-1,0,unknown,0,unknown,0,-1,unknown
https://envoi-info.net/,2026-02-17 22:43:03+00:00,1,phishtank,-1,0,unknown,0,unknown,0,-1,unknown
https://univadix.t.mydomain.zone/z/m/,2026-02-17 22:43:15+00:00,1,phishtank,-1,0,unknown,0,unknown,0,-1,unknown
http://kfz-service-lenz.com/spec/core,2026-02-17 22:43:18+00:00,1,phishtank,-1,0,unknown,0,unknown,0,-1,unknown
http://kfz-service-lenz.com/spec/core/,2026-02-17 22:43:18+00:00,1,phishtank,-1,0,unknown,0,unknown,0,-1,unknown
http://broijeukoddazu.vercel.app/bkamva.html/vkokvm.html,2026-02-17 22:43:46+00:00,1,phishtank,-1,0,unknown,0,unknown,0,-1,unknown
http://iscans.space,2026-02-17 22:43:53+00:00,1,phishtank,-1,0,unknown,0,unknown,0,-1,unknown
https://iscans.space/,2026-02-17 22:43:54+00:00,1,phishtank,-1,0,unknown,0,unknown,0,-1,unknown
https://synergysolution.gr/education/zzzzzzzzzzzzzzzzzzrdrrrrreqseesse.html,2026-02-17 22:43:56+00:00,1,phishtank,-1,0,unknown,0,unknown,0,-1,unknown
https://perfectvalueproperty.com/contact.php,2026-02-17 22:44:03+00:00,1,phishtank,-1,0,unknown,0,unknown,0,-1,unknown
https://20-84-45-175.cprapid.com,2026-02-17 22:44:17+00:00,1,phishtank,-1,0,unknown,0,unknown,0,-1,unknown
https://docs.google.com/drawings/d/1n155y8wdwdazh2fkcrx7urzn2ntniyvkqfuydijrynu/edit,2026-02-17 22:44:23+00:00,1,phishtank,-1,0,unknown,0,unknown,0,-1,unknown
https://swisspass-systemaktualisierungen.com/,2026-02-17 22:44:25+00:00,1,phishtank,-1,0,unknown,0,unknown,0,-1,unknown
https://swissvisecaone.1wp.site/wp-content/themes/twentytwentyfour/ar/traching/pracel/rdgdesdzrfsyjnoi/a.php,2026-02-17 22:44:32+00:00,1,phishtank,-1,0,unknown,0,unknown,0,-1,unknown
https://glistening-bonbon-2acaf3.netlify.app/,2026-02-17 23:30:52+00:00,1,phishtank,-1,0,unknown,0,unknown,0,-1,unknown
https://effortless-concha-79887d.netlify.app/,2026-02-17 23:32:55+00:00,1,phishtank,-1,0,unknown,0,unknown,0,-1,unknown
https://auth-webmail-login-8gw2315w87-32760-311903-ad65vo9r.vercel.app/,2026-02-17 23:42:43+00:00,1,phishtank,-1,0,unknown,0,unknown,0,-1,unknown
https://rebrand.ly/updatesinfo,2026-02-17 23:43:05+00:00,1,phishtank,-1,0,unknown,0,unknown,0,-1,unknown
https://registro-digital-2026-plsk.cr-web.workers.dev/servicios,2026-02-18 00:30:25+00:00,1,phishtank,-1,0,unknown,0,unknown,0,-1,unknown
https://kanbaodi.com/docomo/,2026-02-18 00:54:44+00:00,1,phishtank,-1,0,unknown,0,unknown,0,-1,unknown
https://afloridachristmas.com/docomo/,2026-02-18 00:54:59+00:00,1,phishtank,-1,0,unknown,0,unknown,0,-1,unknown
http://allegrolokalnie.pl-oferta6583198-google-pixel-10-pro-xl-512.cfd,2026-02-18 02:26:46+00:00,1,phishtank,-1,0,unknown,0,unknown,0,-1,unknown
http://servc-55d90c.webnode.page,2026-02-18 03:19:45+00:00,1,phishtank,-1,0,unknown,0,unknown,0,-1,unknown
https://moleno.info/nbknil9i98nubyet4tcs/,2026-02-18 04:25:26+00:00,1,phishtank,-1,0,unknown,0,unknown,0,-1,unknown
https://nkoyock.net/indexpage?sub_id_23=15,2026-02-18 04:48:35+00:00,1,phishtank,-1,0,unknown,0,unknown,0,-1,unknown
http://trozr-wlt-c7s.dwanna3.workers.dev,2026-02-18 06:01:06+00:00,1,phishtank,-1,0,unknown,0,unknown,0,-1,unknown
https://www.sherpurnews24.net/wp-admin/user/index.html,2026-02-18 06:55:28+00:00,1,phishtank,-1,0,unknown,0,unknown,0,-1,unknown
https://wwwauthentification.myclickfunnels.com/fatture,2026-02-18 06:55:35+00:00,1,phishtank,-1,0,unknown,0,unknown,0,-1,unknown
http://home-trezor-suite-app.blogspot.com,2026-02-18 08:31:30+00:00,1,phishtank,-1,0,unknown,0,unknown,0,-1,unknown
https://home-trezor-suite-app.blogspot.com/,2026-02-18 08:31:30+00:00,1,phishtank,-1,0,unknown,0,unknown,0,-1,unknown
http://adhdevelopments.prestigetraining.ae/6d824c/y29udgfjdebhzghkzxzlbg9wbwvudhmuy28udws,2026-02-18 09:14:23+00:00,1,phishtank,-1,0,unknown,0,unknown,0,-1,unknown
https://espace-video-primes.com/,2026-02-18 10:15:34+00:00,1,phishtank,-1,0,unknown,0,unknown,0,-1,unknown
https://support-mondial-verif.pro/as.php,2026-02-18 10:28:35+00:00,1,phishtank,-1,0,unknown,0,unknown,0,-1,unknown
https://support-mondial-verif.pro/,2026-02-18 10:28:45+00:00,1,phishtank,-1,0,unknown,0,unknown,0,-1,unknown
https://cvbdg.com/vpngzifq/,2026-02-18 10:44:02+00:00,1,phishtank,-1,0,unknown,0,unknown,0,-1,unknown
https://helpchatwaycu3bnt.weebly.com/,2026-02-18 11:48:01+00:00,1,phishtank,-1,0,unknown,0,unknown,0,-1,unknown
https://iaaaiiiisiduw.weebly.com/,2026-02-18 11:48:16+00:00,1,phishtank,-1,0,unknown,0,unknown,0,-1,unknown
https://nehahahy55.weebly.com/,2026-02-18 11:48:44+00:00,1,phishtank,-1,0,unknown,0,unknown,0,-1,unknown
https://19086427.xyz/zhqu8fo6/p7gpqd/u9uhd4,2026-02-18 11:48:45+00:00,1,phishtank,-1,0,unknown,0,unknown,0,-1,unknown
https://1ndependent.weebly.com/,2026-02-18 11:49:01+00:00,1,phishtank,-1,0,unknown,0,unknown,0,-1,unknown
https://7fsb0nline12.weebly.com/,2026-02-18 11:49:06+00:00,1,phishtank,-1,0,unknown,0,unknown,0,-1,unknown
https://1efirsbtc98.weebly.com/,2026-02-18 11:49:26+00:00,1,phishtank,-1,0,unknown,0,unknown,0,-1,unknown
https://7qnbtdi.weebly.com/,2026-02-18 11:49:33+00:00,1,phishtank,-1,0,unknown,0,unknown,0,-1,unknown
https://32lakeelm09.weebly.com/,2026-02-18 11:49:37+00:00,1,phishtank,-1,0,unknown,0,unknown,0,-1,unknown
https://roche.pointrel-6368.pro/as.php,2026-02-18 12:06:30+00:00,1,phishtank,-1,0,unknown,0,unknown,0,-1,unknown
https://panini.pointrel-6368.pro/as.php,2026-02-18 12:06:59+00:00,1,phishtank,-1,0,unknown,0,unknown,0,-1,unknown
https://poulet.pointrel-6368.pro/,2026-02-18 12:07:58+00:00,1,phishtank,-1,0,unknown,0,unknown,0,-1,unknown
https://83974052.xyz/zhqu8fo6/p7gpqd/u9uhd4,2026-02-18 12:18:47+00:00,1,phishtank,-1,0,unknown,0,unknown,0,-1,unknown
https://70846315.xyz/zhqu8fo6/p7gpqd/u9uhd4,2026-02-18 12:24:47+00:00,1,phishtank,-1,0,unknown,0,unknown,0,-1,unknown
https://96483052.xyz/zhqu8fo6/p7gpqd/u9uhd4,2026-02-18 12:26:46+00:00,1,phishtank,-1,0,unknown,0,unknown,0,-1,unknown
https://grub2go.net/gopage?sub_id_24=42,2026-02-18 12:37:17+00:00,1,phishtank,-1,0,unknown,0,unknown,0,-1,unknown
https://fermuarlifletocepdikimi.com/wp-content,2026-02-18 12:54:34+00:00,1,phishtank,-1,0,unknown,0,unknown,0,-1,unknown
https://back-neon-beta.vercel.app/,2026-02-18 13:02:37+00:00,1,phishtank,-1,0,unknown,0,unknown,0,-1,unknown
https://front-seven-tawny.vercel.app/,2026-02-18 13:03:05+00:00,1,phishtank,-1,0,unknown,0,unknown,0,-1,unknown
https://www.lfer11lim10limpafeira16116.shop/,2026-02-18 13:26:45+00:00,1,phishtank,-1,0,unknown,0,unknown,0,-1,unknown
http://allegrolokalnie.firmowe-76753.cfd,2026-02-18 14:40:35+00:00,1,phishtank,-1,0,unknown,0,unknown,0,-1,unknown
http://wwwauthentification.myclickfunnels.com/aruba,2026-02-18 15:00:30+00:00,1,phishtank,-1,0,unknown,0,unknown,0,-1,unknown
https://colis-redirect.com/,2026-02-18 15:21:02+00:00,1,phishtank,-1,0,unknown,0,unknown,0,-1,unknown
https://colis-direct.com/search,2026-02-18 15:31:32+00:00,1,phishtank,-1,0,unknown,0,unknown,0,-1,unknown
https://sbc-verifier-sign-in-c96cec.webflow.io/,2026-02-18 15:31:37+00:00,1,phishtank,-1,0,unknown,0,unknown,0,-1,unknown
https://tustorms.com/nbknil9i98nubyet4tcs/,2026-02-18 15:34:16+00:00,1,phishtank,-1,0,unknown,0,unknown,0,-1,unknown
https://iwebs-sparka-identi.top/online/portal/696a3888b2455,2026-02-18 16:30:16+00:00,1,phishtank,-1,0,unknown,0,unknown,0,-1,unknown
https://iwebs-sparka-identi.top/error404,2026-02-18 16:30:16+00:00,1,phishtank,-1,0,unknown,0,unknown,0,-1,unknown
http://torstencohrs.selfip.org/.sppps/,2026-02-18 16:30:38+00:00,1,phishtank,-1,0,unknown,0,unknown,0,-1,unknown
https://securpass16-mobile.com/,2026-02-18 16:47:09+00:00,1,phishtank,-1,0,unknown,0,unknown,0,-1,unknown
http://allegro.pl-oferta886199.cfd,2026-02-18 16:56:46+00:00,1,phishtank,-1,0,unknown,0,unknown,0,-1,unknown
https://securpass1-app.com/start.php,2026-02-18 17:31:16+00:00,1,phishtank,-1,0,unknown,0,unknown,0,-1,unknown
http://allegrolokalnie.pl-oferta98453.pl,2026-02-18 18:30:38+00:00,1,phishtank,-1,0,unknown,0,unknown,0,-1,unknown
https://conviteblackonlinevip.com/,2026-02-18 18:38:27+00:00,1,phishtank,-1,0,unknown,0,unknown,0,-1,unknown
https://nfcralepla.st/ttg/,2026-02-18 18:38:32+00:00,1,phishtank,-1,0,unknown,0,unknown,0,-1,unknown
https://blue-leather-coat.store/c/auth/ini/,2026-02-18 18:38:35+00:00,1,phishtank,-1,0,unknown,0,unknown,0,-1,unknown
https://rain-purple-lake.shop,2026-02-18 18:38:36+00:00,1,phishtank,-1,0,unknown,0,unknown,0,-1,unknown
https://callelasgardenias.com/docomo/,2026-02-18 18:38:57+00:00,1,phishtank,-1,0,unknown,0,unknown,0,-1,unknown
https://banprogrupoprom-com-continuar.vercel.app/,2026-02-18 18:39:59+00:00,1,phishtank,-1,0,unknown,0,unknown,0,-1,unknown
https://serwer2051574.home.pl/n123/zerobot_v8.php,2026-02-18 21:30:32+00:00,1,phishtank,-1,0,unknown,0,unknown,0,-1,unknown
https://serwer2051574.home.pl/n123/public/login,2026-02-18 21:30:38+00:00,1,phishtank,-1,0,unknown,0,unknown,0,-1,unknown
https://crflhelpbn.help/i/home.html,2026-02-18 21:31:44+00:00,1,phishtank,-1,0,unknown,0,unknown,0,-1,unknown
http://sapphire-prism-98hp.squarespace.com,2026-02-18 22:13:14+00:00,1,phishtank,-1,0,unknown,0,unknown,0,-1,unknown
https://crflhelpbn.top/i/,2026-02-18 22:39:39+00:00,1,phishtank,-1,0,unknown,0,unknown,0,-1,unknown
https://crflhelpbn.sbs/i/,2026-02-18 22:39:40+00:00,1,phishtank,-1,0,unknown,0,unknown,0,-1,unknown
http://allegrolokalnie.l23arg45elk.sbs,2026-02-18 22:59:22+00:00,1,phishtank,-1,0,unknown,0,unknown,0,-1,unknown
https://crypto-tax-germany-1--viezipsanringxy.replit.app/,2026-02-19 00:00:17+00:00,1,phishtank,-1,0,unknown,0,unknown,0,-1,unknown
https://bp1-abebaec9ec4d.herokuapp.com/,2026-02-19 00:17:53+00:00,1,phishtank,-1,0,unknown,0,unknown,0,-1,unknown
https://bprogrupom.vercel.app/,2026-02-19 00:17:54+00:00,1,phishtank,-1,0,unknown,0,unknown,0,-1,unknown
https://elitefishandchips.co.uk/weqfgqhq_html/sso.login,2026-02-19 00:18:38+00:00,1,phishtank,-1,0,unknown,0,unknown,0,-1,unknown
https://pichincha-credito05.lovable.app/,2026-02-19 00:19:40+00:00,1,phishtank,-1,0,unknown,0,unknown,0,-1,unknown
https://seguridadcrediticia.xo.je/,2026-02-19 00:20:30+00:00,1,phishtank,-1,0,unknown,0,unknown,0,-1,unknown
https://allegrolokalnie.das563jadr.sbs,2026-02-19 00:41:56+00:00,1,phishtank,-1,0,unknown,0,unknown,0,-1,unknown
https://allegrolokalnie.p8469x786d3.lat,2026-02-19 00:46:07+00:00,1,phishtank,-1,0,unknown,0,unknown,0,-1,unknown
https://allegro.p2376187x738d7.sbs,2026-02-19 01:03:13+00:00,1,phishtank,-1,0,unknown,0,unknown,0,-1,unknown
https://trazario-start.blogspot.com/,2026-02-19 01:21:33+00:00,1,phishtank,-1,0,unknown,0,unknown,0,-1,unknown
https://trezorious.blogspot.com/,2026-02-19 01:26:23+00:00,1,phishtank,-1,0,unknown,0,unknown,0,-1,unknown
https://at-t-d7e7ee.webflow.io/,2026-02-19 01:36:21+00:00,1,phishtank,-1,0,unknown,0,unknown,0,-1,unknown
https://icefire.in/main,2026-02-19 02:02:42+00:00,1,phishtank,-1,0,unknown,0,unknown,0,-1,unknown
https://icefire.in/,2026-02-19 02:03:14+00:00,1,phishtank,-1,0,unknown,0,unknown,0,-1,unknown
https://allegrolokalnie.pl-893.sbs/oferta/amd-ryzen-7-5800x3d,2026-02-19 02:50:51+00:00,1,phishtank,-1,0,unknown,0,unknown,0,-1,unknown
https://german-tax-form--carsepohapobv.replit.app/,2026-02-19 02:52:35+00:00,1,phishtank,-1,0,unknown,0,unknown,0,-1,unknown
https://pub-88a311b77d5844ebaafbc002e7a143b8.r2.dev/tcg.html,2026-02-19 04:11:03+00:00,1,phishtank,-1,0,unknown,0,unknown,0,-1,unknown
https://pub-f6267a1907b44a078354e073bd286e20.r2.dev/cg/index.html,2026-02-19 04:11:07+00:00,1,phishtank,-1,0,unknown,0,unknown,0,-1,unknown
http://pub-f6267a1907b44a078354e073bd286e20.r2.dev/cg/index.html,2026-02-19 04:11:07+00:00,1,phishtank,-1,0,unknown,0,unknown,0,-1,unknown
https://eu.orbitor.dev/ipfs/bafkreiczdadxptbewxsumr2acuefqieug3dtnvwjnuv7dkaf5dtb7flj6u,2026-02-19 04:11:20+00:00,1,phishtank,-1,0,unknown,0,unknown,0,-1,unknown
https://ipfs.orbitor.dev/ipfs/bafkreiczdadxptbewxsumr2acuefqieug3dtnvwjnuv7dkaf5dtb7flj6u,2026-02-19 04:11:26+00:00,1,phishtank,-1,0,unknown,0,unknown,0,-1,unknown
https://qrco.de/bgcw0o,2026-02-19 04:11:40+00:00,1,phishtank,-1,0,unknown,0,unknown,0,-1,unknown
https://l.ead.me/bgcqph,2026-02-19 04:11:43+00:00,1,phishtank,-1,0,unknown,0,unknown,0,-1,unknown
https://qrco.de/bgcqph,2026-02-19 04:11:49+00:00,1,phishtank,-1,0,unknown,0,unknown,0,-1,unknown
https://l.ead.me/bgbyfq,2026-02-19 04:11:51+00:00,1,phishtank,-1,0,unknown,0,unknown,0,-1,unknown
https://network-solutions-personal-projects-paid.appwrite.network/,2026-02-19 04:12:00+00:00,1,phishtank,-1,0,unknown,0,unknown,0,-1,unknown
https://verifyappscurenewoverhi45y9wgao9bs.parikh.net/?srtj5wsb,2026-02-19 04:12:58+00:00,1,phishtank,-1,0,unknown,0,unknown,0,-1,unknown
https://qr-codes.io/kxdljg,2026-02-19 04:13:01+00:00,1,phishtank,-1,0,unknown,0,unknown,0,-1,unknown
https://qr-codes.io/o8xbtv,2026-02-19 04:13:04+00:00,1,phishtank,-1,0,unknown,0,unknown,0,-1,unknown
https://l.wl.co/l?u=https://qr-codes.io/ovll0a,2026-02-19 04:13:15+00:00,1,phishtank,-1,0,unknown,0,unknown,0,-1,unknown
https://docs.google.com/drawings/d/1fdaq3b1deevrbi7vjtodwtbgi4at7bdbdh8oobdfib8/edit,2026-02-19 04:13:18+00:00,1,phishtank,-1,0,unknown,0,unknown,0,-1,unknown
https://docs.google.com/drawings/d/1mzrzvmnw6w-etk4hgzvxlrcaccg9tr-j1p9wsi-f8lu/edit,2026-02-19 04:13:32+00:00,1,phishtank,-1,0,unknown,0,unknown,0,-1,unknown
https://docs.google.com/drawings/d/1wzajta6daipzu_9csrhj4wuosrzxqn0bkuryagknrqq/edit,2026-02-19 04:13:51+00:00,1,phishtank,-1,0,unknown,0,unknown,0,-1,unknown
https://docs.google.com/drawings/d/16sicyli4wssmlli6pzp-z6wdbtnfvgoqqtkgiecga1u/edit,2026-02-19 04:13:56+00:00,1,phishtank,-1,0,unknown,0,unknown,0,-1,unknown
https://docs.google.com/drawings/d/15orzv7zdklyscoruwnkpdyllc2tix_pbqdfp1ukw3zu/edit,2026-02-19 04:13:59+00:00,1,phishtank,-1,0,unknown,0,unknown,0,-1,unknown
https://docs.google.com/drawings/d/1t8pu8jsgaykkusdteeirtjeqe2vxlxu27eokdalsmoi/edit,2026-02-19 04:14:04+00:00,1,phishtank,-1,0,unknown,0,unknown,0,-1,unknown
https://e-oriko.bunazun.com/sec/co.jp/,2026-02-19 04:14:28+00:00,1,phishtank,-1,0,unknown,0,unknown,0,-1,unknown
https://darrkeay.github.io/freemindsetfreeteachingforenterprenufreelearners/,2026-02-19 04:14:31+00:00,1,phishtank,-1,0,unknown,0,unknown,0,-1,unknown
http://sureclip.net/man,2026-02-19 04:14:38+00:00,1,phishtank,-1,0,unknown,0,unknown,0,-1,unknown
https://julianabreu924-source.github.io/google-frontend,2026-02-19 04:14:48+00:00,1,phishtank,-1,0,unknown,0,unknown,0,-1,unknown
http://cinemaniac.fr/processing/pap/,2026-02-19 04:14:56+00:00,1,phishtank,-1,0,unknown,0,unknown,0,-1,unknown
https://elitegaming.cl/webst/web/login.php,2026-02-19 04:15:17+00:00,1,phishtank,-1,0,unknown,0,unknown,0,-1,unknown
https://rptradio.online/team/login.php,2026-02-19 04:15:20+00:00,1,phishtank,-1,0,unknown,0,unknown,0,-1,unknown
http://mail-livingfaithlink.appwrite.network,2026-02-19 04:15:29+00:00,1,phishtank,-1,0,unknown,0,unknown,0,-1,unknown
https://wetrainempathy.com/pl2/?em=nieruchomosci@pkobp.pl,2026-02-19 07:01:36+00:00,1,phishtank,-1,0,unknown,0,unknown,0,-1,unknown
https://securipass13-app.com/start.php,2026-02-19 07:16:52+00:00,1,phishtank,-1,0,unknown,0,unknown,0,-1,unknown
https://004e38b5-825a-40bc-893b-4199debc68c5-00-3sg05e685z2v3.kirk.replit.dev,2026-02-19 07:49:41+00:00,1,phishtank,-1,0,unknown,0,unknown,0,-1,unknown
http://allegrolokalnie.pl-oferta754312.sbs,2026-02-19 08:23:58+00:00,1,phishtank,-1,0,unknown,0,unknown,0,-1,unknown
http://allegro.035928532-d1.cyou/,2026-02-19 08:26:23+00:00,1,phishtank,-1,0,unknown,0,unknown,0,-1,unknown
https://exodusweeb3waleet.webflow.io,2026-02-19 09:13:55+00:00,1,phishtank,-1,0,unknown,0,unknown,0,-1,unknown
https://contact-espace.fr/connect/pay-log/client/,2026-02-19 10:03:29+00:00,1,phishtank,-1,0,unknown,0,unknown,0,-1,unknown
https://homepage-global.ghost.io/suite-en-us/,2026-02-19 10:03:35+00:00,1,phishtank,-1,0,unknown,0,unknown,0,-1,unknown
https://homepage-global.ghost.io/eng/,2026-02-19 10:03:39+00:00,1,phishtank,-1,0,unknown,0,unknown,0,-1,unknown
https://contact-espace.fr/connect/login/,2026-02-19 10:03:47+00:00,1,phishtank,-1,0,unknown,0,unknown,0,-1,unknown
https://connectedhome.ghost.io/hub-live/,2026-02-19 10:03:50+00:00,1,phishtank,-1,0,unknown,0,unknown,0,-1,unknown
https://homestarted-page.ghost.io/app-enus/,2026-02-19 10:03:54+00:00,1,phishtank,-1,0,unknown,0,unknown,0,-1,unknown
https://home-starts.ghost.io/download/,2026-02-19 10:04:17+00:00,1,phishtank,-1,0,unknown,0,unknown,0,-1,unknown
https://contact-espace.fr/connect/login/messagerie.php,2026-02-19 10:04:47+00:00,1,phishtank,-1,0,unknown,0,unknown,0,-1,unknown
https://homepage-learn.ghost.io/bridge/,2026-02-19 10:09:56+00:00,1,phishtank,-1,0,unknown,0,unknown,0,-1,unknown
https://testcrm.unitedimpex.org/assets,2026-02-19 10:10:00+00:00,1,phishtank,-1,0,unknown,0,unknown,0,-1,unknown
https://homepage-site.ghost.io/suite-web/,2026-02-19 10:10:00+00:00,1,phishtank,-1,0,unknown,0,unknown,0,-1,unknown
https://homepage-site.ghost.io/start-getting,2026-02-19 10:10:13+00:00,1,phishtank,-1,0,unknown,0,unknown,0,-1,unknown
https://global-apps.ghost.io/en-us-suite/,2026-02-19 10:10:25+00:00,1,phishtank,-1,0,unknown,0,unknown,0,-1,unknown
https://well-started.ghost.io/us-en/,2026-02-19 10:10:27+00:00,1,phishtank,-1,0,unknown,0,unknown,0,-1,unknown
https://official-now.ghost.io/desktop-en/,2026-02-19 10:10:38+00:00,1,phishtank,-1,0,unknown,0,unknown,0,-1,unknown
https://begin-starting.ghost.io/desktop/,2026-02-19 10:10:43+00:00,1,phishtank,-1,0,unknown,0,unknown,0,-1,unknown
https://apps-started.ghost.io/en-desktop/,2026-02-19 10:10:48+00:00,1,phishtank,-1,0,unknown,0,unknown,0,-1,unknown
https://a705580e.waccon.pages.dev/,2026-02-19 10:10:50+00:00,1,phishtank,-1,0,unknown,0,unknown,0,-1,unknown
https://install-homepage.ghost.io/suite-en/,2026-02-19 10:11:16+00:00,1,phishtank,-1,0,unknown,0,unknown,0,-1,unknown
https://startedstrts.ghost.io/en-trezor/,2026-02-19 10:11:28+00:00,1,phishtank,-1,0,unknown,0,unknown,0,-1,unknown
https://install-homepage.ghost.io/live-app/,2026-02-19 10:11:33+00:00,1,phishtank,-1,0,unknown,0,unknown,0,-1,unknown
https://homepage-portfalio.ghost.io/suite/,2026-02-19 10:17:59+00:00,1,phishtank,-1,0,unknown,0,unknown,0,-1,unknown
https://homepage-global.ghost.io/suite-en-us,2026-02-19 10:18:00+00:00,1,phishtank,-1,0,unknown,0,unknown,0,-1,unknown
https://begin-index.ghost.io/desktop/,2026-02-19 10:18:07+00:00,1,phishtank,-1,0,unknown,0,unknown,0,-1,unknown
https://intro-homepage.ghost.io/start-en-us/,2026-02-19 10:18:08+00:00,1,phishtank,-1,0,unknown,0,unknown,0,-1,unknown
https://started-myapps.ghost.io/enus-start/,2026-02-19 10:18:13+00:00,1,phishtank,-1,0,unknown,0,unknown,0,-1,unknown
https://global-portfolio.ghost.io/en-desktop/,2026-02-19 10:18:17+00:00,1,phishtank,-1,0,unknown,0,unknown,0,-1,unknown
https://homepage-starten.ghost.io/download,2026-02-19 10:18:31+00:00,1,phishtank,-1,0,unknown,0,unknown,0,-1,unknown
https://homepage-portfalio.ghost.io/us-en-start/,2026-02-19 10:18:33+00:00,1,phishtank,-1,0,unknown,0,unknown,0,-1,unknown
https://hardwereen.ghost.io/suite-en/,2026-02-19 10:18:45+00:00,1,phishtank,-1,0,unknown,0,unknown,0,-1,unknown
https://official-webhome.ghost.io/en-suite/,2026-02-19 10:19:06+00:00,1,phishtank,-1,0,unknown,0,unknown,0,-1,unknown
https://publicledgera.ghost.io/start-ladger/,2026-02-19 10:19:25+00:00,1,phishtank,-1,0,unknown,0,unknown,0,-1,unknown
https://homepage-appstart.ghost.io/us-desktop-en/,2026-02-19 10:19:28+00:00,1,phishtank,-1,0,unknown,0,unknown,0,-1,unknown
https://serviceapp.fr/fr/,2026-02-19 10:21:00+00:00,1,phishtank,-1,0,unknown,0,unknown,0,-1,unknown
https://0000066.framer.ai/,2026-02-19 10:29:23+00:00,1,phishtank,-1,0,unknown,0,unknown,0,-1,unknown
https://homepage-appstart.ghost.io/en-desktop/,2026-02-19 10:38:30+00:00,1,phishtank,-1,0,unknown,0,unknown,0,-1,unknown
https://startedenus.ghost.io/starte/,2026-02-19 10:38:36+00:00,1,phishtank,-1,0,unknown,0,unknown,0,-1,unknown
https://startedenus.ghost.io/trezor-suite/,2026-02-19 10:39:33+00:00,1,phishtank,-1,0,unknown,0,unknown,0,-1,unknown
https://startestart.ghost.io/start-en/,2026-02-19 10:40:20+00:00,1,phishtank,-1,0,unknown,0,unknown,0,-1,unknown
https://ipfs.io/ipfs/bafybeieainw6zeiqsqimqfpf7zpiqzucc4q5k6lil6iq27rw7osyfe6dam/,2026-02-19 10:50:56+00:00,1,phishtank,-1,0,unknown,0,unknown,0,-1,unknown
https://plateforme-colis.com/search,2026-02-19 11:38:10+00:00,1,phishtank,-1,0,unknown,0,unknown,0,-1,unknown
https://colis-envoi.com/search,2026-02-19 12:04:48+00:00,1,phishtank,-1,0,unknown,0,unknown,0,-1,unknown
https://9f961b8c-36ca-46d5-addc-92c6b9de3efb-00-15pjtztu9j0ze.janeway.replit.dev,2026-02-19 12:14:47+00:00,1,phishtank,-1,0,unknown,0,unknown,0,-1,unknown
https://webgmxupd.weebly.com/,2026-02-19 12:25:50+00:00,1,phishtank,-1,0,unknown,0,unknown,0,-1,unknown
https://dfdsnfhshfsdhgfyehsdfhdsfs-7478.twil.io/ghdgdge.html,2026-02-19 12:30:12+00:00,1,phishtank,-1,0,unknown,0,unknown,0,-1,unknown
https://goldsmith299.blob.core.windows.net/ild1m5p4ofiy/ixfadbs6.html,2026-02-19 12:39:19+00:00,1,phishtank,-1,0,unknown,0,unknown,0,-1,unknown
https://dmsu69w33edha.cloudfront.net/frnew3/info.php?lp_key=1771506827b1cee2aad45d93058e87810878305571&amp;clickid=d6bgctofi2nc73dqbbgg&amp;jw=y&amp;p=0970501245,2026-02-19 13:23:47+00:00,1,phishtank,-1,0,unknown,0,unknown,0,-1,unknown
https://poczta.kechedor.cyou/payment/a963e9d14484/ipko,2026-02-19 14:14:32+00:00,1,phishtank,-1,0,unknown,0,unknown,0,-1,unknown
https://instrumental-b.com.ar/pa/pin/gov.it/,2026-02-19 14:21:26+00:00,1,phishtank,-1,0,unknown,0,unknown,0,-1,unknown
http://allegro.pl-oferta1353949-sprzedam-imac-m4-16-512.sbs,2026-02-19 14:46:15+00:00,1,phishtank,-1,0,unknown,0,unknown,0,-1,unknown
https://exodusweb3-w.pages.dev,2026-02-19 14:56:40+00:00,1,phishtank,-1,0,unknown,0,unknown,0,-1,unknown
https://exdsweb-us-xrt5.pages.dev,2026-02-19 14:56:47+00:00,1,phishtank,-1,0,unknown,0,unknown,0,-1,unknown
https://securipass24-app.com/,2026-02-19 14:59:52+00:00,1,phishtank,-1,0,unknown,0,unknown,0,-1,unknown
https://tracking.chronor.eu/images/,2026-02-19 15:19:39+00:00,1,phishtank,-1,0,unknown,0,unknown,0,-1,unknown
https://alphaquarryproducts.com/cid-225248-eid-6108144,2026-02-19 15:25:00+00:00,1,phishtank,-1,0,unknown,0,unknown,0,-1,unknown
https://moja-paczka.razbotasff.sbs/payment/2c09325cc49f/bos,2026-02-19 15:40:12+00:00,1,phishtank,-1,0,unknown,0,unknown,0,-1,unknown
https://moja-paczka.razbotasff.sbs/payment/2c09325cc49f/citi,2026-02-19 15:40:13+00:00,1,phishtank,-1,0,unknown,0,unknown,0,-1,unknown
https://moja-paczka.razbotasff.sbs/payment/2c09325cc49f/mbank,2026-02-19 15:40:15+00:00,1,phishtank,-1,0,unknown,0,unknown,0,-1,unknown
https://moja-paczka.razbotasff.sbs/payment/2c09325cc49f/sgb,2026-02-19 15:40:17+00:00,1,phishtank,-1,0,unknown,0,unknown,0,-1,unknown
https://poczta.kechedor.cyou/payment/a963e9d14484/mbank,2026-02-19 15:40:23+00:00,1,phishtank,-1,0,unknown,0,unknown,0,-1,unknown
https://my-site-101849-108286.weeblysite.com,2026-02-19 15:57:02+00:00,1,phishtank,-1,0,unknown,0,unknown,0,-1,unknown
https://paquet-relance.com/search,2026-02-19 16:06:07+00:00,1,phishtank,-1,0,unknown,0,unknown,0,-1,unknown
https://www.mx-pasaporte-citas-sre-gob.com/,2026-02-19 16:52:35+00:00,1,phishtank,-1,0,unknown,0,unknown,0,-1,unknown
https://regula-netflix.com/captcha.php,2026-02-19 17:05:31+00:00,1,phishtank,-1,0,unknown,0,unknown,0,-1,unknown
https://goldsmith299iron.blob.core.windows.net/zs7riphk9vie/amtbp5.html,2026-02-19 17:14:40+00:00,1,phishtank,-1,0,unknown,0,unknown,0,-1,unknown
https://startededge.ghost.io/started-en/,2026-02-19 17:17:51+00:00,1,phishtank,-1,0,unknown,0,unknown,0,-1,unknown
https://open-homepages.ghost.io/en-us-suite/,2026-02-19 17:17:55+00:00,1,phishtank,-1,0,unknown,0,unknown,0,-1,unknown
https://official-suites.zapier.app/us,2026-02-19 17:17:57+00:00,1,phishtank,-1,0,unknown,0,unknown,0,-1,unknown
https://home-event.ghost.io/suite/,2026-02-19 17:18:05+00:00,1,phishtank,-1,0,unknown,0,unknown,0,-1,unknown
https://homepage-iostart.ghost.io/us/,2026-02-19 17:18:11+00:00,1,phishtank,-1,0,unknown,0,unknown,0,-1,unknown
https://started-another.ghost.io/suite-dashboard/,2026-02-19 17:18:19+00:00,1,phishtank,-1,0,unknown,0,unknown,0,-1,unknown
https://startedenus.ghost.io/trezor-start/,2026-02-19 17:18:26+00:00,1,phishtank,-1,0,unknown,0,unknown,0,-1,unknown
https://assets-started.ghost.io/bridge-en/,2026-02-19 17:18:28+00:00,1,phishtank,-1,0,unknown,0,unknown,0,-1,unknown
https://home-advance.ghost.io/bridge-introducing/,2026-02-19 17:18:32+00:00,1,phishtank,-1,0,unknown,0,unknown,0,-1,unknown
https://home-platforms.ghost.io/suite-web/,2026-02-19 17:18:33+00:00,1,phishtank,-1,0,unknown,0,unknown,0,-1,unknown
https://eng-livepage.ghost.io/ledger-live/,2026-02-19 17:18:40+00:00,1,phishtank,-1,0,unknown,0,unknown,0,-1,unknown
https://portfoliostart.ghost.io/trezor-suite/,2026-02-19 17:18:51+00:00,1,phishtank,-1,0,unknown,0,unknown,0,-1,unknown
https://19285764.xyz/dghgwogd/uihty0/rnxo2u,2026-02-19 17:27:13+00:00,1,phishtank,-1,0,unknown,0,unknown,0,-1,unknown
https://rubrique-contester-examiner.info/index.php,2026-02-19 17:30:14+00:00,1,phishtank,-1,0,unknown,0,unknown,0,-1,unknown
https://21439876.xyz/dghgwogd/uihty0/rnxo2u,2026-02-19 17:33:12+00:00,1,phishtank,-1,0,unknown,0,unknown,0,-1,unknown
https://23480796.xyz/dghgwogd/uihty0/rnxo2u,2026-02-19 17:35:13+00:00,1,phishtank,-1,0,unknown,0,unknown,0,-1,unknown
https://35471986.xyz/dghgwogd/uihty0/rnxo2u,2026-02-19 17:43:15+00:00,1,phishtank,-1,0,unknown,0,unknown,0,-1,unknown
https://37824095.xyz/dghgwogd/uihty0/rnxo2u,2026-02-19 17:47:13+00:00,1,phishtank,-1,0,unknown,0,unknown,0,-1,unknown
https://52947183.xyz/dghgwogd/uihty0/rnxo2u,2026-02-19 18:01:15+00:00,1,phishtank,-1,0,unknown,0,unknown,0,-1,unknown
https://70298461.xyz/dghgwogd/uihty0/rnxo2u,2026-02-19 18:15:17+00:00,1,phishtank,-1,0,unknown,0,unknown,0,-1,unknown
http://allegrolokalnie.pl-oferta1353949-sprzedam-imac-m4-16-512.sbs,2026-02-19 18:26:04+00:00,1,phishtank,-1,0,unknown,0,unknown,0,-1,unknown
https://81470526.xyz/dghgwogd/uihty0/rnxo2u,2026-02-19 18:43:18+00:00,1,phishtank,-1,0,unknown,0,unknown,0,-1,unknown
https://reprogrammation-livraison-mondial.com/logi,2026-02-19 20:01:52+00:00,1,phishtank,-1,0,unknown,0,unknown,0,-1,unknown
https://reprogrammation-livraison-mondial.com/,2026-02-19 20:02:03+00:00,1,phishtank,-1,0,unknown,0,unknown,0,-1,unknown
http://paris-suivi-relay.com/,2026-02-19 20:08:35+00:00,1,phishtank,-1,0,unknown,0,unknown,0,-1,unknown
http://tteecc.vercel.app,2026-02-19 20:15:32+00:00,1,phishtank,-1,0,unknown,0,unknown,0,-1,unknown
http://allegrolokalnie.pl-oferta879462.sbs,2026-02-19 22:44:32+00:00,1,phishtank,-1,0,unknown,0,unknown,0,-1,unknown
http://allegrolokalnie.rezerwacja3116743.sbs,2026-02-19 23:07:58+00:00,1,phishtank,-1,0,unknown,0,unknown,0,-1,unknown
https://trezor-hardware-web.gitbook.io/,2026-02-19 23:15:41+00:00,1,phishtank,-1,0,unknown,0,unknown,0,-1,unknown
https://allegro.pl-ogloszenie-id986785397297.cfd,2026-02-20 00:27:31+00:00,1,phishtank,-1,0,unknown,0,unknown,0,-1,unknown
http://allegrolokalnie.pl-63146aurssf7435843jbcddhhvg5263744ffvhfthgu97654.sbs,2026-02-20 00:30:32+00:00,1,phishtank,-1,0,unknown,0,unknown,0,-1,unknown
http://allegrolokalnie.pl-882817kadapew322658nbdaf8742378999hfssxvv0012566.cfd,2026-02-20 00:51:12+00:00,1,phishtank,-1,0,unknown,0,unknown,0,-1,unknown
https://hatads.com.br/wp-content/,2026-02-20 00:56:44+00:00,1,phishtank,-1,0,unknown,0,unknown,0,-1,unknown
https://hhgvjfejhjsfvdjnfdsmkjn9991.webflow.io/,2026-02-20 01:31:39+00:00,1,phishtank,-1,0,unknown,0,unknown,0,-1,unknown
https://style.ykdciqjd.cn/perosnal_member/,2026-02-20 02:20:40+00:00,1,phishtank,-1,0,unknown,0,unknown,0,-1,unknown
https://sncfavantages1-fr.com/,2026-02-20 05:13:00+00:00,1,phishtank,-1,0,unknown,0,unknown,0,-1,unknown
https://secclubs.org/webmail-ionos/,2026-02-20 06:07:40+00:00,1,phishtank,-1,0,unknown,0,unknown,0,-1,unknown
https://eumuslim.net/lobby?sub_id_24=43,2026-02-20 06:16:03+00:00,1,phishtank,-1,0,unknown,0,unknown,0,-1,unknown
https://allegrolokalnie.pl-id38493938.sbs,2026-02-20 06:42:49+00:00,1,phishtank,-1,0,unknown,0,unknown,0,-1,unknown
https://f0zxg.group-rs.it/ccc/?456ty289hyu=45vgi90k2ed&x=sc,2026-02-20 07:15:28+00:00,1,phishtank,-1,0,unknown,0,unknown,0,-1,unknown
https://dnsserv.net/joinweb?sub_id_28=13,2026-02-20 07:25:16+00:00,1,phishtank,-1,0,unknown,0,unknown,0,-1,unknown
https://numerical-part-211799.framer.app/,2026-02-20 07:33:14+00:00,1,phishtank,-1,0,unknown,0,unknown,0,-1,unknown
https://encryptedmail-orgformpostdirsecurereade.webflow.io/,2026-02-20 07:33:18+00:00,1,phishtank,-1,0,unknown,0,unknown,0,-1,unknown
https://sincere-layout-732450.framer.app/,2026-02-20 07:33:21+00:00,1,phishtank,-1,0,unknown,0,unknown,0,-1,unknown
https://sportybetadder-012.weebly.com/,2026-02-20 07:33:24+00:00,1,phishtank,-1,0,unknown,0,unknown,0,-1,unknown
https://officeluxembou.weebly.com/,2026-02-20 07:33:27+00:00,1,phishtank,-1,0,unknown,0,unknown,0,-1,unknown
https://welcomed-lots-848064.framer.app/,2026-02-20 07:33:32+00:00,1,phishtank,-1,0,unknown,0,unknown,0,-1,unknown
https://222srrr.weebly.com/,2026-02-20 07:33:34+00:00,1,phishtank,-1,0,unknown,0,unknown,0,-1,unknown
https://567rgf56.weebly.com/,2026-02-20 07:33:42+00:00,1,phishtank,-1,0,unknown,0,unknown,0,-1,unknown
https://ufmgbr.ukit.me/,2026-02-20 07:34:02+00:00,1,phishtank,-1,0,unknown,0,unknown,0,-1,unknown
https://edf-particulier.net/,2026-02-20 07:55:05+00:00,1,phishtank,-1,0,unknown,0,unknown,0,-1,unknown
http://allegrolokalnie.pl-oferta88742167.sbs,2026-02-20 08:23:14+00:00,1,phishtank,-1,0,unknown,0,unknown,0,-1,unknown
https://allegrolokalnie.38139fs72.sbs/oferta/konsola-playstation-5-slim-1tb-stan-bdb-4315c5,2026-02-20 08:23:20+00:00,1,phishtank,-1,0,unknown,0,unknown,0,-1,unknown
http://allegro.pl-oferta88749167.sbs,2026-02-20 08:23:24+00:00,1,phishtank,-1,0,unknown,0,unknown,0,-1,unknown
http://allegrolokalnie.65432483.top,2026-02-20 08:23:53+00:00,1,phishtank,-1,0,unknown,0,unknown,0,-1,unknown
http://allegrolokalnie.pl-96831.cfd,2026-02-20 08:24:19+00:00,1,phishtank,-1,0,unknown,0,unknown,0,-1,unknown
http://allegrolokalnie.oferta57893242.icu,2026-02-20 08:24:44+00:00,1,phishtank,-1,0,unknown,0,unknown,0,-1,unknown
https://wordpress-1591099-6224223.cloudwaysapps.com/sze/auth/log.php,2026-02-20 08:47:59+00:00,1,phishtank,-1,0,unknown,0,unknown,0,-1,unknown
https://allegrolokainie.pl-aukcja95478124.cfd,2026-02-20 09:54:56+00:00,1,phishtank,-1,0,unknown,0,unknown,0,-1,unknown
http://allegro.pl-aukcja68914.cfd,2026-02-20 09:55:09+00:00,1,phishtank,-1,0,unknown,0,unknown,0,-1,unknown
https://allegrolokalne.pl-kategoria9578124.cfd,2026-02-20 09:55:12+00:00,1,phishtank,-1,0,unknown,0,unknown,0,-1,unknown
http://allegrolokalnie.pl-aukcja95478124.cfd,2026-02-20 09:55:19+00:00,1,phishtank,-1,0,unknown,0,unknown,0,-1,unknown
http://allegrolokalnie.pl-aukcja68914.cfd,2026-02-20 09:55:28+00:00,1,phishtank,-1,0,unknown,0,unknown,0,-1,unknown
http://allegrolokainie.pl-aukcja957813.cfd,2026-02-20 10:02:55+00:00,1,phishtank,-1,0,unknown,0,unknown,0,-1,unknown
https://217-160-164-192.cprapid.com/de/shippingdata.php,2026-02-20 10:04:22+00:00,1,phishtank,-1,0,unknown,0,unknown,0,-1,unknown
https://217-160-164-192.cprapid.com/de/kasse.php,2026-02-20 10:04:38+00:00,1,phishtank,-1,0,unknown,0,unknown,0,-1,unknown
https://securipass-app24.com/start.php,2026-02-20 10:15:51+00:00,1,phishtank,-1,0,unknown,0,unknown,0,-1,unknown
https://securipass-app24.com/,2026-02-20 10:16:02+00:00,1,phishtank,-1,0,unknown,0,unknown,0,-1,unknown
https://o-ne-o-n-l-i-n-e25-one.adm.ibsystem.com.br/onefkl/cfc543765744321688/bsb667/?verified=1,2026-02-20 10:26:13+00:00,1,phishtank,-1,0,unknown,0,unknown,0,-1,unknown
https://booking.thelifesports.in/assets/scss/icons/flag-icon-css/,2026-02-20 10:29:44+00:00,1,phishtank,-1,0,unknown,0,unknown,0,-1,unknown
https://booking.thelifesports.in/assets/scss/icons/flag-icon-css,2026-02-20 10:30:11+00:00,1,phishtank,-1,0,unknown,0,unknown,0,-1,unknown
https://livraison-prioritaire.com/search,2026-02-20 11:10:13+00:00,1,phishtank,-1,0,unknown,0,unknown,0,-1,unknown
https://www.louqinqin.com/,2026-02-20 11:11:17+00:00,1,phishtank,-1,0,unknown,0,unknown,0,-1,unknown
https://olx-pl.rasetoin.cfd/payment/cb24a80d0205,2026-02-20 11:12:58+00:00,1,phishtank,-1,0,unknown,0,unknown,0,-1,unknown
https://livraison-direct.com/search,2026-02-20 11:29:35+00:00,1,phishtank,-1,0,unknown,0,unknown,0,-1,unknown
https://livraison-direct.com/,2026-02-20 11:29:44+00:00,1,phishtank,-1,0,unknown,0,unknown,0,-1,unknown
https://bestchangesru.com/,2026-02-20 11:53:20+00:00,1,phishtank,-1,0,unknown,0,unknown,0,-1,unknown
https://panini.urge-735.pro/as.php,2026-02-20 12:03:39+00:00,1,phishtank,-1,0,unknown,0,unknown,0,-1,unknown
https://porc.urge-735.pro/as.php,2026-02-20 12:04:26+00:00,1,phishtank,-1,0,unknown,0,unknown,0,-1,unknown
https://porc.urge-735.pro/,2026-02-20 12:04:34+00:00,1,phishtank,-1,0,unknown,0,unknown,0,-1,unknown
https://bellsouth-att-sign-in-bc4fb7.webflow.io/,2026-02-20 12:21:22+00:00,1,phishtank,-1,0,unknown,0,unknown,0,-1,unknown
https://kundenservice-bw.patriscalamaresdone.online/mailservice/,2026-02-20 12:30:14+00:00,1,phishtank,-1,0,unknown,0,unknown,0,-1,unknown
https://started-explore.ghost.io/suite-enus/,2026-02-20 12:45:16+00:00,1,phishtank,-1,0,unknown,0,unknown,0,-1,unknown
https://eng-homes.ghost.io/suite/,2026-02-20 12:45:17+00:00,1,phishtank,-1,0,unknown,0,unknown,0,-1,unknown
https://setup-home.ghost.io/bridge-enus/,2026-02-20 12:45:20+00:00,1,phishtank,-1,0,unknown,0,unknown,0,-1,unknown
https://started-explore.ghost.io/en-start/,2026-02-20 12:45:41+00:00,1,phishtank,-1,0,unknown,0,unknown,0,-1,unknown
https://home-install.ghost.io/app-en/,2026-02-20 12:45:44+00:00,1,phishtank,-1,0,unknown,0,unknown,0,-1,unknown
https://homestartd.ghost.io/exodus-en-us/,2026-02-20 12:45:45+00:00,1,phishtank,-1,0,unknown,0,unknown,0,-1,unknown
https://started-another.ghost.io/desktop/,2026-02-20 12:45:57+00:00,1,phishtank,-1,0,unknown,0,unknown,0,-1,unknown
https://kuyumcufikri.fiyatservisi.com/storage/,2026-02-20 12:50:36+00:00,1,phishtank,-1,0,unknown,0,unknown,0,-1,unknown
http://allegrolokalnie.ra734hgf34jd.sbs,2026-02-20 12:55:29+00:00,1,phishtank,-1,0,unknown,0,unknown,0,-1,unknown
https://relais-colis24.com/search,2026-02-20 12:57:39+00:00,1,phishtank,-1,0,unknown,0,unknown,0,-1,unknown
https://paquet-achemine.com/,2026-02-20 13:09:00+00:00,1,phishtank,-1,0,unknown,0,unknown,0,-1,unknown
https://sibegacan.z21.web.core.windows.net/,2026-02-20 13:10:54+00:00,1,phishtank,-1,0,unknown,0,unknown,0,-1,unknown
https://resourceery.zhidas.cn/tepygtcap/yxqfqind,2026-02-20 13:11:26+00:00,1,phishtank,-1,0,unknown,0,unknown,0,-1,unknown
https://brilmexa.com/xxygs32wql,2026-02-20 13:11:58+00:00,1,phishtank,-1,0,unknown,0,unknown,0,-1,unknown
https://paquet-express24.com/search,2026-02-20 13:17:27+00:00,1,phishtank,-1,0,unknown,0,unknown,0,-1,unknown
https://jambon.direc-9472.pro/,2026-02-20 14:01:34+00:00,1,phishtank,-1,0,unknown,0,unknown,0,-1,unknown
https://panini.direc-9472.pro/as.php,2026-02-20 14:01:48+00:00,1,phishtank,-1,0,unknown,0,unknown,0,-1,unknown
https://poulet.direc-9472.pro/,2026-02-20 14:02:54+00:00,1,phishtank,-1,0,unknown,0,unknown,0,-1,unknown
https://homestartd.ghost.io/exodus-en-us,2026-02-20 14:47:27+00:00,1,phishtank,-1,0,unknown,0,unknown,0,-1,unknown
https://pl-mold.info/,2026-02-20 14:51:13+00:00,1,phishtank,-1,0,unknown,0,unknown,0,-1,unknown
https://securipass-app13.com/start.php,2026-02-20 15:35:32+00:00,1,phishtank,-1,0,unknown,0,unknown,0,-1,unknown
https://securipass-app13.com/,2026-02-20 15:35:41+00:00,1,phishtank,-1,0,unknown,0,unknown,0,-1,unknown
https://dkbinge-banking.91-218-65-223.plesk.page/auth/login.php,2026-02-20 16:30:12+00:00,1,phishtank,-1,0,unknown,0,unknown,0,-1,unknown
https://translation-service-houston.com/085c48/en/dite/login.php,2026-02-20 16:30:21+00:00,1,phishtank,-1,0,unknown,0,unknown,0,-1,unknown
https://translation-service-houston.com/41967e/de/eu/login.php,2026-02-20 16:30:23+00:00,1,phishtank,-1,0,unknown,0,unknown,0,-1,unknown
https://doctolib-consultation.com/captcha.php,2026-02-20 17:39:28+00:00,1,phishtank,-1,0,unknown,0,unknown,0,-1,unknown
https://acessoconvitesprincipal.com/home.php,2026-02-20 19:03:47+00:00,1,phishtank,-1,0,unknown,0,unknown,0,-1,unknown
https://app.contapj.net,2026-02-20 19:03:50+00:00,1,phishtank,-1,0,unknown,0,unknown,0,-1,unknown
https://onlineprincipalupgrade.com/home.php,2026-02-20 19:03:51+00:00,1,phishtank,-1,0,unknown,0,unknown,0,-1,unknown
https://redirige-colis.com/search,2026-02-20 20:22:58+00:00,1,phishtank,-1,0,unknown,0,unknown,0,-1,unknown
https://redirige-colis.com/,2026-02-20 20:23:07+00:00,1,phishtank,-1,0,unknown,0,unknown,0,-1,unknown
https://livraison-dispatch.com/index.php,2026-02-20 20:35:28+00:00,1,phishtank,-1,0,unknown,0,unknown,0,-1,unknown
http://allegro.88g8g882.cfd/?id=3l8x4q0g2p0s0x6k7n9t1e3w9t3s1h3d,2026-02-20 21:29:58+00:00,1,phishtank,-1,0,unknown,0,unknown,0,-1,unknown
http://allegrolokalnie.pl-ogloszenie-id5967429337.cyou/oferta/g%c5%82o%c5%9bniki-pod%c5%82ogowe---dali-oberon-5/6bjog6mhjnehde70k2e9ang90028g8,2026-02-20 21:46:59+00:00,1,phishtank,-1,0,unknown,0,unknown,0,-1,unknown
http://paychex.weebly.com,2026-02-20 22:44:12+00:00,1,phishtank,-1,0,unknown,0,unknown,0,-1,unknown
http://allegrolokalnie.pl-oferta2833728273.sbs/?id=ac2ggo941onnij4dmfhje63o05f3ca,2026-02-20 23:45:40+00:00,1,phishtank,-1,0,unknown,0,unknown,0,-1,unknown
https://www.oliver.gabassi.com.br/.00bb00bbbbhome/,2026-02-21 02:45:37+00:00,1,phishtank,-1,0,unknown,0,unknown,0,-1,unknown
https://www.oliver.gabassi.com.br/.00bb00bbbbhome/login1.php,2026-02-21 02:46:09+00:00,1,phishtank,-1,0,unknown,0,unknown,0,-1,unknown
https://regalmerge.mypi.co/.c20/?email=email@address.hu,2026-02-21 02:47:49+00:00,1,phishtank,-1,0,unknown,0,unknown,0,-1,unknown
https://oliver.gabassi.com.br/.00bb00bbbbhome/login1.php,2026-02-21 03:12:40+00:00,1,phishtank,-1,0,unknown,0,unknown,0,-1,unknown
https://oliver.gabassi.com.br/.00bb00bbbbhome/login2.php,2026-02-21 03:13:09+00:00,1,phishtank,-1,0,unknown,0,unknown,0,-1,unknown
https://gedmni.zeabur.app/,2026-02-21 03:23:31+00:00,1,phishtank,-1,0,unknown,0,unknown,0,-1,unknown
http://allegro.pl-ogloszenie-id9456323493.cyou,2026-02-21 03:55:33+00:00,1,phishtank,-1,0,unknown,0,unknown,0,-1,unknown
https://telamrgrm.top/jp/,2026-02-21 04:12:18+00:00,1,phishtank,-1,0,unknown,0,unknown,0,-1,unknown
https://hellzword.top/jp/,2026-02-21 05:07:04+00:00,1,phishtank,-1,0,unknown,0,unknown,0,-1,unknown
https://ldmnqz.top/jp/,2026-02-21 06:37:07+00:00,1,phishtank,-1,0,unknown,0,unknown,0,-1,unknown
https://kdeslak.top/jp/,2026-02-21 06:37:27+00:00,1,phishtank,-1,0,unknown,0,unknown,0,-1,unknown
https://mumudevice.top/jp/,2026-02-21 06:37:48+00:00,1,phishtank,-1,0,unknown,0,unknown,0,-1,unknown
https://gooelrgtrnaslet.top/jp/,2026-02-21 06:37:57+00:00,1,phishtank,-1,0,unknown,0,unknown,0,-1,unknown
https://safewem.top/jp/,2026-02-21 06:38:06+00:00,1,phishtank,-1,0,unknown,0,unknown,0,-1,unknown
https://safewzm.top/jp/,2026-02-21 06:38:16+00:00,1,phishtank,-1,0,unknown,0,unknown,0,-1,unknown
https://telgrlanm.top/jp/,2026-02-21 06:39:07+00:00,1,phishtank,-1,0,unknown,0,unknown,0,-1,unknown
https://benebang.com/y1vomrkrg6,2026-02-21 06:39:17+00:00,1,phishtank,-1,0,unknown,0,unknown,0,-1,unknown
https://bravlixo.com/y1vomrkrg6,2026-02-21 06:39:38+00:00,1,phishtank,-1,0,unknown,0,unknown,0,-1,unknown
https://emaube.com/y1vomrkrg6,2026-02-21 06:40:11+00:00,1,phishtank,-1,0,unknown,0,unknown,0,-1,unknown
https://fexnora.com/y1vomrkrg6,2026-02-21 06:40:21+00:00,1,phishtank,-1,0,unknown,0,unknown,0,-1,unknown
https://gorlixo.com/y1vomrkrg6,2026-02-21 06:40:52+00:00,1,phishtank,-1,0,unknown,0,unknown,0,-1,unknown
https://hometraderuae.com/y1vomrkrg6,2026-02-21 06:41:34+00:00,1,phishtank,-1,0,unknown,0,unknown,0,-1,unknown
https://slimidealherbal.com/y1vomrkrg6,2026-02-21 06:42:13+00:00,1,phishtank,-1,0,unknown,0,unknown,0,-1,unknown
https://sifangkayuanwang.com/y1vomrkrg6,2026-02-21 06:42:39+00:00,1,phishtank,-1,0,unknown,0,unknown,0,-1,unknown
https://zksfyx.com/y1vomrkrg6,2026-02-21 06:43:01+00:00,1,phishtank,-1,0,unknown,0,unknown,0,-1,unknown
https://carte-biometrique-sante.com/,2026-02-21 07:23:24+00:00,1,phishtank,-1,0,unknown,0,unknown,0,-1,unknown
https://uzbanql.com/,2026-02-21 07:26:02+00:00,1,phishtank,-1,0,unknown,0,unknown,0,-1,unknown
https://public-renouv-carte.com/app/index.php,2026-02-21 08:11:52+00:00,1,phishtank,-1,0,unknown,0,unknown,0,-1,unknown
https://heyqbak.com/,2026-02-21 08:14:10+00:00,1,phishtank,-1,0,unknown,0,unknown,0,-1,unknown
https://jienzac.com/,2026-02-21 08:14:43+00:00,1,phishtank,-1,0,unknown,0,unknown,0,-1,unknown
https://set-started.ghost.io/suite-official/,2026-02-21 08:19:44+00:00,1,phishtank,-1,0,unknown,0,unknown,0,-1,unknown
https://conecty-sn.com/,2026-02-21 09:13:43+00:00,1,phishtank,-1,0,unknown,0,unknown,0,-1,unknown
https://34155dh8.org/mobile/index.html,2026-02-21 11:40:53+00:00,1,phishtank,-1,0,unknown,0,unknown,0,-1,unknown
